"","feature","symbol","human_ortholog","gene_title","chr","source","gene_name","uniprot"
"Trygn16","Trygn16","Prss1","PRSS1","serine protease 1 (trypsin 1)","6","org.Mm.eg.db","Trygn16","B9EJ35;Q9Z1R9"
"Try4","Try4","Prss3","PRSS3","serine protease 3","6","org.Mm.eg.db","Try4","Q3V2G3;Q4G0C2;Q792Z0"
"Prss2","Prss2","Prss2","PRSS2","serine protease 2","6","org.Mm.eg.db","Prss2","P07146;Q3V2E0;Q792Y6"
"Reg1","Reg1","Reg1;Zc3h12a","REG1A","regenerating islet-derived 1; zinc finger CCCH type containing 12A","6;4","org.Mm.eg.db","Reg1","P43137;Q3TV26;Q3U8J3;Q3UE76;Q5D1E7;Q8JZW9;Q922T4"
"Ela3b","Ela3b","Cela3b","CELA3B","chymotrypsin-like elastase family, member 3B","4","org.Mm.eg.db","Ela3b","Q7TNI0;Q9CQ52;Q9D7T9"
"Cuzd1","Cuzd1","Cuzd1","CUZD1","CUB and zona pellucida-like domains 1","7","org.Mm.eg.db","Cuzd1","B2RU69;P70412;Q9CTZ7"
"Cel","Cel","Cel","CEL","carboxyl ester lipase","2","org.Mm.eg.db","Cel","Q3V2H7;Q64285;Q922R3"
"Cpa1","Cpa1","Cpa1","CPA1","carboxypeptidase A1, pancreatic","6","org.Mm.eg.db","Cpa1","Q7TPZ8"
"Ctrl","Ctrl","Ctrl","CTRL","chymotrypsin-like","8","org.Mm.eg.db","Ctrl","Q9D7P8;Q9D960;Q9ER05"
"Gp2","Gp2","Gp2","GP2","glycoprotein 2 zymogen granule membrane","7","org.Mm.eg.db","Gp2","A0A0R4J0B9;Q9D733"
"Spink3","Spink3","Spink1","SPINK1","serine peptidase inhibitor, Kazal type 1","18","org.Mm.eg.db","Spink3","P09036;Q5M9M3"
"2210010C04Rik","2210010C04Rik","Prss3b","","serine protease 3B","6","org.Mm.eg.db","2210010C04Rik","Q9CPN9;Q9D7Y7"
"Fsp27","Fsp27","Cidec","CIDEC","cell death-inducing DFFA-like effector c","6","org.Mm.eg.db","Fsp27","P56198;Q499X5;Q8BNV7;E9QMZ0"
"Sqle","Sqle","Sqle","SQLE","squalene epoxidase","15","org.Mm.eg.db","Sqle","P52019;Q3TQK8;Q3TSS7"
"Sprr1a","Sprr1a","Sprr1a","SPRR1A","small proline-rich protein 1A","3","org.Mm.eg.db","Sprr1a","Q3UMN4;Q62266"
"Fmo3","Fmo3","Fmo3","FMO3","flavin containing monooxygenase 3","1","org.Mm.eg.db","Fmo3","P97501;Q3UEN4"
"Ubd","Ubd","Ubd","UBD","ubiquitin D","17","org.Mm.eg.db","Ubd","P63072;Q4FJZ5;Q9WV10"
"Clca3","Clca3","Clca1","CLCA1","chloride channel accessory 1","3","org.Mm.eg.db","Clca3","O88826;Q8R049;Q9D7Z6"
"Eml5","Eml5","Eml5","EML5","echinoderm microtubule associated protein like 5","12","org.Mm.eg.db","Eml5","B2RY88;Q8BQM8;Q8BRL0;Q8R2W0"
"Ly6d","Ly6d","Ly6d","LY6D","lymphocyte antigen 6 family member D","15","org.Mm.eg.db","Ly6d","P35459"
"4933425F03Rik","4933425F03Rik","Scara5","SCARA5","scavenger receptor class A, member 5","14","org.Mm.eg.db","4933425F03Rik","Q8K299;Q8BZZ2;Q8R330;Q91WD6;Q9CUC3;Q9D4G8"
"Arpc3","Arpc3","Arpc3","ARPC3","actin related protein 2/3 complex, subunit 3","5","org.Mm.eg.db","Arpc3","H7BWZ3;Q3TAT0;Q9JM76"
"Nnmt","Nnmt","Nnmt","NNMT","nicotinamide N-methyltransferase","9","org.Mm.eg.db","Nnmt","D3YX59;O55239;Q9D9X3"
"Myh2","Myh2","Myh2","MYH2","myosin, heavy polypeptide 2, skeletal muscle, adult","11","org.Mm.eg.db","Myh2","B2RWX0;G3UW82"
"Sdcbp2","Sdcbp2","Trappc4;Sdcbp2","TRAPPC4","trafficking protein particle complex 4; syndecan binding protein (syntenin) 2","9;2","org.Mm.eg.db","Sdcbp2","Q3V493;Q544R8;Q9DB31;Q9ES56;Q3UN51;Q99JZ0"
"Agr2","Agr2","Agr2","AGR2","anterior gradient 2","12","org.Mm.eg.db","Agr2","A2CGA2;O88312"
"5330410G16Rik","5330410G16Rik","Tmem59l","TMEM59L","transmembrane protein 59-like","8","org.Mm.eg.db","5330410G16Rik","Q7TNI2"
"Hamp","Hamp","Hamp","HAMP","hepcidin antimicrobial peptide","7","org.Mm.eg.db","Hamp","Q9EQ21"
"Slpi","Slpi","Slpi","SLPI","secretory leukocyte peptidase inhibitor","2","org.Mm.eg.db","Slpi","O09081;O09082;P97430;Q548X8"
"Il22ra2","Il22ra2","Il22ra2","IL22RA2","interleukin 22 receptor, alpha 2","10","org.Mm.eg.db","Il22ra2","Q08AV1;Q3UTW4;Q3UU14;Q3V3G3;Q7TNI5;Q80XF5"
"Defb1","Defb1","Defb1","DEFB1","defensin beta 1","8","org.Mm.eg.db","Defb1","P56386;Q3UQE2"
"Aicda","Aicda","Aicda","AICDA","activation-induced cytidine deaminase","6","org.Mm.eg.db","Aicda","Q8NHF9;Q9WVE0"
"Krt1-23","Krt1-23","Krt31c;Krt1","","keratin 31 complex; keratin 1","15","org.Mm.eg.db","Krt1-23","P04104;Q149E0;Q9D2K8"
"A430081C19Rik","A430081C19Rik","Agbl2","AGBL2","ATP/GTP binding protein-like 2","2","org.Mm.eg.db","A430081C19Rik","A0A0B4J1L6;A2AH35;Q09M08;Q09M09;Q09M10;Q09M11;Q09M12;Q8C529;Q8C9X4;Q8CDE6;Q8CDF6;Q8CDK2;Q8CDQ1"
"Col1a1","Col1a1","Col1a1","COL1A1","collagen, type I, alpha 1","11","org.Mm.eg.db","Col1a1","P11087;Q53WT0;Q60635;Q61367;Q61427;Q63919;Q6PCL3;Q810J9"
"Pap","Pap","Asap1;Acp3;Papolb;Mrps30;Tusc2;Asap2;Pdap1","ASAP1","ArfGAP with SH3 domain, ankyrin repeat and PH domain1; acid phosphatase 3; poly (A) polymerase beta (testis specific); mitochondrial ribosomal protein S30; tumor suppressor 2, mitochondrial calcium regulator; ArfGAP with SH3 domain, ankyrin repeat and PH domain 2; PDGFA associated protein 1","15;9;5;13;12","org.Mm.eg.db","Pap","H3BKE6;Q3UJA5;E9QN63;H3BL41;E9QMJ1;E9QMI7;O08612;Q505F0;Q80TG8;Q80UV6;Q99LV8;Q9QWY8;Q9Z2B6;H3BJY2;H3BKD4;A4QPG2;B8JJZ5;B8JJZ6;Q8C682;Q8CE08;Q9QXH7;A1L349;Q9R1R3;Q9WVP6;B2KF79;Q3U9U4;Q9CYS8;Q9D0G0;Q9JJQ2;A0A0A6YWP5;Q542N4;Q9WVF8;D3YX85;Q3UH05;Q501K1;Q66JN2;Q7SIG6;E9PX52;Q3UH27;A0JLS1;B2RTB0;Q3KQJ5;Q3UHX2"
"Spp1","Spp1","Spp1","SPP1","secreted phosphoprotein 1","5","org.Mm.eg.db","Spp1","Q3UBR1;Q3UZY3;F8WIP8;P10923;P19008;Q547B5;Q91VH4"
"Mmp12","Mmp12","Mmp12","MMP12","matrix metallopeptidase 12","9","org.Mm.eg.db","Mmp12","P34960;Q3TCW6;Q3TB28;Q3TBV6;Q3TBV9;Q3TD61;Q3U1S8;Q3U1S9;Q3U2R8;Q3UBC5;Q4FJM7;Q8BJ92;Q8BJB3;Q8BJB6;Q8BJB8;Q8BJB9;Q8VED6"
"Gsta2","Gsta2","Gsta2","GSTA5","glutathione S-transferase, alpha 2 (Yc2)","9","org.Mm.eg.db","Gsta2","P10648;Q6P8Q1;Q8K0V9"
"Cnga1","Cnga1","Cnga1","CNGA1","cyclic nucleotide gated channel alpha 1","5","org.Mm.eg.db","Cnga1","B9EJ09;P29974;Q60776"
"Cpb1","Cpb1","Capzb","CAPZB","capping actin protein of muscle Z-line subunit beta","4","org.Mm.eg.db","Cpb1","A2AMV7;P47757;Q3TVK4;Q923G3"
"Saa3","Saa3","Saa3","","serum amyloid A 3","7","org.Mm.eg.db","Saa3","P04918;Q62201"
"Gprc2a","Gprc2a","Casr","CASR","calcium-sensing receptor","16","org.Mm.eg.db","Gprc2a","G3UX06;O08968;O88519;Q9QY95;Q9QY96;Q9QZU8;Q9R1D6;Q9R1Y2"
"Prkaa2","Prkaa2","Prkaa2","PRKAA2","protein kinase, AMP-activated, alpha 2 catalytic subunit","4","org.Mm.eg.db","Prkaa2","B1ASQ8;Q3UYM4;Q8BRK8"
"Adpn","Adpn","Pnpla3","PNPLA3","patatin-like phospholipase domain containing 3","15","org.Mm.eg.db","Adpn","Q91WW7;E9QNZ9"
"Fgl1","Fgl1","Fgl1","FGL1","fibrinogen-like protein 1","8","org.Mm.eg.db","Fgl1","A0A0R4J0E1;Q71KU9;Q8VC25"
"4933428D01Rik","4933428D01Rik","Dydc2","DYDC2","DPY30 domain containing 2","14","org.Mm.eg.db","4933428D01Rik","Q9D3X8"
"Pnliprp2","Pnliprp2","Pnliprp2","PNLIPRP2","pancreatic lipase-related protein 2","19","org.Mm.eg.db","Pnliprp2","P17892;Q4VBW7"
"Mmp13","Mmp13","Mmp13","MMP13","matrix metallopeptidase 13","9","org.Mm.eg.db","Mmp13","P33435;Q3U5R7;Q3U9V5"
"Semcap2","Semcap2","Gipc2","GIPC2","GIPC PDZ domain containing family, member 2","3","org.Mm.eg.db","Semcap2","Q9CVG2;Q9Z2H7"
"S100a8","S100a8","S100a8","S100A8","S100 calcium binding protein A8 (calgranulin A)","3","org.Mm.eg.db","S100a8","P27005;P31724;Q53X15"
"Fasn","Fasn","Fasn","FASN","fatty acid synthase","11","org.Mm.eg.db","Fasn","B1ATU8;P19096;Q3UHT6;Q6PB72;Q8C4Z0;Q9EQR0"
"Saa1","Saa1","Saa1;Saa2","SAA1","serum amyloid A 1; serum amyloid A 2","7","org.Mm.eg.db","Saa1","P05366;Q5I0U6;Q64454;Q8R3T4;P05367;P97375"
"Ins1","Ins1","Ins1","","insulin I","19","org.Mm.eg.db","Ins1","P01325;Q545I7;Q9D907"
"Ins2","Ins2","Ins2","INS","insulin II","7","org.Mm.eg.db","Ins2","D0EY27;P01326;Q5EEX1"
"Gcg","Gcg","Gcg","GCG","glucagon","2","org.Mm.eg.db","Gcg","A2AS86;P55095;Q3UFE9"
"Cckar","Cckar","Cckar","CCKAR","cholecystokinin A receptor","5","org.Mm.eg.db","Cckar","Q3TPL0;O08786;Q8VCC7;Q9DBV6"
"Irg1","Irg1","Acod1","ACOD1","aconitate decarboxylase 1","14","org.Mm.eg.db","Irg1","A0A0R4J027;P54987;Q3TAA1;Q3U8E8;Q8CBA6"
"Osbpl3","Osbpl3","Osbpl3","OSBPL3","oxysterol binding protein-like 3","6","org.Mm.eg.db","Osbpl3","F8WH20;Q80UX3;D3YTT6;E9QNI5;Q9DBS9;D3Z194"
"Trf3","Trf3","Tbpl2","TBPL2","TATA box binding protein like 2","2","org.Mm.eg.db","Trf3","B7ZMZ6;Z4YMT0;A2AQK6;Q498A1;Q6SJ95"
"Cat","Cat","cac","","recessive cataract",NA,"org.Mm.eg.db","Cat",NA
"Itln","Itln","Itln1","ITLN1","intelectin 1 (galactofuranose binding)","1","org.Mm.eg.db","Itln","B9EK97;D9J349;O88310;Q5IWS3"
"Ccl5","Ccl5","Ccl5","CCL5","C-C motif chemokine ligand 5","11","org.Mm.eg.db","Ccl5","P30882;Q5XZF2"
"2900010J23Rik","2900010J23Rik","Swi5","SWI5","SWI5 recombination repair homolog (yeast)","2","org.Mm.eg.db","2900010J23Rik","A0A0A0MQ99"
"BC051083","BC051083","Mtmr11","MTMR11","myotubularin related protein 11",NA,"org.Mm.eg.db","BC051083","Q3V1L6;Q80UV0;Q8CG88"
"Ctrc","Ctrc","Ctrc","CTRC","chymotrypsin C","4","org.Mm.eg.db","Ctrc","Q3SYP2"
"Clps","Clps","Clps","CLPS","colipase, pancreatic","17","org.Mm.eg.db","Clps","B2KF29;Q8VHR2;Q8VHR3;Q9CQC2;Q9D2R7"
"Tm4sf3","Tm4sf3","Tspan8","TSPAN8","tetraspanin 8","10","org.Mm.eg.db","Tm4sf3","Q8R3G9"
"C8b","C8b","C8b","C8B","complement component 8, beta polypeptide","4","org.Mm.eg.db","C8b","Q8BH35;Q4VAH1;Q8CHJ5;Q8CHJ6;Q8VC14"
"Atp2a1","Atp2a1","Atp2a1","ATP2A1","ATPase, Ca++ transporting, cardiac muscle, fast twitch 1","7","org.Mm.eg.db","Atp2a1","Q8R429"
"Fdps","Fdps","Fdps","FDPS","farnesyl diphosphate synthetase","3","org.Mm.eg.db","Fdps","Q3TMB3;Q3US29;Q5M8R9;Q4FJN9;Q920E5"
"2310079P10Rik","2310079P10Rik","Tmem182","TMEM182","transmembrane protein 182","1","org.Mm.eg.db","2310079P10Rik","B2RVY9"
"Siglec5","Siglec5","Siglece;Siglecf","SIGLEC9","sialic acid binding Ig-like lectin E; sialic acid binding Ig-like lectin F","7","org.Mm.eg.db","Siglec5","E9QMD1;Q6PJ50;Q91Y57;B7ZN64;Q80ZE2;Q920G3"
"Igfbp2","Igfbp2","Igfbp2","IGFBP2","insulin-like growth factor binding protein 2","1","org.Mm.eg.db","Igfbp2","D3YU40;P47877;Q61722;Q91VK7;Q9D057"
"2610507B11Rik","2610507B11Rik","Bltp2","BLTP2","bridge-like lipid transfer protein family member 2","11","org.Mm.eg.db","2610507B11Rik","Q3UE65;Q5SYL3;Q66JY1;Q6DIC4;Q80U77;Q8C1W6;Q8CE06;Q8CGE3;Q9CSS8"
"Ccl4","Ccl4","Ccl4","CCL4","C-C motif chemokine ligand 4","11","org.Mm.eg.db","Ccl4","P14097;Q5QNV9"
"Sycn","Sycn","Sycn","SYCN","syncollin","7","org.Mm.eg.db","Sycn","Q8VCK7"
"Dnaic1","Dnaic1","Dnai1","DNAI1","dynein axonemal intermediate chain 1","4","org.Mm.eg.db","Dnaic1","A2ANP4;Q8BKY5;Q8C0M8"
"Myl1","Myl1","Myl1","MYL1","myosin, light polypeptide 1","1","org.Mm.eg.db","Myl1","Q545G5;Q6PCW9;P05977;P05978;Q545T7;E9PWG4"
"Ccl3","Ccl3","Ccl3","CCL3L3","C-C motif chemokine ligand 3","11","org.Mm.eg.db","Ccl3","P10855;P14096;Q5QNW0"
"Try3","Try3","Prss3","PRSS3","serine protease 3",NA,"org.Mm.eg.db","Try3","Q3V2G3;Q4G0C2;Q792Z0"
"Mapk1","Mapk1","Mapk1","MAPK1","mitogen-activated protein kinase 1","16","org.Mm.eg.db","Mapk1","P27703;P63085;Q3UF82;Q3V1U6"
"E130318E12Rik","E130318E12Rik","Rabif","RABIF","RAB interacting factor","1","org.Mm.eg.db","E130318E12Rik","Q3U1A4;Q3U2X4;Q91X96"
"Egfr","Egfr","Egfr","EGFR","epidermal growth factor receptor","11","org.Mm.eg.db","Egfr","Q5SVE9;Q9ERV6;Q9WVF5;Q01279;Q9EP98"
"Dnttip1","Dnttip1","Dnttip1","DNTTIP1","deoxynucleotidyltransferase, terminal, interacting protein 1","2","org.Mm.eg.db","Dnttip1","Q3THA4;Q99LB0"
"4930583C14Rik","4930583C14Rik","Gstt4","GSTT4","glutathione S-transferase, theta 4","10","org.Mm.eg.db","4930583C14Rik","Q9D4P7"
"Adam8","Adam8","Adam8","ADAM8","a disintegrin and metallopeptidase domain 8","7","org.Mm.eg.db","Adam8","Q3TVN5;Q3U1R3;Q3U6N3;Q3U7G2;Q8R3D3;Q05910;Q3U1J7;E9Q359;Q8C269"
"4930444A19Rik","4930444A19Rik","4930444A19Rik;Ankrd44","","RIKEN cDNA 4930444A19 gene; ankyrin repeat domain 44","1","org.Mm.eg.db","4930444A19Rik","B2RXN6;B2RXR6;B7ZWK8;E9QNQ2"
"2700017M01Rik","2700017M01Rik","Ppme1","PPME1","protein phosphatase methylesterase 1","7","org.Mm.eg.db","2700017M01Rik","Q3U392;Q3UJX8;Q3UKE0;Q8BVQ5;Q8K311;Q91YR8;Q9CSP7"
"Apobec2","Apobec2","Apobec2","APOBEC2","apolipoprotein B mRNA editing enzyme, catalytic polypeptide 2","17","org.Mm.eg.db","Apobec2","Q9WV35"
"Car9","Car9","Car9","CA9","carbonic anhydrase 9","4","org.Mm.eg.db","Car9","Q3UUZ9;Q8K1G1;Q8VDE4;Q8VHB5"
"Mybpc2","Mybpc2","Mybpc2","MYBPC2","myosin binding protein C, fast-type","7","org.Mm.eg.db","Mybpc2","Q5XKE0;Q8C109;Q8K2V0"
"Pdk4","Pdk4","Pdk4","PDK4","pyruvate dehydrogenase kinase, isoenzyme 4","6","org.Mm.eg.db","Pdk4","O70571;Q544J2"
"Acly","Acly","Acly","ACLY","ATP citrate lyase","11","org.Mm.eg.db","Acly","Q3TED3;Q3V117;Q91V92"
"Ccl2","Ccl2","Ccl2","CCL13","C-C motif chemokine ligand 2","11","org.Mm.eg.db","Ccl2","P10148;Q3U5S8;Q5SVU3;Q9QYD7"
"Ugt8","Ugt8","Ugt8a","UGT8","UDP galactosyltransferase 8A","3","org.Mm.eg.db","Ugt8","Q61634;Q64676;Q91W57"
"Ggt1","Ggt1","Ggt1","GGT1","gamma-glutamyltransferase 1","10","org.Mm.eg.db","Ggt1","Q4FK56;Q60928"
"Hmox1","Hmox1","Hmox1","HMOX1","heme oxygenase 1","8","org.Mm.eg.db","Hmox1","P14901;Q3U5H8;Q3U5U6"
"Kitl","Kitl","Kitl","KITLG","kit ligand","10","org.Mm.eg.db","Kitl","P20826;P97332;Q3TNJ7;Q62524;Q64222;Q921N5"
"Anxa2","Anxa2","Anxa2","ANXA2","annexin A2","9","org.Mm.eg.db","Anxa2","P07356;Q3UCD3;Q542G9"
"2600016J21Rik","2600016J21Rik","Ccdc71","CCDC71","coiled-coil domain containing 71","9","org.Mm.eg.db","2600016J21Rik","Q3UDX1;Q8VEG0"
"A930025J12Rik","A930025J12Rik","Tmem87a","TMEM87A","transmembrane protein 87A","2","org.Mm.eg.db","A930025J12Rik","A2AQJ5;Q8BTV9;Q8BU98;Q8BXN9;Q8R2P9;Q8R3S7;A2AQJ6;A2AQJ7"
"Grp58","Grp58","Pdia3","PDIA3","protein disulfide isomerase associated 3","2","org.Mm.eg.db","Grp58","P27773;Q3TEI9;Q3TIL2;Q3UZK8;Q8C2F4;Q99LF6"
"Cyp2c54","Cyp2c54","Cyp2c54","","cytochrome P450, family 2, subfamily c, polypeptide 54","19","org.Mm.eg.db","Cyp2c54","Q6XVG2;Q9DBD9"
"4930562N12Rik","4930562N12Rik","Vmn2r-ps54","","vomeronasal 2, receptor, pseudogene 54","7","org.Mm.eg.db","4930562N12Rik",NA
"9430028I06Rik","9430028I06Rik","Lrrc39","LRRC39","leucine rich repeat containing 39","3","org.Mm.eg.db","9430028I06Rik","Q9D8D7;Q0VDT4;Q8BGI7"
"Lgi2","Lgi2","Lgi2","LGI2","leucine-rich repeat LGI family, member 2","5","org.Mm.eg.db","Lgi2","Q50DZ7;Q80T76;Q8K4Z0;Q8BYS1"
"Serpina3k","Serpina3k","Serpina3k","","serine (or cysteine) peptidase inhibitor, clade A, member 3K","12","org.Mm.eg.db","Serpina3k","A0A0R4J0I1;P07759;Q62257;Q8VCH3;Q91W80;Q91X80"
"1810023F06Rik","1810023F06Rik","Ifi27l2b","","interferon, alpha-inducible protein 27 like 2B","12","org.Mm.eg.db","1810023F06Rik","Q6IEB6;Q8VC49"
"Klk5","Klk5","Klk1b5;Klk5","","kallikrein 1-related peptidase b5; kallikrein related-peptidase 5","7","org.Mm.eg.db","Klk5","A0A1R3UCI2;P15945;Q52KM1;Q565D7;A0A0B6VJJ8;Q9D140"
"Trem2","Trem2","Trem2","TREM2","triggering receptor expressed on myeloid cells 2","17","org.Mm.eg.db","Trem2","Q3U2Q4;Q8CGK4;Q8CIA6;Q99NH8;Q99NH9;Q9JL34"
"Cyp39a1","Cyp39a1","Cyp39a1","CYP39A1","cytochrome P450, family 39, subfamily a, polypeptide 1","17","org.Mm.eg.db","Cyp39a1","A0A3B2WCK5;Q8CFY8;A0A3B2W4C8;Q05CS3;Q544S6;Q9JKJ9"
"Myoz2","Myoz2","Myoz2","MYOZ2","myozenin 2","3","org.Mm.eg.db","Myoz2","Q9JJW5"
"Gal3st1","Gal3st1","Gal3st1","GAL3ST1","galactose-3-O-sulfotransferase 1","11","org.Mm.eg.db","Gal3st1","Q9D8V6;Q9JHE4"
"Nola3","Nola3","Nop10","NOP10","NOP10 ribonucleoprotein","2","org.Mm.eg.db","Nola3","Q9CQS2"
"Acas2","Acas2","Acss2;Acss1","ACSS2","acyl-CoA synthetase short-chain family member 2; acyl-CoA synthetase short-chain family member 1","2","org.Mm.eg.db","Acas2","Q8BK97;Q8C141;Q8C1A8;Q9QXG4;Q3TZ45;Q3UJ89;Q69Z91;Q8K0M6;Q99NB1"
"Slc3a1","Slc3a1","Slc3a1","SLC3A1","solute carrier family 3, member 1","17","org.Mm.eg.db","Slc3a1","O55093;Q91WV7"
"Bmp8b","Bmp8b","Bmp8b","BMP8B","bone morphogenetic protein 8b","4","org.Mm.eg.db","Bmp8b","P55105;Q8BNM2"
"Orm2","Orm2","Orm2","ORM2","orosomucoid 2","4","org.Mm.eg.db","Orm2","P07361"
"Gm1382","Gm1382","Ephx4","EPHX4","epoxide hydrolase 4","5","org.Mm.eg.db","Gm1382","F8VQ47;Q6IE26"
"Mod1","Mod1","Cbx1","CBX1","chromobox 1","11","org.Mm.eg.db","Mod1","P83917;Q9CYJ8"
"Kai1","Kai1","Cd82","CD82","CD82 antigen","2","org.Mm.eg.db","Kai1","P40237;Q3UII2"
"Apob","Apob","Apob","APOB","apolipoprotein B","12","org.Mm.eg.db","Apob","E9Q1Y3;E9Q414;Q3UH74;Q497D8;Q61314;Q61318;Q8CGG8"
"A930021O22","A930021O22","Thada","THADA","thyroid adenoma associated","17","org.Mm.eg.db","A930021O22","A8C756;Q3TDR4;Q3U2L1;Q69ZA8;Q7TPV7;Q8C8S7"
"Cxcl10","Cxcl10","Cxcl10","CXCL10","C-X-C motif chemokine ligand 10","5","org.Mm.eg.db","Cxcl10","P17515;Q3UAS6;Q3UCV1;Q548V9"
"Smpx","Smpx","Smpx","SMPX","small muscle protein, X-linked","X","org.Mm.eg.db","Smpx","A2RT38;Q4QRM9;Q8CEX8;Q9DC77;Q9ER98"
"Mpo","Mpo","Mpo","MPO","myeloperoxidase","11","org.Mm.eg.db","Mpo","P11247;Q5NCP1;Q7TMS4"
"Ccl7","Ccl7","Ccl7","CCL7","C-C motif chemokine ligand 7","11","org.Mm.eg.db","Ccl7","A9Z1Z1;Q03366"
"Tekt1","Tekt1","Tekt1","TEKT1","tektin 1","11","org.Mm.eg.db","Tekt1","Q5NBU4;Q9DAJ2;Q9Z285"
"Gan","Gan","Gan","GAN","giant axonal neuropathy","8","org.Mm.eg.db","Gan","F6TZU3;Q8CA72"
"Spon2","Spon2","Spon2","SPON2","spondin 2, extracellular matrix protein","5","org.Mm.eg.db","Spon2","Q6SJD8;Q8BMS2;Q8VD28"
"Fignl1","Fignl1","Fignl1","FIGNL1","fidgetin-like 1","11","org.Mm.eg.db","Fignl1","Q3UF48;Q8BPY9;Q8C2I6;Q9ERZ5"
"Ces2","Ces2","Ces2c;Ces2h","","carboxylesterase 2C; carboxylesterase 2H","8","org.Mm.eg.db","Ces2","Q91WG0;F6Z9B9"
"Fabp4","Fabp4","Fabp4","FABP4","fatty acid binding protein 4, adipocyte","3","org.Mm.eg.db","Fabp4","P04117;Q542H7"
"Cyp2c37","Cyp2c37","Cyp2c37","","cytochrome P450, family 2. subfamily c, polypeptide 37","19","org.Mm.eg.db","Cyp2c37","E9QKN4;P56654;Q9DBD9"
"Saa4","Saa4","Saa4","SAA2-SAA4","serum amyloid A 4","7","org.Mm.eg.db","Saa4","P31532"
"Col1a2","Col1a2","Col1a2","COL1A2","collagen, type I, alpha 2","6","org.Mm.eg.db","Col1a2","Q01149;Q3TX57;Q8CGA5"
"Emr4","Emr4","Adgre4","","adhesion G protein-coupled receptor E4","17","org.Mm.eg.db","Emr4","Q0VBQ8;Q3U1I7;Q8BYX0;Q8VIM3;Q91ZE5"
"S100a11","S100a11","S100a11","S100A11","S100 calcium binding protein A11","3","org.Mm.eg.db","S100a11","P50543;Q545S1"
"Cyp51","Cyp51","Cyp51","CYP51A1","cytochrome P450, family 51","5","org.Mm.eg.db","Cyp51","Q8BSQ7;Q8K0C4;Q9JIP8;Q9JIY3"
"Tinag","Tinag","Tinag","TINAG","tubulointerstitial nephritis antigen","9","org.Mm.eg.db","Tinag","Q91XG7;Q9WUR0"
"Egr2","Egr2","Egr2","EGR2","early growth response 2","10","org.Mm.eg.db","Egr2","D3Z3K7;P08152;Q3U207"
"Cbfa2t3h","Cbfa2t3h","Cbfa2t3","CBFA2T3","CBFA2/RUNX1 translocation partner 3","8","org.Mm.eg.db","Cbfa2t3h","E9QM80;O54972;Q7TND6;Q8BZS0;B7ZP57"
"2310001N14Rik","2310001N14Rik","Txlnb","TXLNB","taxilin beta","10","org.Mm.eg.db","2310001N14Rik","B2RU93;Q3UVB8;Q8BUK2;Q8VBT1"
"Tnrc15","Tnrc15","Gigyf2","GIGYF2","GRB10 interacting GYF protein 2","1","org.Mm.eg.db","Tnrc15","G3UWR2;G3UYG6;Q0VGQ7;Q3UNS2;Q63ZU9;Q6Y7W8;Q80TV1;Q8K0R0;Q8R0A3"
"Rapgef4","Rapgef4","Rapgef4","RAPGEF4","Rap guanine nucleotide exchange factor (GEF) 4","2","org.Mm.eg.db","Rapgef4","A2ASW4;Q571A8;Q8VIP9;Q9CW52;Q9EQZ6;Q9Z1P0;A2ASW8;Q9CS95"
"Tnfrsf12a","Tnfrsf12a","Tnfrsf12a","TNFRSF12A","tumor necrosis factor receptor superfamily, member 12a","17","org.Mm.eg.db","Tnfrsf12a","E9PZT5;Q3TVG8;Q9CR75;Q9QZW3"
"Cyp3a41","Cyp3a41","Cyp3a41a","CYP3A5","cytochrome P450, family 3, subfamily a, polypeptide 41A","5","org.Mm.eg.db","Cyp3a41","B2RQU5;E9QJT9;Q52L54;Q9JMA7"
"Aqp8","Aqp8","Aqp8","AQP8","aquaporin 8","7","org.Mm.eg.db","Aqp8","A0A0X1KG59;P56404;Q91XC2"
"Clecsf12","Clecsf12","Clec7a","CLEC7A","C-type lectin domain family 7, member a","6","org.Mm.eg.db","Clecsf12","E9QPW2;Q6QLQ4;Q8K1L4;Q9JI50;V9GXI5"
"Tubb2","Tubb2","Tubb2a","TUBB2A","tubulin, beta 2A class IIA","13","org.Mm.eg.db","Tubb2","Q3U9U3;Q7TMM9"
"Clstn3","Clstn3","Clstn3","CLSTN3","calsyntenin 3","6","org.Mm.eg.db","Clstn3","D3Z601;A0A4P8DYG6;Q544R0;Q99JH7"
"D2Ertd750e","D2Ertd750e","Knstrn","KNSTRN","kinetochore-localized astrin/SPAG5 binding","2","org.Mm.eg.db","D2Ertd750e","Q8K2D9;Q9D9Z1"
"2310076E16Rik","2310076E16Rik","Cmya5","CMYA5","cardiomyopathy associated 5","13","org.Mm.eg.db","2310076E16Rik","E9QLJ0;Q70KF4;Q70X91;Q9CV01;Q9CV02;Q9ER93;Q9ER96"
"Tcra","Tcra","Tcra;Trac","","T cell receptor alpha chain; T cell receptor alpha constant",NA,"org.Mm.eg.db","Tcra",NA
"Serpine1","Serpine1","Serpine1","SERPINE1","serine (or cysteine) peptidase inhibitor, clade E, member 1","5","org.Mm.eg.db","Serpine1","G5E899;P22777"
"Sc4mol","Sc4mol","Msmo1","MSMO1","methylsterol monoxygenase 1","8","org.Mm.eg.db","Sc4mol","Q543V8;Q9CRA4"
"Tnc","Tnc","Tnc","TNC","tenascin C","4","org.Mm.eg.db","Tnc","Q64706;Q80YX1;Q80YX2;Q148T4;Q148T5;Q8C9Z1"
"Serpina3c","Serpina3c","Serpina3c","","serine (or cysteine) peptidase inhibitor, clade A, member 3C","12","org.Mm.eg.db","Serpina3c","P29621;Q14AS7"
"2410004L22Rik","2410004L22Rik","Haus8","HAUS8","4HAUS augmin-like complex, subunit 8","8","org.Mm.eg.db","2410004L22Rik","Q99L00;Q9CWT4"
"Tpm1","Tpm1","Tpm1;Tcpm1","TPM1","tropomyosin 1, alpha; T cell phenotype modifier 1","9","org.Mm.eg.db","Tpm1","P19354;P58771;Q545Y3;B7ZNL3;E9Q450;Q8BP43;G5E8R1;G5E8R2;E9Q452;G5E8R0;Q564G1;E9Q454;A0A2R2Y2P8;E9Q448;E9Q455;E9Q453;E9Q456;F8WID5"
"Rdh11","Rdh11","Rdh11","RDH11","retinol dehydrogenase 11","12","org.Mm.eg.db","Rdh11","Q9R1R8;Q9R1R9;Q9R1R5;Q3UXM9;Q9D0U5;Q9QYF1"
"Gpr109b","Gpr109b","Hcar2","HCAR2","hydroxycarboxylic acid receptor 2","5","org.Mm.eg.db","Gpr109b","Q0VBA6;Q9EP66"
"Lum","Lum","Lum","LUM","lumican","10","org.Mm.eg.db","Lum","P51885;Q3TP25;Q99JZ3;Q9CXK0"
"Aacs","Aacs","Aacs","AACS","acetoacetyl-CoA synthetase","5","org.Mm.eg.db","Aacs","A1IG47;Q3TCL8;Q3UD39;Q9D2R0"
"Fhl2","Fhl2","Fhl2","FHL2","four and a half LIM domains 2","1","org.Mm.eg.db","Fhl2","O70433;P97448;Q543D7"
"Sox14","Sox14","Sox14","SOX14","SRY (sex determining region Y)-box 14","9","org.Mm.eg.db","Sox14","Q04892;Q3UUP3;Q9JLC9;Q9JLD0;Q9QXU4"
"Sh3d19","Sh3d19","Sh3d19","SH3D19","SH3 domain protein D19","3","org.Mm.eg.db","Sh3d19","A0A571BGG1;Q91X43;A0A571BEF4;O08635;O35146;Q8C7I2"
"Rragd","Rragd","Rragd","RRAGD","Ras-related GTP binding D","4","org.Mm.eg.db","Rragd","B1AWT3;Q6GTT2;Q7TT45;Q9CYC2;B1AWT2"
"Exo1","Exo1","Exo1","EXO1","exonuclease 1","1","org.Mm.eg.db","Exo1","Q3TLM4;Q923A5;Q9QZ11"
"1810008K03Rik","1810008K03Rik","Chac1","CHAC1","ChaC, cation transport regulator 1","2","org.Mm.eg.db","1810008K03Rik","A2AV63;Q8R3J5;Q9D944"
"Rnase4","Rnase4","Rnase4","RNASE4","ribonuclease, RNase A family 4","14","org.Mm.eg.db","Rnase4","Q5UCA9;Q8C7E4;Q9JJH1"
"Acta1","Acta1","Acta1","ACTA1","actin alpha 1, skeletal muscle","8","org.Mm.eg.db","Acta1","P68134;Q3TG92;Q3UIJ3;Q9CXK3"
"Blnk","Blnk","Blnk","BLNK","B cell linker","19","org.Mm.eg.db","Blnk","D3YWR2;O88504;Q9QUN3"
"Hrmt1l2","Hrmt1l2","Prmt1","PRMT1","protein arginine N-methyltransferase 1","7","org.Mm.eg.db","Hrmt1l2","F8WH01;Q3UIG8;Q80WB1;A0A140LJ70;Q9CX58;Q8C2D7;Q99LS4;Q9JIF0;Q80WV6"
"Cd34","Cd34","Cd34","CD34","CD34 antigen","1","org.Mm.eg.db","Cd34","Q3TJP6;Q543Y2;Q543B6;Q62550;Q62551;Q64314;Q8C2A1"
"Insig1","Insig1","Insig1","INSIG1","insulin induced gene 1","5","org.Mm.eg.db","Insig1","A2RSM6;Q3UAX9;Q3UX30;Q8BGI3"
"Cd14","Cd14","Cd14","CD14","CD14 antigen","18","org.Mm.eg.db","Cd14","P10810;Q3U6A3;Q3UE54;Q4FJP7"
"Eml2","Eml2","Eml2","EML2","echinoderm microtubule associated protein like 2","7","org.Mm.eg.db","Eml2","E9QK48;Q7TNG5;Q9DAS8"
"Ckmt2","Ckmt2","Ckmt2","CKMT2","creatine kinase, mitochondrial 2","13","org.Mm.eg.db","Ckmt2","Q6P8J7"
"4930420O11Rik","4930420O11Rik","Mast4","MAST4","microtubule associated serine/threonine kinase family member 4","13","org.Mm.eg.db","4930420O11Rik","E9QAH7;Q3UVE7;Q62489;Q6ZQE0;Q811L6;Q8BME3;E9QPR4;E9PWX8;A0A668KMA1;A0A0A6YXG1"
"Slamf8","Slamf8","Slamf8","SLAMF8","SLAM family member 8","1","org.Mm.eg.db","Slamf8","Q3U1C3;Q3UQA2;Q8R3T7;Q9D3G2"
"6720460F02Rik","6720460F02Rik","Pimreg","PIMREG","PICALM interacting mitotic regulator","11","org.Mm.eg.db","6720460F02Rik","Q8BFY7;Q8K2Z7;Q8VDW8"
"Ccnb2","Ccnb2","Ccnb2","CCNB2","cyclin B2","9","org.Mm.eg.db","Ccnb2","P30276;Q922E9;Q9CYU2"
"Cdc20","Cdc20","Cdc20","CDC20","cell division cycle 20","4","org.Mm.eg.db","Cdc20","Q3TGP1;Q8BPG4;Q99LK3;Q9JJ66"
"H2-Eb1","H2-Eb1","H2","","histocompatibility-2, MHC",NA,"org.Mm.eg.db","H2-Eb1",NA
"Lox","Lox","Lox","LOX","lysyl oxidase","18","org.Mm.eg.db","Lox","P28301;Q3TLP7;Q3TP83;Q3TWI1;Q3TX90;Q3TXH3"
"Serpinb9e","Serpinb9e","Serpinb9e","SERPINB9","serine (or cysteine) peptidase inhibitor, clade B, member 9e","13","org.Mm.eg.db","Serpinb9e","O08806;Q80Y29"
"Tat","Tat","Atat1","ATAT1","alpha tubulin acetyltransferase 1","17","org.Mm.eg.db","Tat","B8JJ75;B8JJ77;Q3UZR9;Q8BM67;Q8C1D1;Q8K2M7;Q8K341"
"Anxa13","Anxa13","Anxa13","ANXA13","annexin A13","15","org.Mm.eg.db","Anxa13","Q99JG3"
"Car3","Car3","Car3","CA3","carbonic anhydrase 3","3","org.Mm.eg.db","Car3","P16015;Q9ERN8"
"Col6a3","Col6a3","Col6a3","COL6A3","collagen, type VI, alpha 3","1","org.Mm.eg.db","Col6a3","E9PWQ3;A0A087WS16;J3QQ16"
"4831417L10","4831417L10","Elmod1","ELMOD1","ELMO/CED-12 domain containing 1","9","org.Mm.eg.db","4831417L10","B7ZN22;Q3V1U8"
"1700030B17Rik","1700030B17Rik","Ica1l","ICA1L","islet cell autoantigen 1-like","1","org.Mm.eg.db","1700030B17Rik","A0A087WSM1;Q3TY65;Q6AXB8;Q6PD23;Q8C0R6;Q9D9S5"
"Rtn4","Rtn4","Rtn4","RTN4","reticulon 4","11","org.Mm.eg.db","Rtn4","Q78NS1;Q99P72;Q8K3G7;Q5DTK9;Q7TNB7;Q80W95;Q8BGK7;Q8BGM9;Q8BH78;Q8BHF5;Q8K290;Q8K3G8;Q9CTE3"
"Pcsk9","Pcsk9","Pcsk9","PCSK9","proprotein convertase subtilisin/kexin type 9","4","org.Mm.eg.db","Pcsk9","B1AZI4;Q3UEH7;Q80W65;Q8BXW9;Q8CFT6"
"Postn","Postn","Postn","POSTN","periostin, osteoblast specific factor","3","org.Mm.eg.db","Postn","Q6GUA3;Q3U4U1;A0A097BW21;A0A097BW18;Q62009;Q8BMJ6;Q8K1K0"
"Mcm6","Mcm6","Mcm6","MCM6","minichromosome maintenance complex component 6","1","org.Mm.eg.db","Mcm6","Q3UC10;Q3ULG5;P97311;Q542I2;Q80YQ7"
"C81234","C81234","","",NA,NA,"org.Mm.eg.db","C81234",NA
"2700081O15Rik","2700081O15Rik","Zfta","ZFTA","zinc finger translocation associated","19","org.Mm.eg.db","2700081O15Rik","A0A087WPN4;Q4VA45"
"Nsdhl","Nsdhl","Nsdhl","NSDHL","NAD(P) dependent steroid dehydrogenase-like","X","org.Mm.eg.db","Nsdhl","O55109;Q3US15;Q7TPY3;Q8VE30;Q9R1J0;U3M993"
"Cdh17","Cdh17","Cdh17","CDH17","cadherin 17","4","org.Mm.eg.db","Cdh17","Q3TAN0;Q3U1Y7;Q9R100"
"Cdkn1b","Cdkn1b","Cdkn1b","CDKN1B","cyclin dependent kinase inhibitor 1B","6","org.Mm.eg.db","Cdkn1b","P46414;Q4FJM2;Q8BG74"
"Pde4b","Pde4b","Pde4b","PDE4B","phosphodiesterase 4B, cAMP specific","4","org.Mm.eg.db","Pde4b","B1AWD0;Q91VY2;Q6IQY6;Q3TTI9;Q80VK8;B1AWC8;Q9QXI7;B1AWC9;Q8VBU5"
"Ctsg","Ctsg","Ctsg","CTSG","cathepsin G","14","org.Mm.eg.db","Ctsg","P28293;Q059V7"
"Gucy1a3","Gucy1a3","Gucy1a1","GUCY1A1","guanylate cyclase 1, soluble, alpha 1","3","org.Mm.eg.db","Gucy1a3","Q6GTG0;Q9DBQ3;Q9ERL9"
"Eomes","Eomes","Eomes","EOMES","eomesodermin","9","org.Mm.eg.db","Eomes","O54839;F6VSW9;Q3UPL1;Q52KJ1;Q8BN22;Q9JJL1;Q9QYG7"
"BC027127","BC027127","Vstm2a","VSTM2A","V-set and transmembrane domain containing 2A",NA,"org.Mm.eg.db","BC027127","A0A140LHB6;F6Y6A6;Q8R0A6"
"Mt1","Mt1","Mt1","MT1F","metallothionein 1","8","org.Mm.eg.db","Mt1","P02802;Q64485;A0A1D5RLN7;Q3U340"
"Thbs2","Thbs2","Thbs2","THBS2","thrombospondin 2","17","org.Mm.eg.db","Thbs2","Q03350;Q7TMT3;Q8CG21"
"Nid1","Nid1","Nid1","NID1","nidogen 1","13","org.Mm.eg.db","Nid1","P10493;Q3TKX9;Q8BQI3;Q8C3U8;Q8C9P6"
"5830443L24Rik","5830443L24Rik","Gbp8","GBP6","guanylate-binding protein 8","5","org.Mm.eg.db","5830443L24Rik","F7CE50;Q2V6D6;Q66K09"
"9930020N01","9930020N01","","",NA,NA,"org.Mm.eg.db","9930020N01",NA
"Slc34a2","Slc34a2","Slc34a2","SLC34A2","solute carrier family 34 (sodium phosphate), member 2","5","org.Mm.eg.db","Slc34a2","Q9DBP0;Q9Z290"
"Slc37a1","Slc37a1","Slc37a2;Slc37a1","SLC37A2","solute carrier family 37 (glycerol-3-phosphate transporter), member 2; solute carrier family 37 (glycerol-3-phosphate transporter), member 1","9;17","org.Mm.eg.db","Slc37a1","Q9WU81;Q571N8;Q6P4P0;Q8BV90;Q8C144;Q8R1Y0;Q3TQ11;Q3UPC2;Q8R070;Q8K0Y8"
"4930543E12Rik","4930543E12Rik","4930543E12Rik","","RIKEN cDNA 4930543E12 gene","7","org.Mm.eg.db","4930543E12Rik",NA
"Nedd4","Nedd4","Nedd4","NEDD4","neural precursor cell expressed, developmentally down-regulated 4","9","org.Mm.eg.db","Nedd4","A0A571BDN7;B2RSC8;O08758;P46935;Q3UZI2;Q8BGB3"
"Tacstd1","Tacstd1","Epcam","EPCAM","epithelial cell adhesion molecule","17","org.Mm.eg.db","Tacstd1","Q61512;Q99JW5"
"2210008M09Rik","2210008M09Rik","Esrp1","ESRP1","epithelial splicing regulatory protein 1","4","org.Mm.eg.db","2210008M09Rik","A2AJQ4;A2AJQ5;A2AJQ6;A2AJQ7;A2AJQ8;Q3TLQ3;Q3US41;Q6PCL4;Q8C9F5;Q8K0G2;Z4YJI3;F8WGU3"
"Myh7","Myh7","Myh7","MYH7","myosin, heavy polypeptide 7, cardiac muscle, beta","14","org.Mm.eg.db","Myh7","B2RXX9;B2RY26;Q3TGM2;Q3TZN2;Q91Z83"
"1700023B02Rik","1700023B02Rik","Cir1","CIR1","corepressor interacting with RBPJ, 1","2","org.Mm.eg.db","1700023B02Rik","Q3V2N9;Q4KL44;Q52KL9;Q5FW66;Q9DA19"
"H2-Ab1","H2-Ab1","H2","","histocompatibility-2, MHC",NA,"org.Mm.eg.db","H2-Ab1",NA
"Cd63","Cd63","Cd63","CD63","CD63 antigen","10","org.Mm.eg.db","Cd63","P41731;Q3UC80;Q549D0"
"Cyp2c50","Cyp2c50","Cyp2c50","","cytochrome P450, family 2, subfamily c, polypeptide 50","19","org.Mm.eg.db","Cyp2c50","Q9DBD9;E9QPJ0;Q6XVG3;Q80X43;Q91X77"
"2810022L02Rik","2810022L02Rik","Spats2l","SPATS2L","spermatogenesis associated, serine-rich 2-like","1","org.Mm.eg.db","2810022L02Rik","E9PZE9;Q8K322;Q8VC37;Q91WJ7;E9PVQ3"
"5430413I02Rik","5430413I02Rik","Psrc1","PSRC1","proline/serine-rich coiled-coil 1","3","org.Mm.eg.db","5430413I02Rik","Q8K4L8;Q9D0P7;Q9QXY5"
"Cyp2c40","Cyp2c40","Cyp2c40","","cytochrome P450, family 2, subfamily c, polypeptide 40","19","org.Mm.eg.db","Cyp2c40","B2RTP3;P56657;Q8VCP4;E9Q7C8"
"Rhobtb1","Rhobtb1","Rhobtb1","RHOBTB1","Rho-related BTB domain containing 1","10","org.Mm.eg.db","Rhobtb1","B2RPX3;Q499C9;Q9DAK3;B7ZMU4;Q6A003"
"Mesp1","Mesp1","Mesp1","MESP1","mesoderm posterior 1","7","org.Mm.eg.db","Mesp1","P97309;Q059W2"
"2300003P22Rik","2300003P22Rik","Asprv1","ASPRV1","aspartic peptidase, retroviral-like 1","6","org.Mm.eg.db","2300003P22Rik","A0A8D3UE05;Q09PK2"
"Catns","Catns","Ctnnd1","CTNND1","catenin delta 1","2","org.Mm.eg.db","Catns","D3Z2H2;D3Z7H6;E9Q986;P30999;Q3TSU9;Q80XQ4;Q8CHF8;E9Q8Z9;G3X9V2;E9Q8Z8;E9Q904;E9Q8Z6;E9Q901;E9Q903;E9Q8Z5;E9Q905;E9Q907"
"Bcl2a1c","Bcl2a1c","Bcl2a1c","","B cell leukemia/lymphoma 2 related protein A1c","9","org.Mm.eg.db","Bcl2a1c","O55178;Q0P538"
"Cenpe","Cenpe","Cenpe","CENPE","centromere protein E","3","org.Mm.eg.db","Cenpe","E9QKK1;O35059;Q3KQQ6;Q3V044;Q6PD00;Q6RT24;Q7TPX4;Q80YB4;Q8BWX6"
"Gstm1","Gstm1","Gstm1","GSTM5","glutathione S-transferase, mu 1","3","org.Mm.eg.db","Gstm1","A2AE89;A2AE90;P10649;Q58ET5"
"BC025462","BC025462","","",NA,NA,"org.Mm.eg.db","BC025462",NA
"Laptm5","Laptm5","Laptm5","LAPTM5","lysosomal-associated protein transmembrane 5","4","org.Mm.eg.db","Laptm5","Q3TBK6;Q544S4;Q60923;Q61168"
"4933403M22Rik","4933403M22Rik","Lmntd1","LMNTD1","lamin tail domain containing 1","6","org.Mm.eg.db","4933403M22Rik","Q5UE52;Q9D4C1;E9Q8Y6;Q8BWL2"
"Mmp2","Mmp2","Mmp2","MMP2","matrix metallopeptidase 2","8","org.Mm.eg.db","Mmp2","P33434;Q3UG07"
"Bcl2a1b","Bcl2a1b","Bcl2a1b","BCL2A1","B cell leukemia/lymphoma 2 related protein A1b","9","org.Mm.eg.db","Bcl2a1b","O55177;Q497M6;Q4FK02"
"St14","St14","St14","ST14","suppression of tumorigenicity 14 (colon carcinoma)","9","org.Mm.eg.db","St14","P56677;Q543E3"
"Ngfa","Ngfa","Klk1b4","","kallikrein 1-related pepidase b4","7","org.Mm.eg.db","Ngfa","A0A1R3UGK0;P00757"
"Plac8","Plac8","Plac8","PLAC8","placenta-specific 8","5","org.Mm.eg.db","Plac8","Q9JI48"
"Fmo2","Fmo2","Fmo2","FMO2","flavin containing monooxygenase 2","1","org.Mm.eg.db","Fmo2","Q8K2I3;Q9QZF7"
"Mia2","Mia2","Mia2","MIA2","MIA SH3 domain ER export factor 2","12","org.Mm.eg.db","Mia2","E9PY90;Q3TZZ3;H3BK44;A0A1W2P711;Q8CIE3;Q8R311;Q91ZV0;H3BJS0;E9Q3S2;H3BK48;H3BKH2;H3BL19;H3BKL6;H3BJI6"
"0610039N19Rik","0610039N19Rik","Retsat","RETSAT","retinol saturase (all trans retinol 13,14 reductase)","6","org.Mm.eg.db","0610039N19Rik","A4FUU4;Q149J8;Q3UNN9;Q64FW2;Q78JX8;Q8VHE7;Q9CW85"
"Gdf3","Gdf3","Gdf3","GDF3","growth differentiation factor 3","6","org.Mm.eg.db","Gdf3","Q07104;Q3TUX1;Q3ZB19"
"4930443G12Rik","4930443G12Rik","Slc25a54","","solute carrier family 25, member 54","3","org.Mm.eg.db","4930443G12Rik","B1AUS6;Q9D5G5"
"Nrg1","Nrg1","Nrg1","NRG1","neuregulin 1","8","org.Mm.eg.db","Nrg1","A0A140LJ88;Q6DR98;Q3URY7;A0A140LIG9;Q3TD94;A0A5F8MPT0;Q8BX76;Q6DR99;A0A140LHZ9;A0A5F8MPT8;A0A140LJC1;A0A5F8MPJ0;A0A140LIP8"
"C330027C09Rik","C330027C09Rik","Cip2a","CIP2A","cell proliferation regulating inhibitor of protein phosphatase 2A","16","org.Mm.eg.db","C330027C09Rik","B2RQ25;D3Z7B5;Q69ZH6;Q7TPZ7;Q8BWY9"
"Got1","Got1","Got1","GOT1","glutamic-oxaloacetic transaminase 1, soluble","19","org.Mm.eg.db","Got1","P05201;Q3UJH8"
"Alg8","Alg8","Alg8","ALG8","ALG8 alpha-1,3-glucosyltransferase","7","org.Mm.eg.db","Alg8","E9Q3H5;Q3TKP5;Q3URN2;Q6P8H8"
"Dhcr7","Dhcr7","Dhcr7","DHCR7","7-dehydrocholesterol reductase","7","org.Mm.eg.db","Dhcr7","O88455;Q3UIQ5;Q4FJX5;A0A140LIT2"
"Scnn1a","Scnn1a","Scnn1a","SCNN1A","sodium channel, nonvoltage-gated 1 alpha","6","org.Mm.eg.db","Scnn1a","Q80YC1;Q3USG4;Q61180;Q9WU37;H3BLI2"
"1810018L02Rik","1810018L02Rik","Tm4sf20","TM4SF20","transmembrane 4 L six family member 20","1","org.Mm.eg.db","1810018L02Rik","Q9CQY8;Q9D3Q0;Q9D3R0"
"Ms4a3","Ms4a3","Ms4a3","MS4A3","membrane-spanning 4-domains, subfamily A, member 3","19","org.Mm.eg.db","Ms4a3","Q53ZU3;Q810H7;Q920C4;Q99MX6"
"Hells","Hells","Hells","HELLS","helicase, lymphoid specific","19","org.Mm.eg.db","Hells","Q497T3;Q60848;Q8VDZ1;Q9CYV7"
"Adamts4","Adamts4","Adamts4","ADAMTS4","ADAM metallopeptidase with thrombospondin type 1 motif 4","1","org.Mm.eg.db","Adamts4","Q3TNX8;Q8BNJ2;Q8K384"
"Siat8d","Siat8d","St8sia4","ST8SIA4","ST8 alpha-N-acetyl-neuraminide alpha-2,8-sialyltransferase 4","1","org.Mm.eg.db","Siat8d","A0A087WRA0;Q53WR7;Q64692;Q6PAS1;Q8BY70"
"Olfr904","Olfr904","Or8b1b","","olfactory receptor family 8 subfamily B member 1B","9","org.Mm.eg.db","Olfr904","Q7TRC9;Q8VG67"
"A430056A10Rik","A430056A10Rik","Ifi44","IFI44","interferon-induced protein 44","3","org.Mm.eg.db","A430056A10Rik","Q8BV66;Q9ER37"
"Gnai1","Gnai1","Gnai1","GNAI1","G protein subunit alpha i1","5","org.Mm.eg.db","Gnai1","B2RSH2;Q3TJH1"
"Ucp2","Ucp2","Ucp2","UCP2","uncoupling protein 2 (mitochondrial, proton carrier)","7","org.Mm.eg.db","Ucp2","O88285;P70406;Q549J5;Q8CBU0;Q9R246"
"BC023892","BC023892","Tent5a","TENT5A","terminal nucleotidyltransferase 5A",NA,"org.Mm.eg.db","BC023892","D3Z5S8;A0A087WS27"
"Il1r1","Il1r1","Il1r1","IL1R1","interleukin 1 receptor, type I","1","org.Mm.eg.db","Il1r1","Q8C6P3;Q8C833;P13504;Q32MH0"
"Retnlb","Retnlb","Retnlb","RETNLB","resistin like beta","16","org.Mm.eg.db","Retnlb","A0A0R4J042;Q99P86;Q9D286"
"Asb5","Asb5","Asb5","ASB5","ankyrin repeat and SOCs box-containing 5","8","org.Mm.eg.db","Asb5","A0A5F8MPR8;A0A5F8MPD7;Q2VPQ8;Q9D1A4"
"Pex11a","Pex11a","Pex11a","PEX11A","peroxisomal biogenesis factor 11 alpha","7","org.Mm.eg.db","Pex11a","Q3UER4;Q8C5B8;Q9Z211"
"9030408N13Rik","9030408N13Rik","Mcub","MCUB","mitochondrial calcium uniporter dominant negative beta subunit","3","org.Mm.eg.db","9030408N13Rik","D6RIL8;Q810S1;A0A9S4GQC1;Q3U4A9;Q9CSE7;Q9D345"
"2810405K07Rik","2810405K07Rik","Zfp661","ZNF2","zinc finger protein 661","2","org.Mm.eg.db","2810405K07Rik","Q7TPW3;Q8BIQ3"
"Vps52","Vps52","Vps52","VPS52","VPS52 GARP complex subunit","17","org.Mm.eg.db","Vps52","A0A068BGT0;Q3V3A4;Q6P4N7;Q8BQ15;Q8C754;Q9QWT6;Q9QWV2"
"Anxa5","Anxa5","Anxa5","ANXA5","annexin A5","3","org.Mm.eg.db","Anxa5","P48036;Q3U5Q1;Q3U5X4;Q3U8K1;Q3UGV0;Q99LA1"
"Rgs6","Rgs6","Rgs6","RGS6","regulator of G-protein signaling 6","12","org.Mm.eg.db","Rgs6","F6WDS8;Q08AT5;Q8BGI8;Q9Z2H2;A0A087WNZ9;A0A087WRN0;A0A087WRP8;B1B1E4;Q3UTM5;A0A087WSH2"
"4932431F02Rik","4932431F02Rik","Ubap2l","UBAP2L","ubiquitin-associated protein 2-like","3","org.Mm.eg.db","4932431F02Rik","Q812D5;Q80X50;Q8BIT6;Q8BIW4;Q8BJ01;Q8CIG7;Q8K102;Q9CRT6;Q8BJ53;A0A0H2UH17;A0A0G2JDV6"
"BC025600","BC025600","Tmem119","TMEM119","transmembrane protein 119",NA,"org.Mm.eg.db","BC025600","Q8BP14;Q8R138"
"Nsd1","Nsd1","Nsd1","NSD1","nuclear receptor-binding SET-domain protein 1","13","org.Mm.eg.db","Nsd1","A0A286YE36;A0A286YDS9;E9QAE4"
"Cyp2c55","Cyp2c55","Cyp2c55","CYP2C18","cytochrome P450, family 2, subfamily c, polypeptide 55","19","org.Mm.eg.db","Cyp2c55","Q9D816"
"Ncf4","Ncf4","Ncf4","NCF4","neutrophil cytosolic factor 4","15","org.Mm.eg.db","Ncf4","A8XU21;B6DT57;P97369;Q3TBC6;Q3TC82"
"Zfhx1b","Zfhx1b","Zeb2","ZEB2","zinc finger E-box binding homeobox 2","2","org.Mm.eg.db","Zfhx1b","H9H9S3;Q3URW5;Q6P9M5;Q9R0G7"
"Ccna2","Ccna2","Ccna2","CCNA2","cyclin A2","3","org.Mm.eg.db","Ccna2","P51943;Q61459;Q8BRG1"
"Slc15a1","Slc15a1","Slc15a1","SLC15A1","solute carrier family 15 (oligopeptide transporter), member 1","14","org.Mm.eg.db","Slc15a1","E9QMX3;Q14BA3;Q3UWE2;Q9JIP7"
"Tesc","Tesc","Tesc","TESC","tescalcin","5","org.Mm.eg.db","Tesc","D0EM45;Q32Q85;Q8VCN1;Q9JKL5"
"Ms4a6b","Ms4a6b","Ms4a6b","","membrane-spanning 4-domains, subfamily A, member 6B","19","org.Mm.eg.db","Ms4a6b","Q8BK83;Q99N09;Q9D8W9"
"Ang1","Ang1","Angpt1;Ang","ANGPT1","angiopoietin 1; angiogenin, ribonuclease, RNase A family, 5","15;14","org.Mm.eg.db","Ang1","Q8C2K6;O08538;Q6NWV7;P21570;Q3TBG7"
"Unc5b","Unc5b","Unc5b","UNC5B","unc-5 netrin receptor B","10","org.Mm.eg.db","Unc5b","Q3TYW6;Q3U4F2;Q6PFH0;Q80Y85;Q8K1S3;Q9D398"
"9430059P22Rik","9430059P22Rik","Shisa2","SHISA2","shisa family member 2","14","org.Mm.eg.db","9430059P22Rik","Q0NZZ5;Q8BN61;Q8QZV2"
"Ak2","Ak2","Ak2","AK2","adenylate kinase 2","4","org.Mm.eg.db","Ak2","A2A820;Q3THT3;Q3TI11;Q3TKI6;Q8C7I9;Q9CY37;Q9WTP6"
"Lzp-s","Lzp-s","Lyz2","LYZ","lysozyme 2","10","org.Mm.eg.db","Lzp-s","A0A077S2U6;P08905;Q3TXG2;Q3U5Q2;Q3U690;Q8VE78"
"Slc7a8","Slc7a8","Slc7a8","SLC7A8","solute carrier family 7 (cationic amino acid transporter, y+ system), member 8","14","org.Mm.eg.db","Slc7a8","Q9QXW9"
"Sds","Sds","Sbds","SBDS","SBDS ribosome maturation factor","5","org.Mm.eg.db","Sds","P70122;Q3TG78;Q9CR18"
"Gstm2","Gstm2","Gstm2","GSTM1","glutathione S-transferase, mu 2","3","org.Mm.eg.db","Gstm2","D3YX76;P15626"
"Prss11","Prss11","Htra1","HTRA1","HtrA serine peptidase 1","7","org.Mm.eg.db","Prss11","Q8BN04;Q8BN05;Q91WS3;Q9QZK6;Q9R118"
"Cyp4f14","Cyp4f14","Cyp4f14","CYP4F12","cytochrome P450, family 4, subfamily f, polypeptide 14","17","org.Mm.eg.db","Cyp4f14","Q52L93;Q9EP75"
"Plat","Plat","Plat","PLAT","plasminogen activator, tissue","8","org.Mm.eg.db","Plat","P11214;Q6P7U0;Q91VP2"
"Sdro","Sdro","Sdr9c7","SDR9C7","4short chain dehydrogenase/reductase family 9C, member 7","10","org.Mm.eg.db","Sdro","Q8K3P0"
"1600029D21Rik","1600029D21Rik","Plet1","PLET1","placenta expressed transcript 1","9","org.Mm.eg.db","1600029D21Rik","Q05DM2;Q8VEN2;Q9DAT1;Q9DCI0"
"Jun","Jun","Jun","JUN","jun proto-oncogene","4","org.Mm.eg.db","Jun","P05627;Q3US19;Q3V255;Q52L79"
"3300002I08Rik","3300002I08Rik","3300002I08Rik","","RIKEN cDNA 3300002I08 gene","2","org.Mm.eg.db","3300002I08Rik","Q9CXH3"
"Serpina3m","Serpina3m","Serpina3m","","serine (or cysteine) peptidase inhibitor, clade A, member 3M","12","org.Mm.eg.db","Serpina3m","E9Q926;Q03734;Q62260"
"Cd22","Cd22","Cd22","CD22","CD22 antigen","7","org.Mm.eg.db","Cd22","P35329;Q3TAX0;Q3UP36;Q9JHL2;Q9JJX9;Q9JJY0;Q9JJY1;Q9R056;Q9R094;Q9WU51"
"Rps6kb2","Rps6kb2","Rps6kb2","RPS6KB2","ribosomal protein S6 kinase, polypeptide 2","19","org.Mm.eg.db","Rps6kb2","Q9Z1M4"
"1700001G17Rik","1700001G17Rik","1700001G17Rik","","RIKEN cDNA 1700001G17 gene","1","org.Mm.eg.db","1700001G17Rik",NA
"B3bp","B3bp","N4bp2","N4BP2","NEDD4 binding protein 2","5","org.Mm.eg.db","B3bp","A0A0J9YUP5;F8VQG7"
"Phlda3","Phlda3","Phlda3","PHLDA3","pleckstrin homology like domain, family A, member 3","1","org.Mm.eg.db","Phlda3","Q9WV95"
"Cox6a2","Cox6a2","Cox6a2","COX6A2","cytochrome c oxidase subunit 6A2","7","org.Mm.eg.db","Cox6a2","P43023;Q8R2L0"
"Lgals1","Lgals1","Lgals1","LGALS1","lectin, galactose binding, soluble 1","15","org.Mm.eg.db","Lgals1","P05163;P11946;P16045;P17601;Q4FZH4;Q99M27;Q9D0X0"
"Orm1","Orm1","Orm1","ORM1","orosomucoid 1","4","org.Mm.eg.db","Orm1","Q60590;Q91X23"
"Slfn5","Slfn5","Slfn5","SLFN5","schlafen 5","11","org.Mm.eg.db","Slfn5","A0A1G5SK44;Q148Z1;Q3V3H0;Q5QNT5;Q7TMA8;Q8CBA2"
"Cyp4b1","Cyp4b1","Cyp4b1","CYP4B1","cytochrome P450, family 4, subfamily b, polypeptide 1","4","org.Mm.eg.db","Cyp4b1","Q3TNA0;Q64462"
"AW209059","AW209059","","",NA,NA,"org.Mm.eg.db","AW209059",NA
"Dbil5","Dbil5","Dbil5","","diazepam binding inhibitor-like 5","11","org.Mm.eg.db","Dbil5","O09035;Q545L5"
"Anxa1","Anxa1","Anxa1","ANXA1","annexin A1","19","org.Mm.eg.db","Anxa1","B7STB7;P10107;Q4FJV4;Q4FK88"
"Mcoln1","Mcoln1","Mcoln1","MCOLN1","mucolipin 1","8","org.Mm.eg.db","Mcoln1","Q99J21"
"Ankrd23","Ankrd23","Ankrd23","ANKRD23","ankyrin repeat domain 23","1","org.Mm.eg.db","Ankrd23","A0A0A6YW48;A2RT50;B7ZNT7;Q812A3"
"9030420J04Rik","9030420J04Rik","Arhgap42","ARHGAP42","Rho GTPase activating protein 42","9","org.Mm.eg.db","9030420J04Rik","B2RQE8"
"Tnf","Tnf","Tnf","TNF","tumor necrosis factor","17","org.Mm.eg.db","Tnf","A0A0R4J210;Q3U4I6;O35853;P06804;Q3U593;Q62326;Q91VF3"
"Arih2","Arih2","Arih2","ARIH2","ariadne RBR E3 ubiquitin protein ligase 2","9","org.Mm.eg.db","Arih2","Q3TK92;Q9Z1K6;A0A0A6YXB0"
"Racgap1","Racgap1","Racgap1","RACGAP1","Rac GTPase-activating protein 1","15","org.Mm.eg.db","Racgap1","Q3THR5;Q3TI41;Q3TM81;Q9WVM1"
"9430067K14Rik","9430067K14Rik","Plekhm3","PLEKHM3","pleckstrin homology domain containing, family M, member 3","1","org.Mm.eg.db","9430067K14Rik","Q3T9Y1;Q8BM47"
"Shcbp1","Shcbp1","Shcbp1","SHCBP1","Shc SH2-domain binding protein 1","8","org.Mm.eg.db","Shcbp1","Q3UED9;Q3UMD9;Q9Z179"
"4930431B09Rik","4930431B09Rik","Tent5c","TENT5C","terminal nucleotidyltransferase 5C","3","org.Mm.eg.db","4930431B09Rik","Q0P629;Q5SSF7;Q80XL2;Q9CUN7"
"H2-Aa","H2-Aa","H2","","histocompatibility-2, MHC",NA,"org.Mm.eg.db","H2-Aa",NA
"Cab39","Cab39","Cab39","CAB39","calcium binding protein 39","1","org.Mm.eg.db","Cab39","Q06138;Q8VDZ8"
"Idi1","Idi1","Idi1","IDI1","isopentenyl-diphosphate delta isomerase","13","org.Mm.eg.db","Idi1","G3XA48;P58044;Q4FJU2"
"Rad51","Rad51","Rad51","RAD51","RAD51 recombinase","2","org.Mm.eg.db","Rad51","Q08297;Q3UAY5"
"Tbx1","Tbx1","Tbx1","TBX1","T-box 1","16","org.Mm.eg.db","Tbx1","F6ZP09;P70323;Q60706;Q99MP0;Q99P22;B9EII4"
"Ect2","Ect2","Ect2","ECT2","ect2 oncogene","3","org.Mm.eg.db","Ect2","A0A2X0SFE3;Q07139;Q3TZP2;Q5DTR8;Q80VE4;Q8CIH2;Q8K2A0;Q8R3E2"
"Cd48","Cd48","Cd48","CD48","CD48 antigen","1","org.Mm.eg.db","Cd48","F8WHM0;Q8C2T1;P18181;Q18PH8;Q545K2;Q6P905"
"Arhgef9","Arhgef9","Arhgef9","ARHGEF9","CDC42 guanine nucleotide exchange factor 9","X","org.Mm.eg.db","Arhgef9","B1AXI3;B1AXI4;B1AXI5;B9EJ88;Q3TQ60;Q3UTH8;Q80U06;Q8CAF9;A0A0G2JE35;S4R1K5"
"Sh2d2a","Sh2d2a","Sh2d2a","SH2D2A","SH2 domain containing 2A","3","org.Mm.eg.db","Sh2d2a","Q3TA00;Q5D0E4;Q9JHP6;Q9QXK9"
"Golph2","Golph2","Gorasp2","GORASP2","golgi reassembly stacking protein 2","2","org.Mm.eg.db","Golph2","Q3TX06;Q3U9D2;Q8CCD0;Q91W68;Q99JX3"
"Emr1","Emr1","Adgre1","ADGRE1","adhesion G protein-coupled receptor E1","17","org.Mm.eg.db","Emr1","Q3U1M9;Q3U9R0;Q61549"
"Ednrb","Ednrb","Ednrb","EDNRB","endothelin receptor type B","14","org.Mm.eg.db","Ednrb","P48302;Q542M3;Q8K1V9"
"Cbr3","Cbr3","Cbr3","CBR3","carbonyl reductase 3","16","org.Mm.eg.db","Cbr3","Q8K354"
"Raet1e","Raet1e","Raet1e","RAET1E","retinoic acid early transcript 1E","10","org.Mm.eg.db","Raet1e","A2RSZ5;D7F2B6;Q9CZQ6"
"4631426J05Rik","4631426J05Rik","Chst15","CHST15","carbohydrate sulfotransferase 15","7","org.Mm.eg.db","4631426J05Rik","Q80TW4;Q8BLQ5;Q91XQ5;Q9D2N6"
"2310061G07Rik","2310061G07Rik","Lypd3","LYPD3","Ly6/Plaur domain containing 3","7","org.Mm.eg.db","2310061G07Rik","Q91YK8"
"Oit3","Oit3","Oit3","OIT3","oncoprotein induced transcript 3","10","org.Mm.eg.db","Oit3","P97806;Q811T0;Q8C9U1;Q8R4V5"
"E130014J05Rik","E130014J05Rik","Tet2","TET2","tet methylcytosine dioxygenase 2","3","org.Mm.eg.db","E130014J05Rik","D0VLQ5;Q3U5R5;Q3U633;Q3UAI0;Q4JK59;Q6ZPN2;Q8K2K3;A0A0G2JF55"
"AI747448","AI747448","","",NA,NA,"org.Mm.eg.db","AI747448",NA
"Lyzs","Lyzs","Lyz2","LYZ","lysozyme 2",NA,"org.Mm.eg.db","Lyzs","A0A077S2U6;P08905;Q3TXG2;Q3U5Q2;Q3U690;Q8VE78"
"Acat2","Acat2","Acat2","ACAT2","acetyl-Coenzyme A acetyltransferase 2","17","org.Mm.eg.db","Acat2","Q3TJY7;Q62292;Q8CAY6;Q8R4V3;Q96EB7;Q99K88;Q9CYV2"
"Pde6h","Pde6h","Pde6h","PDE6H","phosphodiesterase 6H, cGMP-specific, cone, gamma","6","org.Mm.eg.db","Pde6h","A0A0N4SVP6;P61249;Q14BP9;Q9D1Y6;Q9EP63"
"LOC13909","LOC13909","","",NA,NA,"org.Mm.eg.db","LOC13909",NA
"Sdh1","Sdh1","Sord","SORD","sorbitol dehydrogenase","2","org.Mm.eg.db","Sdh1","Q569V5;Q64442;Q9CPS0"
"Mvd","Mvd","Mvd","MVD","mevalonate (diphospho) decarboxylase","8","org.Mm.eg.db","Mvd","Q3TCD8;Q3UYC1;Q8BTM4;Q922D7;Q99JF5"
"Timm17a","Timm17a","Timm17a","TIMM17A","translocase of inner mitochondrial membrane 17a","1","org.Mm.eg.db","Timm17a","Q545U2;Q9Z0V8"
"Tm7sf1","Tm7sf1","Gpr137b","GPR137B","G protein-coupled receptor 137B","13","org.Mm.eg.db","Tm7sf1","A0A0R4J022;Q3T9U4;Q8BNQ3;Q99LK4;Q9JHD9;A0A1Y7VLJ5;Q8C7F6"
"Trappc3","Trappc3","Trappc3","TRAPPC3","trafficking protein particle complex 3","4","org.Mm.eg.db","Trappc3","O55013;Q3U9K9"
"Hrc","Hrc","Hrc","HRC","histidine rich calcium binding protein","7","org.Mm.eg.db","Hrc","G5E8J6;Q9QZV4"
"Cpox","Cpox","Cpox","CPOX","coproporphyrinogen oxidase","16","org.Mm.eg.db","Cpox","P36552;Q3U029;Q7TQ36;Q8VD08"
"Map17","Map17","Pdzk1ip1","PDZK1IP1","PDZK1 interacting protein 1","4","org.Mm.eg.db","Map17","G3UW41;A8C1X3;Q9CQH0"
"B230378H13Rik","B230378H13Rik","Tacc1","TACC1","transforming, acidic coiled-coil containing protein 1","8","org.Mm.eg.db","B230378H13Rik","Q05A66;Q6Y685;Q6Y686;F8VQ95"
"Ptpro","Ptpro","Ptpro","PTPRO","protein tyrosine phosphatase receptor type O","6","org.Mm.eg.db","Ptpro","E9Q4I1;Q9JLU0;E9PVJ6;Q60998;Q60999;Q61000;A0A0N4SUY2;Q4U214;Q3UWY6;E9Q612;Q7TSY7;Q9ERM5"
"Lrat","Lrat","Lrat","LRAT","lecithin-retinol acyltransferase (phosphatidylcholine-retinol-O-acyltransferase)","3","org.Mm.eg.db","Lrat","B2RUR5;Q9JI60"
"Serpinb6b","Serpinb6b","Serpinb6b","","serine (or cysteine) peptidase inhibitor, clade B, member 6b","13","org.Mm.eg.db","Serpinb6b","O08804"
"Cpxm1","Cpxm1","Cpxm1","CPXM1","carboxypeptidase X, M14 family member 1","2","org.Mm.eg.db","Cpxm1","A2BI86;Q99LA3;Q9Z100"
"Amy1","Amy1","Amy1","AMY2A","amylase 1, salivary","3","org.Mm.eg.db","Amy1","P00687;Q921Y7"
"U2af1","U2af1","U2af1","U2AF1","U2 small nuclear ribonucleoprotein auxiliary factor (U2AF) 1","17","org.Mm.eg.db","U2af1","G3UW94;Q14C24;Q564E4;Q99LX2;Q9CZ98;Q9D883"
"Ppic","Ppic","Ppic","PPIC","peptidylprolyl isomerase C","18","org.Mm.eg.db","Ppic","P30412;Q3UC73"
"Prp19","Prp19","Prpf19","PRPF19","pre-mRNA processing factor 19","19","org.Mm.eg.db","Prp19","Q99KP6;Q3TP64;Q4ADG5;Q8BKZ5;Q8BVQ4"
"Pmaip1","Pmaip1","Pmaip1","PMAIP1","phorbol-12-myristate-13-acetate-induced protein 1","18","org.Mm.eg.db","Pmaip1","Q9JM54"
"Hpgd","Hpgd","Hpgd","HPGD","hydroxyprostaglandin dehydrogenase 15 (NAD)","8","org.Mm.eg.db","Hpgd","Q61106;Q8VCC1"
"A630024B12Rik","A630024B12Rik","Klrb1f","KLRB1","killer cell lectin-like receptor subfamily B member 1F","6","org.Mm.eg.db","A630024B12Rik","G4WMX8;I3QI43;Q1AFZ8;Q3TDT3;Q8C9Q1;Q8VD98"
"4930415F15Rik","4930415F15Rik","Spmip7","SPMIP7","sperm microtubule inner protein 7","11","org.Mm.eg.db","4930415F15Rik","F8WJ82;Q5NC83;Q9D5M8"
"Tpm4","Tpm4","Tpm4","TPM4","tropomyosin 4","8","org.Mm.eg.db","Tpm4","Q6IRU2"
"Sult1d1","Sult1d1","Sult1d1","","sulfotransferase family 1D, member 1","5","org.Mm.eg.db","Sult1d1","O35401;Q3UZZ6;Q6NZD1;Q9R2C2"
"Polydom","Polydom","Svep1","SVEP1","sushi, von Willebrand factor type A, EGF and pentraxin domain containing 1","4","org.Mm.eg.db","Polydom","A2AVA0;Q8C720;Q8CBT2;Q922H0;Q9CUT3;Q9ES77"
"Cd2","Cd2","Ccnd2","CCND2","cyclin D2","6","org.Mm.eg.db","Cd2","P30280;Q4FK45"
"Actn2","Actn2","Actn2","ACTN2","actinin alpha 2","13","org.Mm.eg.db","Actn2","G3UW84;Q8K3Q4;Q9JI91"
"1700003O08Rik","1700003O08Rik","Cep85l","CEP85L","centrosomal protein 85-like","10","org.Mm.eg.db","1700003O08Rik","A0A1W2P884;E9QA61"
"Bcl9l","Bcl9l","Bcl9l","BCL9L","B cell CLL/lymphoma 9-like","9","org.Mm.eg.db","Bcl9l","Q641L9;Q67FY2;Q6GQY0;Q6I7B5"
"Uhrf1","Uhrf1","Uhrf1","UHRF1","ubiquitin-like, containing PHD and RING finger domains, 1","17","org.Mm.eg.db","Uhrf1","Q3U9D7;Q3U9P2;Q3UI74;Q3UIE6;Q3ULF2;Q3ULQ0;Q8C6F1;Q8VDF2;Q8VIA1;Q9Z1H6"
"Pgd","Pgd","Ptgdr;Phgdh","PTGDR","prostaglandin D receptor; 3-phosphoglycerate dehydrogenase","14;3","org.Mm.eg.db","Pgd","A2RSY4;P70263;Q8CCM3;Q3TEE5;Q61753;Q75SV9;Q8C603"
"Ly108","Ly108","Slamf6","SLAMF6","SLAM family member 6","1","org.Mm.eg.db","Ly108","C6ESQ1;Q18PJ0;Q18PJ2;Q9ET39;Q9ET40;Q18PG5"
"Prg","Prg","Srgn;Arhgef11","SRGN","serglycin; Rho guanine nucleotide exchange factor 11","10;3","org.Mm.eg.db","Prg","P13609;Q3TZD4;Q8C2U2;E9Q0A3;Q68FM7"
"Prlr","Prlr","Prlr","PRLR","prolactin receptor","15","org.Mm.eg.db","Prlr","G3UVW6;Q8C7G1;P15212;P15213;Q08501;Q62099;Q99JZ1"
"Ptprb","Ptprb","Ptprb","PTPRB","protein tyrosine phosphatase receptor type B","10","org.Mm.eg.db","Ptprb","A0A1W2P7W3;B2RU80;Q3UGZ7;Q8CIW2"
"4930503L19Rik","4930503L19Rik","4930503L19Rik","C18orf54","RIKEN cDNA 4930503L19 gene","18","org.Mm.eg.db","4930503L19Rik","G8CZ46;A0A1D5RMK7;G8CZ65;G8CZ60;G8CZ56;Q3UFM3;G8CZ53;Q8BNS5;Q8C2X0;Q8CB14;G8CZ62"
"Mug1","Mug1","Mug1","","murinoglobulin 1","6","org.Mm.eg.db","Mug1","P28665;Q3UNE7;Q80XE6;A0A0N4SVU1"
"Midn","Midn","Midn","MIDN","midnolin","10","org.Mm.eg.db","Midn","Q3TPJ7;Q3U3X5;Q9JJJ6"
"4632434I11Rik","4632434I11Rik","Ddias","DDIAS","DNA damage-induced apoptosis suppressor","7","org.Mm.eg.db","4632434I11Rik","A2T1E9;E9QLR9;Q6NZG4"
"Clecsf6","Clecsf6","Clec4a2","CLEC4A","C-type lectin domain family 4, member a2","6","org.Mm.eg.db","Clecsf6","Q4VA33;Q9QZ15;Q923C7"
"BC042593","BC042593","Slc17a8","SLC17A8","solute carrier family 17 (sodium-dependent inorganic phosphate cotransporter), member 8",NA,"org.Mm.eg.db","BC042593","D3YTT3;Q8BFU8"
"Ms4a6c","Ms4a6c","Ms4a6c","","membrane-spanning 4-domains, subfamily A, member 6C","19","org.Mm.eg.db","Ms4a6c","Q6P6F8;Q3U8E1;Q8BVZ4;Q99N08;Q9D7Z9"
"Mmp27","Mmp27","Mmp27","MMP27","matrix metallopeptidase 27","9","org.Mm.eg.db","Mmp27","D3YV89;D3Z6I1"
"Cldn15","Cldn15","Cldn15","CLDN15","claudin 15","5","org.Mm.eg.db","Cldn15","Q9D7Z0;Q9D8A6;Q9Z0S5"
"Mtnr1a","Mtnr1a","Mtnr1a","MTNR1A","melatonin receptor 1A","8","org.Mm.eg.db","Mtnr1a","Q14AC3;Q61184"
"Notch1","Notch1","Notch1","NOTCH1","notch 1","2","org.Mm.eg.db","Notch1","Q01705;Q06007;Q3TZW2;Q3U3Y2;Q61905;Q7TQ50;Q7TQ51;Q7TQ52;Q8K428;Q99JC2;Q9QW58;Q9R0X7"
"Lama2","Lama2","Lama2","LAMA2","laminin, alpha 2","10","org.Mm.eg.db","Lama2","F8VQ43;Q05003;Q60675;Q64061"
"Spink4","Spink4","Spink4","SPINK4","serine peptidase inhibitor, Kazal type 4","4","org.Mm.eg.db","Spink4","O35679;Q149Z4"
"Pla2g7","Pla2g7","Pla2g7","PLA2G7","phospholipase A2, group VII (platelet-activating factor acetylhydrolase, plasma)","17","org.Mm.eg.db","Pla2g7","Q60963;Q8BKM3;Q921T4"
"Chst7","Chst7","Chst7","CHST7","carbohydrate sulfotransferase 7","X","org.Mm.eg.db","Chst7","Q99NB0;Q9EP78"
"Kdr","Kdr","Kdr","KDR","kinase insert domain protein receptor","5","org.Mm.eg.db","Kdr","C5H7S5;P35918;Q8VCD0"
"5830472M02Rik","5830472M02Rik","Ttpal","TTPAL","tocopherol (alpha) transfer protein-like","2","org.Mm.eg.db","5830472M02Rik","Q9D3D0;A6PW51;Q3U0R3;Q7TS94"
"Gpm6b","Gpm6b","Gpm6b","GPM6B","glycoprotein m6b","X","org.Mm.eg.db","Gpm6b","A2AEG4;A2AEG6;P35803;Q8R3J6;Q99L14;Q9D4F5;Q9JHG9;Q9JHI1;Q9JHK2;Q9JI62;Q9JI63;Q9JI64;Q9JI65;A2AEG3;Q3US81;Q3V0Z9"
"Fcrl3","Fcrl3","Fcgr4","","Fc receptor, IgG, low affinity IV","1","org.Mm.eg.db","Fcrl3","A0A0B4J1G0;Q3TC44;Q8R2R4;Q8R477"
"Ms4a6d","Ms4a6d","Ms4a6d","MS4A6A","membrane-spanning 4-domains, subfamily A, member 6D","19","org.Mm.eg.db","Ms4a6d","Q2TVW7;Q99N07;Q9D0X1;Q9EQY7"
"Ehhadh","Ehhadh","Ehhadh","EHHADH","enoyl-Coenzyme A, hydratase/3-hydroxyacyl Coenzyme A dehydrogenase","16","org.Mm.eg.db","Ehhadh","Q91W49;Q9DBM2"
"Wisp1","Wisp1","Ccn4","CCN4","cellular communication network factor 4","15","org.Mm.eg.db","Wisp1","O54775;Q3UFJ5;Q80ZL1"
"Hk2","Hk2","Hk2","HK2","hexokinase 2","6","org.Mm.eg.db","Hk2","E9Q5B5;O08528"
"Calr","Calr","Calr","CALR","calreticulin","8","org.Mm.eg.db","Calr","B2MWM9;P14211;Q3TVD2;Q3UWP8"
"Anxa3","Anxa3","Anxa3","ANXA3","annexin A3","5","org.Mm.eg.db","Anxa3","O35639;Q3TFK4;Q3U737;Q3UBI0;Q8C1X9"
"BC043118","BC043118","Crybg3","CRYBG3","beta-gamma crystallin domain containing 3",NA,"org.Mm.eg.db","BC043118","A0A338P6N4;Q80W49"
"Fkbp5","Fkbp5","Fkbp5","FKBP5","FK506 binding protein 5","17","org.Mm.eg.db","Fkbp5","Q3TX72;Q4FJN2;Q64378"
"4933409L06Rik","4933409L06Rik","Cep350","CEP350","centrosomal protein 350","1","org.Mm.eg.db","4933409L06Rik","A0A1D5RMJ4;D3YTP2;E9Q309;Q6A062;Q8BXM7"
"Kcne3","Kcne3","Kcne3","KCNE3","potassium voltage-gated channel, Isk-related subfamily, gene 3","7","org.Mm.eg.db","Kcne3","Q545H9;Q9WTW2"
"Mef2c","Mef2c","Mef2c","MEF2C","myocyte enhancer factor 2C","13","org.Mm.eg.db","Mef2c","A0A0G2JDT0;Q3V1B5;Q8CFN5;Q8R0H1;Q9D7L0;Q9QW20;A0A0G2JE18;A0A0G2JEC2;A0A0G2JDQ1;A0A0H2UKB6;A0A0H2UH28"
"Insm1","Insm1","Insm1","INSM1","insulinoma-associated 1","2","org.Mm.eg.db","Insm1","Q05BD7;Q63ZV0;Q9Z113"
"Krt2-4","Krt2-4","Krt2;Krt1c","KRT2","keratin 2; keratin 1 complex","15","org.Mm.eg.db","Krt2-4","Q0VBW1;Q3TTY5;Q61869"
"Pmvk","Pmvk","Pmvk","PMVK","phosphomevalonate kinase","3","org.Mm.eg.db","Pmvk","Q9D1G2;Q3THA3;Q8R021;Q9D6K3"
"Cyp2g1","Cyp2g1","Cyp2g1","","cytochrome P450, family 2, subfamily g, polypeptide 1","7","org.Mm.eg.db","Cyp2g1","Q9WV19"
"2310046G15Rik","2310046G15Rik","Prss23","PRSS23","serine protease 23","7","org.Mm.eg.db","2310046G15Rik","Q544M8;Q8BZS4;Q8VEG1;Q9D6X6"
"Cd2ap","Cd2ap","Cd2ap","CD2AP","CD2-associated protein","17","org.Mm.eg.db","Cd2ap","B2RRE8;A0A3B2W812;E9QL86;O88903;Q8K4Z1;Q8VCI9;Q9JLQ0"
"Gnmt","Gnmt","Gnmt","GNMT","glycine N-methyltransferase","17","org.Mm.eg.db","Gnmt","Q5I0T9;Q91WN7;Q9QXF8"
"Vcam1","Vcam1","Vcam1","VCAM1","vascular cell adhesion molecule 1","3","org.Mm.eg.db","Vcam1","P29533;Q3TR98;Q3UPN1"
"Edn1","Edn1","Edn1","EDN1","endothelin 1","13","org.Mm.eg.db","Edn1","P22387;P70203;P97338;Q544E0"
"Ptp4a1","Ptp4a1","Ptp4a1","PTP4A1","protein tyrosine phosphatase 4a1","1","org.Mm.eg.db","Ptp4a1","B9EKL6;O09097;O09154;Q3UFU9;Q63739"
"Casp12","Casp12","Casp12","CASP12","caspase 12","9","org.Mm.eg.db","Casp12","O08736;Q3TT82;Q8BSX6;E9Q575;Q6B837"
"Asc","Asc","Pycard","PYCARD","PYD and CARD domain containing","7","org.Mm.eg.db","Asc","Q54AA2;Q9D2W9;Q9EPB4"
"D530025C17Rik","D530025C17Rik","Srbd1","SRBD1","S1 RNA binding domain 1","17","org.Mm.eg.db","D530025C17Rik","F8WGW3;Q497V5"
"Rptn","Rptn","Rptn","RPTN","repetin","3","org.Mm.eg.db","Rptn","G3X968;P97347"
"Slc2a6","Slc2a6","Slc2a6","SLC2A6","solute carrier family 2 (facilitated glucose transporter), member 6","2","org.Mm.eg.db","Slc2a6","A2AR26;Q3TLU5;Q3UDF0;Q8BTN2"
"Il7r","Il7r","Il7r","IL7R","interleukin 7 receptor","15","org.Mm.eg.db","Il7r","A0A2I3BRC2;Q5FW78;P16872;Q8C9W4;Q9R0C1"
"1110056A04Rik","1110056A04Rik","Mypn","MYPN","myopalladin","10","org.Mm.eg.db","1110056A04Rik","Q5DTJ9;Q7TPW5;Q8BZ76"
"5830404H04Rik","5830404H04Rik","C2cd2","C2CD2","C2 calcium-dependent domain containing 2","16","org.Mm.eg.db","5830404H04Rik","E9Q3C1;Q3TE01;Q3UP20;Q5DTR6;Q80XM8"
"Cyp2c65","Cyp2c65","Cyp2c65","CYP2C9","cytochrome P450, family 2, subfamily c, polypeptide 65","19","org.Mm.eg.db","Cyp2c65","Q148B1;Q5GLZ1"
"Itih4","Itih4","Itih4","ITIH4","inter alpha-trypsin inhibitor, heavy chain 4","14","org.Mm.eg.db","Itih4","E9PVD2;E9Q5L2;A0A2K6EDJ7;A6X935;O54882;Q505P8;Q8C7G9;Q8C7K5;Q91W60;Q9DBK8"
"AA175286","AA175286","","",NA,NA,"org.Mm.eg.db","AA175286",NA
"Hal","Hal","Hal","HAL","histidine ammonia lyase","10","org.Mm.eg.db","Hal","B2RXW1;P35492;Q8CE60"
"1810008K16Rik","1810008K16Rik","Tmed11","","transmembrane p24 trafficking protein 11","5","org.Mm.eg.db","1810008K16Rik","A2RTW8;Q9D2R4;Q9D941"
"Timp1","Timp1","Timp1","TIMP1","tissue inhibitor of metalloproteinase 1","X","org.Mm.eg.db","Timp1","P12032;P20064;Q61720"
"AW555464","AW555464","","",NA,NA,"org.Mm.eg.db","AW555464",NA
"Prtn3","Prtn3","Prtn3","PRTN3","proteinase 3","10","org.Mm.eg.db","Prtn3","A0A0R4IZY6;O08809;Q61096"
"Cdc25a","Cdc25a","Cdc25a","CDC25A","cell division cycle 25A","9","org.Mm.eg.db","Cdc25a","Q80VD9;E9PVD0;P48964"
"Cd83","Cd83","Cd83","CD83","CD83 antigen","13","org.Mm.eg.db","Cd83","O88324;Q3T9H6"
"Ass1","Ass1","Ass1","ASS1","argininosuccinate synthetase 1","2","org.Mm.eg.db","Ass1","P16460;Q3UEJ7;Q3UJ34"
"Pfn1","Pfn1","Pfn1","PFN1","profilin 1","11","org.Mm.eg.db","Pfn1","P10924;P62962;Q3U7V7;Q5SX50;Q8CEH8"
"Pdgfrb","Pdgfrb","Pdgfrb","PDGFRB","platelet derived growth factor receptor, beta polypeptide","18","org.Mm.eg.db","Pdgfrb","Q7TMR8;E9QPE2;P05622"
"Eif4ebp2","Eif4ebp2","Eif4ebp2","EIF4EBP2","eukaryotic translation initiation factor 4E binding protein 2","10","org.Mm.eg.db","Eif4ebp2","P70445;Q3UFP6;Q3UZD4"
"2310035M22Rik","2310035M22Rik","Trim59","TRIM59","tripartite motif-containing 59","3","org.Mm.eg.db","2310035M22Rik","D3Z0I5;E9QKA7;Q922Y2;Q9CSP2;Q9CUD5;Q9D740"
"4921508E09Rik","4921508E09Rik","Spesp1","SPESP1","sperm equatorial segment protein 1","9","org.Mm.eg.db","4921508E09Rik","Q9D5A0;Q9D5X8"
"2810489O06Rik","2810489O06Rik","Lhfpl6","LHFPL6","LHFPL tetraspan subfamily member 6","3","org.Mm.eg.db","2810489O06Rik","Q3T9G7;Q3TWU2;Q8BM86"
"Bach1","Bach1","Bach1;Brip1","BACH1","BTB and CNC homology 1, basic leucine zipper transcription factor 1; BRCA1 interacting protein C-terminal helicase 1","16;11","org.Mm.eg.db","Bach1","P97302;Q3URL4;Q3US24;Q5SXJ3;Q8BJQ8;Q8BKI6"
"E130314M08Rik","E130314M08Rik","Clspn","CLSPN","claspin","4","org.Mm.eg.db","E130314M08Rik","B1ARX6;Q69GM2;Q80YR7"
"Tnfsf6","Tnfsf6","Fasl","FASLG","Fas ligand","1","org.Mm.eg.db","Tnfsf6","Q99PH8;P41047;Q544E9;Q61217;Q7TMV9;Q9R1F2"
"C330006A16Rik","C330006A16Rik","Tmem250","TMEM250","transmembrane protein 250","2","org.Mm.eg.db","C330006A16Rik","A0A571BES4"
"2310004K20Rik","2310004K20Rik","Serinc2","SERINC2","serine incorporator 2","4","org.Mm.eg.db","2310004K20Rik","B2KFY0;Q8C6D8;Q8K0E7;E9Q7Q6"
"5730496F10Rik","5730496F10Rik","Dnajb14","DNAJB14","DnaJ heat shock protein family (Hsp40) member B14","3","org.Mm.eg.db","5730496F10Rik","Q149L6;Q3TU54;Q3UTE5"
"Tuba1","Tuba1","Tuba1a","TUBA1A","tubulin, alpha 1A","15","org.Mm.eg.db","Tuba1","P68369;Q3TGF0;Q3TIW2;Q3TIZ0;Q3TPJ1;Q3ULN1;Q5XJF8"
"Arhgap15","Arhgap15","Arhgap15","ARHGAP15","Rho GTPase activating protein 15","2","org.Mm.eg.db","Arhgap15","A0A2X0SSE2;B1AW40;Q3T9M8;Q3TCU0;Q811M1;Q8C0I5;Q8JZY0;B2X2D4"
"Mcm2","Mcm2","Mcm2;Mchm2","MCM2","minichromosome maintenance complex component 2; modifier of chinchilla-mottled 2","6","org.Mm.eg.db","Mcm2","O08971;O89057;P97310;Q3UJN1;Q8C2R0"
"4930485B16Rik","4930485B16Rik","Cfap54","CFAP54","cilia and flagella associated protein 54","10","org.Mm.eg.db","4930485B16Rik","A0A0K0NTX9;D3Z3Q2;E9PUV7;Q8C6S9"
"2610509H23Rik","2610509H23Rik","Rnf146","RNF146","ring finger protein 146","10","org.Mm.eg.db","2610509H23Rik","E0CX97;Q3TF93;Q3U6Y7;Q9CZW6"
"Slc7a9","Slc7a9","Slc7a9","SLC7A9","solute carrier family 7 (cationic amino acid transporter, y+ system), member 9","7","org.Mm.eg.db","Slc7a9","Q3UQE3;Q9QXA6"
"Cfh","Cfh","Cfh","CFH","complement component factor h","1","org.Mm.eg.db","Cfh","E9Q8I0;P06909;Q6NZK3"
"Rpl3l","Rpl3l","Rpl3l","RPL3L","ribosomal protein L3-like","17","org.Mm.eg.db","Rpl3l","E9PWZ3;Q5U470;Q9CQ09"
"2900005J15Rik","2900005J15Rik","2900005J15Rik","","RIKEN cDNA 2900005J15 gene","5","org.Mm.eg.db","2900005J15Rik",NA
"Sfxn5","Sfxn5","Sfxn5","SFXN5","sideroflexin 5","6","org.Mm.eg.db","Sfxn5","Q8BGG3;Q8BRQ9;Q925N0"
"Tm6sf1","Tm6sf1","Tm6sf1","TM6SF1","transmembrane 6 superfamily member 1","7","org.Mm.eg.db","Tm6sf1","D3YX52;P58749;Q3TA39;Q8BUN7"
"Copeb","Copeb","Klf6","KLF6","Kruppel-like transcription factor 6","13","org.Mm.eg.db","Copeb","Q3UGJ1;Q8BPQ2;Q8VDZ7"
"2310061N23Rik","2310061N23Rik","Ifi27l2a","","interferon, alpha-inducible protein 27 like 2A","12","org.Mm.eg.db","2310061N23Rik","Q8R412"
"2610301F02Rik","2610301F02Rik","Ccdc141","CCDC141","coiled-coil domain containing 141","2","org.Mm.eg.db","2610301F02Rik","A2AST1;E9Q8Q6;Q8BLD3"
"Mb","Mb","Mb","MB","myoglobin","15","org.Mm.eg.db","Mb","P04247;Q3UVB1"
"BC017158","BC017158","Rusf1","RUSF1","RUS family member 1",NA,"org.Mm.eg.db","BC017158","A0A0R4J0B5;Q3TCP4;Q3UEA8;Q3UFY1;Q91W34"
"Ccbl1","Ccbl1","Kyat1","KYAT1","kynurenine aminotransferase 1","2","org.Mm.eg.db","Ccbl1","A2AQY9;Q05CI8;Q8BTY1;Q8BY27;A2AQY8"
"Sgk2","Sgk2","Sgk2;Thoc5","SGK2","serum/glucocorticoid regulated kinase 2; THO complex 5","2;11","org.Mm.eg.db","Sgk2","Q3UW73;B7ZC31;Q8R0P6;Q9QZS5;Q69ZU0;Q8BKT7;Q8CHR3;A0A0R4J0J6"
"Scrg3","Scrg3","Zc3h7b","ZC3H7B","zinc finger CCCH type containing 7B","15","org.Mm.eg.db","Scrg3","F8VPP8"
"Hspa5bp1","Hspa5bp1","Tmem132a","TMEM132A","transmembrane protein 132A","19","org.Mm.eg.db","Hspa5bp1","Q69ZF9;Q8BX93;Q922P8"
"Klra2","Klra2","Klra2","","killer cell lectin-like receptor, subfamily A, member 2","6","org.Mm.eg.db","Klra2","A0FK58;E9Q433;Q6P263;Q9D3R1;Q9JHG5"
"Nek2","Nek2","Nek2","NEK2","NIMA (never in mitosis gene a)-related expressed kinase 2","1","org.Mm.eg.db","Nek2","Q6PFG1;Q8BP64;O35942;O35959;Q3TPD7"
"A230091H23","A230091H23","","",NA,NA,"org.Mm.eg.db","A230091H23",NA
"Ptprc","Ptprc","Ptprc","PTPRC","protein tyrosine phosphatase receptor type C","1","org.Mm.eg.db","Ptprc","E9QLT5;P06800;Q61812;Q61813;Q61814;Q61815;Q64730;Q78EF1;S4R1S4;S4R2V1;Q3U382;S4R1M0"
"Tubb4","Tubb4","Tubb4a","TUBB4A","tubulin, beta 4A class IVA","17","org.Mm.eg.db","Tubb4","Q3U9U3;Q62364;Q80Y54;Q9D6F9"
"3930401K13Rik","3930401K13Rik","Glyr1","GLYR1","glyoxylate reductase 1 homolog (Arabidopsis)","16","org.Mm.eg.db","3930401K13Rik","D3YYT1;Q3TX02;Q922P9;Q9CYQ1"
"Dsip1","Dsip1","Tsc22d3","TSC22D3","TSC22 domain family, member 3","X","org.Mm.eg.db","Dsip1","Q9Z2S7;B1AVF3;C6EX03;Q3UNI6;Q8K160;Q9EQN0;Q9EQN1;Q9EQN2"
"4930483I10","4930483I10","","",NA,NA,"org.Mm.eg.db","4930483I10",NA
"Cth","Cth","Cth","CTH","cystathionine gamma lyase","3","org.Mm.eg.db","Cth","Q6H324;Q8VCN5"
"Snf1lk","Snf1lk","Sik1","SIK1","salt inducible kinase 1","17","org.Mm.eg.db","Snf1lk","Q3UR46;Q571I6;Q60670"
"Serpina3n","Serpina3n","Serpina3n","","serine (or cysteine) peptidase inhibitor, clade A, member 3N","12","org.Mm.eg.db","Serpina3n","G3X8T9;Q62258;Q91WP6"
"Cd244","Cd244","Cd244a","CD244","CD244 molecule A","1","org.Mm.eg.db","Cd244","Q3S4B1;O88654;Q07763;Q3UV86;Q9JIE0"
"Heph","Heph","Heph","HEPH","hephaestin","X","org.Mm.eg.db","Heph","A2AI63;Q6ZQ65;Q80Y80;Q8C4S2;Q9Z0Z4;A2AI62"
"Bcl3","Bcl3","Bcl3","BCL3","B cell leukemia/lymphoma 3","7","org.Mm.eg.db","Bcl3","Q3U300;Q9Z2F6"
"Agxt","Agxt","Agxt","AGXT","alanine-glyoxylate aminotransferase","1","org.Mm.eg.db","Agxt","Q3UEN9;O35423;Q8R128"
"Tagln2","Tagln2","Tagln2","TAGLN2","transgelin 2","1","org.Mm.eg.db","Tagln2","Q3TIB8;Q6A0C6;Q78ZX2;Q91VU2;Q9WVA4"
"Mgst3","Mgst3","Mgst3","MGST3","microsomal glutathione S-transferase 3","1","org.Mm.eg.db","Mgst3","Q3UXC5;Q9CPU4;Q9D834"
"4932407I05","4932407I05","4932407I05","","uncharacterized protein 4932407I05",NA,"org.Mm.eg.db","4932407I05",NA
"C630005D06Rik","C630005D06Rik","Tmem104","TMEM104","transmembrane protein 104","11","org.Mm.eg.db","C630005D06Rik","A2A6S1;B2RU54;Q3TB48;Q3U2Y2"
"Synpo","Synpo","Synpo","SYNPO","synaptopodin","18","org.Mm.eg.db","Synpo","Q3TY32;Q3URF1;Q3TA13;Q3U336;Q8CC35;Q99JI0;E9Q3E2"
"AI931714","AI931714","","",NA,NA,"org.Mm.eg.db","AI931714",NA
"Olfr1450","Olfr1450","Or5b98","","olfactory receptor family 5 subfamily B member 98","19","org.Mm.eg.db","Olfr1450","Q8VF19"
"Slco1b2","Slco1b2","Slco1b2","SLCO1B3","solute carrier organic anion transporter family, member 1b2","6","org.Mm.eg.db","Slco1b2","A0A0N4SUN2;Q9JI79;Q9JJJ1;Q9JJL3"
"Nfix","Nfix","Nfix","NFIX","nuclear factor I/X","8","org.Mm.eg.db","Nfix","E9PUH7;Q5CZY4;D3YZ00;O08519;P70257;P70258;Q64192;Q99L78;Q9R1G2;Q3TYK3"
"Slc25a24","Slc25a24","Slc25a24","SLC25A24","solute carrier family 25 (mitochondrial carrier, phosphate carrier), member 24","3","org.Mm.eg.db","Slc25a24","Q3TCQ2;Q3THY3;Q7TPC2;Q8BMD8"
"Emcn","Emcn","Emcn","EMCN","endomucin","3","org.Mm.eg.db","Emcn","A0A0G2JDR2;Q78KL2;Q9DCN9;Q9R0H2;Q9ULC1;Q9Z2I1"
"Pkib","Pkib","Pkib","PKIB","protein kinase inhibitor beta, cAMP dependent, testis specific","10","org.Mm.eg.db","Pkib","F8WGJ1;Q3TZU5;Q5M8R3;F7D7A9;Q8BNE5"
"Cav2","Cav2","Cav2","CAV2","caveolin 2","6","org.Mm.eg.db","Cav2","Q924U3;Q924U4;Q3TYR4;Q9WVC3"
"Dll4","Dll4","Dll4;Gm14207","DLL4","delta like canonical Notch ligand 4; predicted gene 14207","2","org.Mm.eg.db","Dll4","Q9DBU9;Q9JHZ7;Q9JI71"
"Pspc1","Pspc1","Pspc1","PSPC1","paraspeckle protein 1","14","org.Mm.eg.db","Pspc1","Q3TUK2;Q8R326;Q9CYH1;Q9D0M8"
"Lor","Lor","Loricrin","LORICRIN","loricrin cornified envelope precursor protein","3","org.Mm.eg.db","Lor","P18165;Q8R0I9"
"Ctss","Ctss","Ctss","CTSS","cathepsin S","3","org.Mm.eg.db","Ctss","F6WR04;Q3UD32;E9QK18;O54973;O70370;Q8BSZ5;Q99M14;Q3U5K1"
"Hoxb4","Hoxb4","Hoxb4","HOXB4","homeobox B4","11","org.Mm.eg.db","Hoxb4","P10284;Q3UZB4;Q4VBG0"
"Agpt2","Agpt2","Angpt2","ANGPT2","angiopoietin 2","8","org.Mm.eg.db","Agpt2","B9EHQ4;O35608;Q3U1A1;Q9D2D2"
"5730485H21Rik","5730485H21Rik","Filip1","FILIP1","filamin A interacting protein 1","9","org.Mm.eg.db","5730485H21Rik","Q059P4;Q9CS72;A0A5F8MPD6"
"Ngef","Ngef","Ngef","NGEF","neuronal guanine nucleotide exchange factor","1","org.Mm.eg.db","Ngef","E9QK62;Q8CHT1;Q8R204;Q923H2;Q9JHT9"
"Msr1","Msr1","Msr1","MSR1","macrophage scavenger receptor 1","8","org.Mm.eg.db","Msr1","E9QNQ5;P30204;Q923G0;Q9QZ56;Q8CED7"
"A230035L05Rik","A230035L05Rik","Slc41a2","SLC41A2","solute carrier family 41, member 2","10","org.Mm.eg.db","A230035L05Rik","B2RQZ3;Q8BYR8"
"BC003322","BC003322","Lysmd3","LYSMD3","LysM, putative peptidoglycan-binding, domain containing 3",NA,"org.Mm.eg.db","BC003322","Q99LE3"
"Npc1","Npc1","Npc1","NPC1","NPC intracellular cholesterol transporter 1","18","org.Mm.eg.db","Npc1","G3X8W9;O35604;O35605;Q7TMD4"
"Gtf2a1","Gtf2a1","Gtf2a1","GTF2A1","general transcription factor II A, 1","12","org.Mm.eg.db","Gtf2a1","Q0VGZ0;Q8C812;Q99PM3;Q149E9"
"AI481100","AI481100","","",NA,NA,"org.Mm.eg.db","AI481100",NA
"Ugdh","Ugdh","Ugdh","UGDH","UDP-glucose dehydrogenase","5","org.Mm.eg.db","Ugdh","O70475;Q3TJ71;Q3TJE8;Q3TS38;Q3UIZ1"
"Pla2g6","Pla2g6","Pla2g6","PLA2G6","phospholipase A2, group VI","15","org.Mm.eg.db","Pla2g6","P97819;Q3U613;Q7TPX2;Q99LA9;Q9JK61;Q3UN31"
"Cnr2","Cnr2","Cnr2;Pcdha6","CNR2","cannabinoid receptor 2; protocadherin alpha 6","4;18","org.Mm.eg.db","Cnr2","P47936;Q544H5;O88690;Q91Y14"
"Boc","Boc","Boc","BOC","BOC cell adhesion associated, oncogene regulated","16","org.Mm.eg.db","Boc","D3Z763;Q6AZB0;Q6KAM5;Q6P5H3;Q7TMJ3;Q8CE73;Q8CE91;Q8R377;Q923W7"
"Foxj1","Foxj1","Foxj1","FOXJ1","forkhead box J1","11","org.Mm.eg.db","Foxj1","Q3US42;Q61660;Q640Q8"
"LOC239447","LOC239447","","",NA,NA,"org.Mm.eg.db","LOC239447",NA
"Fads2","Fads2","Fads2","FADS2","fatty acid desaturase 2","19","org.Mm.eg.db","Fads2","F2WWK6;Q9Z0R9"
"6330500A18Rik","6330500A18Rik","Stx16","STX16","syntaxin 16","2","org.Mm.eg.db","6330500A18Rik","Q0VGN4;F7CJY7;Q8C0W8;A2ACM7;Q8BVI5"
"D630024B06Rik","D630024B06Rik","Wdhd1","WDHD1","WD repeat and HMG-box DNA binding protein 1","14","org.Mm.eg.db","D630024B06Rik","A0A2K6EDP7;P59328;Q6P408;A0A0R4J1F8"
"B2m","B2m","B2m","B2M","beta-2 microglobulin","2","org.Mm.eg.db","B2m","P01887;Q3U679;Q91XJ8"
"Syt13","Syt13","Syt13","SYT13","synaptotagmin XIII","2","org.Mm.eg.db","Syt13","Q6ZPR2;Q8BRK6;Q9EQT6"
"Csf2ra","Csf2ra","Csf2ra","CSF2RA","colony stimulating factor 2 receptor, alpha, low-affinity (granulocyte-macrophage)","19","org.Mm.eg.db","Csf2ra","B2RWT6;E9QJX0;Q00941"
"Adamts2","Adamts2","Adamts2","ADAMTS2","ADAM metallopeptidase with thrombospondin type 1 motif 2","11","org.Mm.eg.db","Adamts2","A0A5F8MPY1;Q8C9W3"
"Ckb","Ckb","Chkb;Ckb","CHKB","choline kinase beta; creatine kinase, brain","15;12","org.Mm.eg.db","Ckb","O55229;Q54AG5;Q04447;Q3KQP4;Q3TKI3;Q3U5P5;Q3UF71;Q9CXK6"
"Cpne2","Cpne2","Cpne2","CPNE2","copine II","8","org.Mm.eg.db","Cpne2","A0A0R4J1D0;P59108;Q8K1D7"
"Olfr616","Olfr616","Or51ac3","","olfactory receptor family 51 subfamily AC member 3","7","org.Mm.eg.db","Olfr616","Q3KPB0;Q8VH01"
"0610010O12Rik","0610010O12Rik","Cystm1","CYSTM1","cysteine-rich transmembrane module containing 1","18","org.Mm.eg.db","0610010O12Rik","D3YWV2;F5H8M7;D3YVS7;Q8BMU1;Q8K353"
"Enah","Enah","Enah","ENAH","ENAH actin regulator","1","org.Mm.eg.db","Enah","A0A0A6YW06;P70430;P70431;P70432;P70433;Q03173;Q5D053;A0A0A6YXC8;E9QKQ9;E9QLZ9;E9QKR1"
"Cdca3","Cdca3","Cdca3","CDCA3","cell division cycle associated 3","6","org.Mm.eg.db","Cdca3","D3Z3H6;O88837;Q8R2V1;Q99M54"
"Krt1-18","Krt1-18","Krt31c;Krt1","","keratin 31 complex; keratin 1","15","org.Mm.eg.db","Krt1-18","P04104;Q149E0;Q9D2K8"
"Grit","Grit","Arhgap32","ARHGAP32","Rho GTPase activating protein 32","9","org.Mm.eg.db","Grit","B9EHJ8;I7HFI3;Q6A010;Q811P8"
"Dkk3","Dkk3","Dkk3","DKK3","dickkopf WNT signaling pathway inhibitor 3","7","org.Mm.eg.db","Dkk3","Q9QUN9"
"Mnda","Mnda","Ifi211","","interferon activated gene 211","1","org.Mm.eg.db","Mnda","A0A1Z3MI21;B7ZNS3;P0DOV1;P15092;Q08619;Q3TM07;Q3U776;Q3U7F4;Q3U7K5;Q3UCH9;Q8C4X3;Q921V9"
"Ifi16","Ifi16","Ifi204","","interferon activated gene 204","1","org.Mm.eg.db","Ifi16","A0A1Z3MI45;P0DOV2"
"Fgl2","Fgl2","Fgl2","FGL2","fibrinogen-like protein 2","5","org.Mm.eg.db","Fgl2","P12804;Q544K3"
"Pole2","Pole2","Pole2","POLE2","polymerase (DNA directed), epsilon 2 (p59 subunit)","12","org.Mm.eg.db","Pole2","O54956;Q3TA87;Q6P3Y7;Q8BP72;A0A1Y7VN66"
"Fbn1","Fbn1","Fbn1","FBN1","fibrillin 1","2","org.Mm.eg.db","Fbn1","A2AQ53;Q60826;Q61554"
"Nudt12","Nudt12","Nudt12","NUDT12","nudix hydrolase 12","17","org.Mm.eg.db","Nudt12","Q3UGL8;Q6PFA5;Q9DCN1"
"Zfp521","Zfp521","Zfp521","ZNF521","zinc finger protein 521","18","org.Mm.eg.db","Zfp521","Q6KAS7;Q8BIF5;Q8BV21;Q8CIQ2;Q8VDS6"
"Etnk2","Etnk2","Etnk2","ETNK2","ethanolamine kinase 2","1","org.Mm.eg.db","Etnk2","A7MCT6;B7ZNN6;D3Z771;Q6XRG2"
"Gpsn2","Gpsn2","Tecr","TECR","trans-2,3-enoyl-CoA reductase","8","org.Mm.eg.db","Gpsn2","G3UWE1;Q9CWN2;Q9CY27"
"Cdc42ep3","Cdc42ep3","Cdc42ep3","CDC42EP3","CDC42 effector protein 3","17","org.Mm.eg.db","Cdc42ep3","Q3UD77;Q8BVR7;Q9CQC5"
"S100a10","S100a10","S100a10","S100A10","S100 calcium binding protein A10 (calpactin)","3","org.Mm.eg.db","S100a10","P08207;Q3TC45;Q3UF30"
"5430435G22Rik","5430435G22Rik","Rab7b","RAB7B","RAB7B, member RAS oncogene family","1","org.Mm.eg.db","5430435G22Rik","J9UUF7;Q0PD09;Q8BJT0;Q8BZB1;Q8VEA8;D3YZQ6"
"BC038881","BC038881","B4galnt4","B4GALNT4","beta-1,4-N-acetyl-galactosaminyl transferase 4",NA,"org.Mm.eg.db","BC038881","Q766D5;Q8CHV2"
"Igsf6","Igsf6","Igsf6","IGSF6","immunoglobulin superfamily, member 6","7","org.Mm.eg.db","Igsf6","P0C6B7"
"Krt2-8","Krt2-8","Krt2;Krt1c","KRT2","keratin 2; keratin 1 complex","15","org.Mm.eg.db","Krt2-8","Q0VBW1;Q3TTY5;Q61869"
"BC011468","BC011468","Nrbp2","NRBP2","nuclear receptor binding protein 2",NA,"org.Mm.eg.db","BC011468","Q8R3M0;Q91V36"
"Vim","Vim","Vim","VIM","vimentin","2","org.Mm.eg.db","Vim","O08704;P20152;Q3U6S1;Q3V2S4;Q5FWJ3;Q8CCH1"
"D2Ertd435e","D2Ertd435e","Tubgcp4","TUBGCP4","tubulin, gamma complex component 4","2","org.Mm.eg.db","D2Ertd435e","Q3U6E9;Q8BWR3;Q8BYN2;Q543T6;Q9D4F8"
"9130211I03Rik","9130211I03Rik","Batf3","BATF3","basic leucine zipper transcription factor, ATF-like 3","1","org.Mm.eg.db","9130211I03Rik","Q9D275"
"6.72E+21","6.72E+21","","",NA,NA,"org.Mm.eg.db","6.72E+21",NA
"Padi2","Padi2","Padi2","PADI2","peptidyl arginine deiminase, type II","4","org.Mm.eg.db","Padi2","Q3TBF1;Q08642;Q75WD0"
"6530401C20Rik","6530401C20Rik","Amz1","AMZ1","archaelysin family metallopeptidase 1","5","org.Mm.eg.db","6530401C20Rik","A1L312;Q3U2S0;Q811F9;Q8BMM5;Q8BVF9"
"Sim1","Sim1","Sim1","SIM1","single-minded family bHLH transcription factor 1","10","org.Mm.eg.db","Sim1","O70284;P70183;Q61045"
"Ltbp3","Ltbp3","Ltbp3","LTBP3","latent transforming growth factor beta binding protein 3","19","org.Mm.eg.db","Ltbp3","F8VQ06;Q61810;Q6KAT1;Q8BNQ6"
"BC013481","BC013481","Rbm47","RBM47","RNA binding motif protein 47",NA,"org.Mm.eg.db","BC013481","Q3UQC7;Q8BZE8;Q91WT8;D3YXZ5"
"Sprrl2","Sprrl2","Lce1a2","","late cornified envelope 1A2","3","org.Mm.eg.db","Sprrl2","Q9D1K4"
"F2r","F2r","F2r","F2R","coagulation factor II thrombin receptor","13","org.Mm.eg.db","F2r","P30558;P97507;Q3TVP3;Q3UK34"
"Clca2","Clca2","Clca1;Clca3a2;Clca2","CLCA1","chloride channel accessory 1; chloride channel accessory 3A2; chloride channel accessory 2","3","org.Mm.eg.db","Clca2","O88826;Q8R049;Q9D7Z6;Q9EQR4;Q9R070;Q8BG22;Q8BZF7"
"Zfp292","Zfp292","Zfp292","ZNF292","zinc finger protein 292","4","org.Mm.eg.db","Zfp292","B1B0E1;B1B0E2;Q8BQX3;Q8BS87;Q8CGI6;Q922D3;Q9Z2U2;Q8CHF2"
"Il10ra","Il10ra","Il10ra","IL10RA","interleukin 10 receptor, alpha","9","org.Mm.eg.db","Il10ra","H3BKN6;Q3UE89;Q3U6I9;Q3UDL4;Q61727"
"BC013712","BC013712","Themis2","THEMIS2","thymocyte selection associated family member 2",NA,"org.Mm.eg.db","BC013712","Q3U5K5;Q91YX0"
"Nfia","Nfia","Nfia","NFIA","nuclear factor I/A","4","org.Mm.eg.db","Nfia","P70250;P70251;Q02780;Q3UTK6;Q3UUZ2;Q61960;Q8VBT5;Q9R1G5;B1AUB9;B1AUC0;Q05B39;Q69ZJ5"
"Marcks","Marcks","Marcks","MARCKS","myristoylated alanine rich protein kinase C substrate","10","org.Mm.eg.db","Marcks","A0A0A1HAM8;P26645"
"Ralgds","Ralgds","Ralgds","RALGDS","ral guanine nucleotide dissociation stimulator","2","org.Mm.eg.db","Ralgds","Q3TXZ3;Q3UQY9;Q3TWC1;A2AK33;Q6ZPU1;Q03385;Q8R077"
"AW209491","AW209491","AW209491","C7orf25","expressed sequence AW209491","13","org.Mm.eg.db","AW209491","Q8BP59;Q8BSU5;Q91WD4"
"Cd72","Cd72","Cd72","CD72","CD72 antigen","4","org.Mm.eg.db","Cd72","Q3UZ35;Q99L55;Q3UNJ0;Q3UB58;A2AIN5;A2AIN6;P21855;Q64225"
"Chek1","Chek1","Chek1","CHEK1","checkpoint kinase 1","9","org.Mm.eg.db","Chek1","O35280;O54925;Q497T8;Q8CI40;Q9D0N2"
"Fads1","Fads1","Fads1","FADS1","fatty acid desaturase 1","19","org.Mm.eg.db","Fads1","A0A494BBC6;Q3U494;Q8BZX7;Q8R0G8;Q8VC07;Q920L1;X2EXD0"
"Lgals4","Lgals4","Lgals4","LGALS4","lectin, galactose binding, soluble 4","7","org.Mm.eg.db","Lgals4","Q52LA0;A5XZ78;A5XZ79;O88353;Q3UL35;Q8K419;Q91X74"
"Clecsf10","Clecsf10","Clec4n","CLEC6A","C-type lectin domain family 4, member n","6","org.Mm.eg.db","Clecsf10","Q3U3M9;Q9JKF4;Q3V2N1;Q9JKF2;Q9JKF3"
"Pilra","Pilra","Pilra","PILRA","paired immunoglobin-like type 2 receptor alpha","5","org.Mm.eg.db","Pilra","Q2YFS3;Q8BYA6"
"Tfpi2","Tfpi2","Tfpi2","TFPI2","tissue factor pathway inhibitor 2","6","org.Mm.eg.db","Tfpi2","O35536;Q3V1S9"
"Dpyd","Dpyd","Dpyd","DPYD","dihydropyrimidine dehydrogenase","3","org.Mm.eg.db","Dpyd","Q80XT4;Q8CHR6"
"Ptpns1","Ptpns1","Sirpa","SIRPA","signal-regulatory protein alpha","2","org.Mm.eg.db","Ptpns1","A0A0R4J1Z7;P97797;E0CYM8;E9QPT7;O08907;O35924;O88555;O88556;P97796;Q2M4I8;Q8R559;Q9QX57;Q9WTN4;E0CX65;Q6P6I8"
"2700055K07Rik","2700055K07Rik","Tppp3","TPPP3","tubulin polymerization-promoting protein family member 3","8","org.Mm.eg.db","2700055K07Rik","Q1JPR8;Q3TUZ0;Q9CRB6"
"AI182371","AI182371","AI182371","","expressed sequence AI182371","2","org.Mm.eg.db","AI182371","Q505K6;Q8BWN9;A2AS37;A0A2I3BRQ1"
"Alas2","Alas2","Alas2","ALAS2","aminolevulinic acid synthase 2, erythroid","X","org.Mm.eg.db","Alas2","A2AFM1;Q3TA47;Q3TNI1;Q8R1G3;A2AFM0;P08680;Q64452;Q9DCN0"
"A330015D16Rik","A330015D16Rik","Ccdc171","CCDC171","coiled-coil domain containing 171","4","org.Mm.eg.db","A330015D16Rik","E9Q1U1;Q8BLX2;S4R1F3"
"BC031748","BC031748","Fam199x","FAM199X","family with sequence similarity 199, X-linked",NA,"org.Mm.eg.db","BC031748","B1AZH1;Q3U3R2;Q8K2D0"
"Il2rb","Il2rb","Il2rb","IL2RB","interleukin 2 receptor, beta chain","15","org.Mm.eg.db","Il2rb","P16297;Q3TEQ2;Q3TZT2;Q8CBU1"
"Ski","Ski","Ski","SKI","ski sarcoma viral oncogene homolog (avian)","4","org.Mm.eg.db","Ski","Q60698;Q8VIL5;B1AUF1"
"Mafa","Mafa","Klrg1","KLRG1","killer cell lectin-like receptor subfamily G, member 1","6","org.Mm.eg.db","Mafa","O88713;Q3T1F0"
"Enpp2","Enpp2","Enpp2","ENPP2","ectonucleotide pyrophosphatase/phosphodiesterase 2","15","org.Mm.eg.db","Enpp2","Q9R1E6;G3UXY9;A8UH85;A8UH93;B2ZP54;Q6PDE0;Q99LG9"
"Il1b","Il1b","Il1b","IL1B","interleukin 1 beta","2","org.Mm.eg.db","Il1b","P10749;Q2M4J6"
"Reg3a","Reg3a","Reg3a","REG3A","regenerating islet-derived 3 alpha","6","org.Mm.eg.db","Reg3a","O09037;Q794C6;Q9CVF4"
"Dnajc12","Dnajc12","Dnajc12","DNAJC12","DnaJ heat shock protein family (Hsp40) member C12","10","org.Mm.eg.db","Dnajc12","D3Z0D9;Q9CWA0;Q9R022"
"Mphosph1","Mphosph1","Kif20b","KIF20B","kinesin family member 20B","19","org.Mm.eg.db","Mphosph1","B7ZWN1;E9QPW5;Q3V347;Q80VC0;Q80WE4;Q8BLI2;Q99PT5"
"4631416L12Rik","4631416L12Rik","Arhgef26","ARHGEF26","Rho guanine nucleotide exchange factor 26","3","org.Mm.eg.db","4631416L12Rik","D3YYY8"
"Clca1","Clca1","Clca3a1;Clca1","","chloride channel accessory 3A1; chloride channel accessory 1","3","org.Mm.eg.db","Clca1","B7ZN73;O88860;Q3UQR1;Q8C324;Q8CCM1;Q9QX15;Q9R070;O88826;Q8R049;Q9D7Z6"
"A330080J22Rik","A330080J22Rik","Tfdp2","TFDP2","transcription factor Dp 2","9","org.Mm.eg.db","A330080J22Rik","F7AYT3;Q8BHD2;Q8C537;E9PWL5;Q8C8M7;J3QK26;Q3TY79;F6QG91;Q64163;A0A087WPU8;Q56A02;A0A087WPN5;A0A087WSK4;A0A0K0K1B8"
"Smc1l2","Smc1l2","Smc1b","SMC1B","structural maintenance of chromosomes 1B","15","org.Mm.eg.db","Smc1l2","A1L2Z0;Q920F6"
"Akap12","Akap12","Akap12","AKAP12","A kinase anchor protein 12","10","org.Mm.eg.db","Akap12","A0A668KLD3;A0A668KLV9;B2RRE0;Q80SS4;Q810D4;Q8BPK4;Q99MP1;Q9WTQ5"
"Hook1","Hook1","Hook1","HOOK1","hook microtubule tethering protein 1","4","org.Mm.eg.db","Hook1","Q8BIL5;Q8BIZ2;Q8K0P1;Q8K454;Q9CTN6"
"AW111922","AW111922","","",NA,NA,"org.Mm.eg.db","AW111922",NA
"Zfp503","Zfp503","Zfp503","ZNF503","zinc finger protein 503","14","org.Mm.eg.db","Zfp503","Q7TMA2;Q8VCV4"
"Scd2","Scd2","Scd2","SCD","stearoyl-Coenzyme A desaturase 2","19","org.Mm.eg.db","Scd2","P13011;Q8BH96"
"Oas2","Oas2","Oas2","OAS2","2'-5' oligoadenylate synthetase 2","5","org.Mm.eg.db","Oas2","E9Q9A9;Q8K4E5;Q8VI92"
"C1qg","C1qg","C1qc","C1QC","complement component 1, q subcomponent, C chain","4","org.Mm.eg.db","C1qg","A0A3B0INZ4;Q02105;Q6DI63"
"Pscdbp","Pscdbp","Cytip","CYTIP","cytohesin 1 interacting protein","2","org.Mm.eg.db","Pscdbp","A2AS77;Q3TCC3;Q3TLX8;Q3TZH1;Q8R4T4;Q91VY6;Q9QZA9"
"Gdf5","Gdf5","Gdf5","GDF5","growth differentiation factor 5","2","org.Mm.eg.db","Gdf5","A2ARK2;P43027"
"2310069P03Rik","2310069P03Rik","Dus4l","DUS4L","dihydrouridine synthase 4 like","12","org.Mm.eg.db","2310069P03Rik","A0A0R4J016;Q32M08;Q9D6P4"
"Gpr49","Gpr49","Lgr5","LGR5","leucine rich repeat containing G protein coupled receptor 5","10","org.Mm.eg.db","Gpr49","G3UXX4;Q3V1L2;Q9Z1P4"
"Pdcd1lg1","Pdcd1lg1","Cd274","CD274","CD274 antigen","19","org.Mm.eg.db","Pdcd1lg1","Q3U472;Q9EP73"
"Tk1","Tk1","Tk1","TK1","thymidine kinase 1","11","org.Mm.eg.db","Tk1","P04184;A0A1S6GWJ3;Q58EU0;Q8C3P8;Q921J8"
"AI173486","AI173486","","",NA,NA,"org.Mm.eg.db","AI173486",NA
"Osmr","Osmr","Osmr","OSMR","oncostatin M receptor","15","org.Mm.eg.db","Osmr","A0A0R4J268;B9EHD2;O70458;O88821;G3X8V6"
"Pla2g1b","Pla2g1b","Pla2g1b","PLA2G1B","phospholipase A2, group IB, pancreas","5","org.Mm.eg.db","Pla2g1b","D3YWH2;D3Z1N8;A6H6K5;Q9D7E2;Q9D884;Q9Z0Y2"
"BC004701","BC004701","Ercc6l","ERCC6L","excision repair cross-complementing rodent repair deficiency complementation group 6 like",NA,"org.Mm.eg.db","BC004701","Q8BGN1;Q8BHK9;Q8BRC9;Q8CE49"
"2400003B06Rik","2400003B06Rik","Tmed9","TMED9","transmembrane p24 trafficking protein 9","13","org.Mm.eg.db","2400003B06Rik","Q3U7N8;Q6PDC2;Q99KF1;Q9CX02"
"Gdf10","Gdf10","Gdf10","GDF10","growth differentiation factor 10","14","org.Mm.eg.db","Gdf10","P97737;Q53X20;Q6PE07"
"AU041783","AU041783","","",NA,NA,"org.Mm.eg.db","AU041783",NA
"Gpld1","Gpld1","Gpld1","GPLD1","glycosylphosphatidylinositol specific phospholipase D1","13","org.Mm.eg.db","Gpld1","Q8R432;Q8VCU2;Q9DBH3"
"Eif4a2","Eif4a2","Eif4a2;Eif4b","EIF4A2","eukaryotic translation initiation factor 4A2; eukaryotic translation initiation factor 4B","16;15","org.Mm.eg.db","Eif4a2","E9Q561;A0A338P6X5;Q8BTU6;Q4FZL1;P10630;Q52KC1;Q61513;Q61514;Q3TD64;Q3TSY9;Q3UGC0;Q8BGD9"
"2610036L13Rik","2610036L13Rik","Cdca5","CDCA5","cell division cycle associated 5","19","org.Mm.eg.db","2610036L13Rik","Q78HI6;Q9CPY3"
"Hexb","Hexb","Hexb","HEXB","hexosaminidase B","13","org.Mm.eg.db","Hexb","P20060;Q3TXR9"
"C1qb","C1qb","C1qb","C1QB","complement component 1, q subcomponent, beta polypeptide","4","org.Mm.eg.db","C1qb","P14106;Q3U6I5;Q3U793;Q3US82"
"1200013B08Rik","1200013B08Rik","Sash3","SASH3","SAM and SH3 domain containing 3","X","org.Mm.eg.db","1200013B08Rik","Q8K352;Q3TBX0;Q9DBV2"
"Ptgs1","Ptgs1","Ptgs1","PTGS1","prostaglandin-endoperoxide synthase 1","2","org.Mm.eg.db","Ptgs1","P22437;Q3UZ23;Q543T1;Q8CIL6"
"Myo5a","Myo5a","Myo5a","MYO5A","myosin VA","9","org.Mm.eg.db","Myo5a","E9PUE5;Q99104;D3Z4J3;D3YZ62"
"Gpt2","Gpt2","Gpt2","GPT2","glutamic pyruvate transaminase (alanine aminotransferase) 2","8","org.Mm.eg.db","Gpt2","Q8BGT5;Q8BVY7;Q8K1J3"
"A630077B13Rik","A630077B13Rik","Calhm6","CALHM6","calcium homeostasis modulator family member 6","10","org.Mm.eg.db","A630077B13Rik","Q8C9E8"
"Ephx1","Ephx1","Ephx1","EPHX1","epoxide hydrolase 1, microsomal","1","org.Mm.eg.db","Ephx1","E9PWK1;Q6PEV0;P97869;Q8K2W5;Q9D379"
"Gp49b","Gp49b","Lilrb4a","","leukocyte immunoglobulin-like receptor, subfamily B, member 4A","10","org.Mm.eg.db","Gp49b","A0A1W2P6F1;A0A1W2P7X1;Q64281;Q64312"
"BC005662","BC005662","Lpcat1","LPCAT1","lysophosphatidylcholine acyltransferase 1",NA,"org.Mm.eg.db","BC005662","Q3TAX4;Q3TFD2;Q6NXZ6;Q8BG23;Q8BUX7;Q99JU6"
"4932438A13Rik","4932438A13Rik","Bltp1","BLTP1","bridge-like lipid transfer protein family member 1","3","org.Mm.eg.db","4932438A13Rik","A2AAD2;A2AAD4;A2AAE1;E9Q376;Q05BP8;Q3UG08;Q3UYB7;Q571C4;Q69ZR8;Q6AXD9;Q8BWF1;Q8BY77;Q8CEA4;Q8R0A8"
"9430083G14Rik","9430083G14Rik","Apool","APOOL","apolipoprotein O-like","X","org.Mm.eg.db","9430083G14Rik","Q9CZB4;B1AV14;Q78IK4"
"Lss","Lss","Lss","LSS","lanosterol synthase","10","org.Mm.eg.db","Lss","Q8BLN5;Q8BVJ4;Q8K307"
"Asl","Asl","Adsl;Asl","ADSL","adenylosuccinate lyase; argininosuccinate lyase","15;5","org.Mm.eg.db","Asl","P54822;Q3TMB8;Q8VCD4;Q3UFA2;Q3UUH0;Q91YI0;F7D439"
"C530028O21Rik","C530028O21Rik","Pianp","PIANP","PILR alpha associated neural protein","6","org.Mm.eg.db","C530028O21Rik","Q3UFR0;Q6P1B3;Q71A40;Q8BHU8"
"Col4a1","Col4a1","Col4a1","COL4A1","collagen, type IV, alpha 1","8","org.Mm.eg.db","Col4a1","A0A1B0GSI7;P02463;Q3UHJ4;Q3UJE7;Q3UQV2;Q53X35;Q6GQS7;Q6PHB5;Q99LQ8"
"9030622O22Rik","9030622O22Rik","9030622O22Rik","","RIKEN cDNA 9030622O22 gene",NA,"org.Mm.eg.db","9030622O22Rik",NA
"Traf1","Traf1","Traf1","TRAF1","TNF receptor-associated factor 1","2","org.Mm.eg.db","Traf1","P39428;Q3UM74;Q8CE28;Q8C245"
"Cml1","Cml1","Nat8f1","","N-acetyltransferase 8 (GCN5-related) family member 1","6","org.Mm.eg.db","Cml1","E0CYC6;Q91XE3;Q9CW77;Q9JIZ0;E9PUL7"
"Mcm4","Mcm4","Mcm4","MCM4","minichromosome maintenance complex component 4","16","org.Mm.eg.db","Mcm4","O89056;P49717;Q3UA65;Q542F4;Q921D5"
"1200020A08Rik","1200020A08Rik","Cript","CRIPT","cysteine-rich PDZ-binding protein","17","org.Mm.eg.db","1200020A08Rik","O70333;Q99LR6;Q9DBP4"
"5033428A16Rik","5033428A16Rik","Cnep1r1","CNEP1R1","CTD nuclear envelope phosphatase 1 regulatory subunit 1","8","org.Mm.eg.db","5033428A16Rik","A7E1Z4;D3Z6J3;Q3UJ81;Q8VEG8;Q9D3Q4"
"1300003B13Rik","1300003B13Rik","Zfp946","","zinc finger protein 946","17","org.Mm.eg.db","1300003B13Rik","F6VWU8"
"Dock10","Dock10","Dock10","DOCK10","dedicator of cytokinesis 10","1","org.Mm.eg.db","Dock10","B2RWY0;A0A087WRP5;A0A087WQ86;E9QM99;F1AHI9;Q8BZN6;A0A0R4J2B7"
"Mylc2pl","Mylc2pl","Myl10","MYL10","myosin, light chain 10, regulatory","5","org.Mm.eg.db","Mylc2pl","Q62082;A0A0G2JDZ4;E9QNY3"
"LOC210321","LOC210321","","",NA,NA,"org.Mm.eg.db","LOC210321",NA
"Pltp","Pltp","Pltp","PLTP","phospholipid transfer protein","2","org.Mm.eg.db","Pltp","P55065;Q3UFS5;Q4FJT5;Q99L70"
"Nt5e","Nt5e","Nt5e","NT5E","5' nucleotidase, ecto","9","org.Mm.eg.db","Nt5e","Q0VEE0;Q3U3S1;Q61503"
"A830073O21Rik","A830073O21Rik","A830073O21Rik","","RIKEN cDNA A830073O21 gene",NA,"org.Mm.eg.db","A830073O21Rik",NA
"Kcnq1","Kcnq1","Kcnq1","KCNQ1","potassium voltage-gated channel, subfamily Q, member 1","7","org.Mm.eg.db","Kcnq1","O88702;P97414;Q3U4H1;Q7TNZ1;Q7TPL7;Q80VR7;A0A087WNY7"
"Kifc3","Kifc3","Kifc3","KIFC3","kinesin family member C3","8","org.Mm.eg.db","Kifc3","E9PWU7;A0A1D5RLM0;O35072;O35231;Q1WNZ8;Q3UX36;Q3V0U4;Q6NS71;Q8R3Y4;Q91YQ2;Q99KP7"
"Col5a3","Col5a3","Col5a3","COL5A3","collagen, type V, alpha 3","9","org.Mm.eg.db","Col5a3","Q9JLI2"
"Fgd6","Fgd6","Fgd6","FGD6","FYVE, RhoGEF and PH domain containing 6","10","org.Mm.eg.db","Fgd6","B2RSV7;Q69ZL1;Q8C8W5;Q8K3B0;Q9D3Y7"
"D4Ertd421e","D4Ertd421e","Cdca8","CDCA8","cell division cycle associated 8","4","org.Mm.eg.db","D4Ertd421e","B1ARX0;B1ARX1;Q6NVD3;Q8BHB1;Q8BHQ5;Q8BHQ9;Q8BHX3;Q9CRN4;Q9CS02;Q9CTF4"
"Tmem25","Tmem25","Tmem25","TMEM25","transmembrane protein 25","9","org.Mm.eg.db","Tmem25","Q3U4J4;Q3TMP3;Q6PAK7;Q9DCF1;A0A1N9MYB8"
"Ehd4","Ehd4","Ehd4","EHD4","EH-domain containing 4","2","org.Mm.eg.db","Ehd4","Q3TQ74;Q3TM70;Q3TWP9;Q9EQP2"
"Chad","Chad","Chad","CHAD","chondroadherin","11","org.Mm.eg.db","Chad","O55226;Q3TYW1"
"D430042O09Rik","D430042O09Rik","Katnip","KATNIP","katanin interacting protein","7","org.Mm.eg.db","D430042O09Rik","B2RXY0;Q80TX9;Q8C753;Q8C759;Q8CFE1;Q8K0N9;F6XQI1"
"Actc1","Actc1","Actc1","ACTC1","actin, alpha, cardiac muscle 1","2","org.Mm.eg.db","Actc1","P68033;Q3TG92;Q3UIJ3;Q497E4;Q9CXK3"
"Cygb","Cygb","Cygb","CYGB","cytoglobin","11","org.Mm.eg.db","Cygb","Q8BN80;Q546K1;Q9CX80"
"2810043G22Rik","2810043G22Rik","Naaladl2","NAALADL2","N-acetylated alpha-linked acidic dipeptidase-like 2","3","org.Mm.eg.db","2810043G22Rik","A0A0N4SUJ3"
"Igfbp3","Igfbp3","Igfbp3","IGFBP3","insulin-like growth factor binding protein 3","11","org.Mm.eg.db","Igfbp3","P47878;Q6PE62;Q3UR87"
"Fgf8","Fgf8","Fgf8","FGF8","fibroblast growth factor 8","19","org.Mm.eg.db","Fgf8","Q80ZL6;G3DRA7;Q3V279;P37237;D3Z207"
"Tm4sf6","Tm4sf6","Tspan6","TSPAN6","tetraspanin 6","X","org.Mm.eg.db","Tm4sf6","O70401;Q3TV84;Q99L96"
"Socs1","Socs1","Socs1","SOCS1","suppressor of cytokine signaling 1","16","org.Mm.eg.db","Socs1","A2RT46;O35716;O35960;Q3U3L0"
"AB041803","AB041803","Lncpint","LINC-PINT","long non-protein coding RNA, Trp53 induced transcript",NA,"org.Mm.eg.db","AB041803",NA
"Mobkl2b","Mobkl2b","Mob3b","MOB3B","MOB kinase activator 3B","4","org.Mm.eg.db","Mobkl2b","Q3TC05;Q3U2L2;Q8BU65;Q8VE04"
"Npn3","Npn3","Srxn1","SRXN1","sulfiredoxin 1 homolog (S. cerevisiae)","2","org.Mm.eg.db","Npn3","Q3TWN6;Q91VN5;Q9D975;A2AQU8"
"1700061G19Rik","1700061G19Rik","Acsbg3","","acyl-CoA synthetase bubblegum family member 3","17","org.Mm.eg.db","1700061G19Rik","Q08EE8"
"Tgm1","Tgm1","Tgm1","TGM1","transglutaminase 1, K polypeptide","14","org.Mm.eg.db","Tgm1","A0A0R4J293;Q8R0T9;Q9JLF6"
"Apom","Apom","Apom","APOM","apolipoprotein M","17","org.Mm.eg.db","Apom","Q8VC79;Q9Z1R3"
"Ly64","Ly64","Muc13","MUC13","mucin 13, epithelial transmembrane","16","org.Mm.eg.db","Ly64","P19467;Q3V1S6"
"Tnfrsf18","Tnfrsf18","Tnfrsf18","TNFRSF18","tumor necrosis factor receptor superfamily, member 18","4","org.Mm.eg.db","Tnfrsf18","O35714;Q540M6;Q8C4K3;Q9JKR1;Q9JKR2;Q9JKR3"
"Ctla2a","Ctla2a","Ctla2a","","cytotoxic T lymphocyte-associated protein 2 alpha","13","org.Mm.eg.db","Ctla2a","A0A286YDF0;P12399;Q91V07"
"P2ry6","P2ry6","P2ry6","P2RY6","pyrimidinergic receptor P2Y, G-protein coupled, 6","7","org.Mm.eg.db","P2ry6","Q3UQ86;Q9ERK9"
"Matn2","Matn2","Matn2","MATN2","matrilin 2","15","org.Mm.eg.db","Matn2","E9QPK9;O08746;Q8R542;Q99K64;A0A2I3BRF3;Q8C435;Q569V0"
"Smc2l1","Smc2l1","Smc2","SMC2","structural maintenance of chromosomes 2","4","org.Mm.eg.db","Smc2l1","Q3ULS2;Q52KE9;Q61076;Q8CG48;Q9CS17;Q9CSD8"
"Cd53","Cd53","Cd53","CD53","CD53 antigen","3","org.Mm.eg.db","Cd53","Q3TV80;Q3U0W1;Q61451;Q61721"
"Lrrc25","Lrrc25","Lrrc25","LRRC25","leucine rich repeat containing 25","8","org.Mm.eg.db","Lrrc25","B9EHD0;Q3TAD5;Q8K1T1"
"Cdkn1c","Cdkn1c","Cdkn1c","CDKN1C","cyclin dependent kinase inhibitor 1C","7","org.Mm.eg.db","Cdkn1c","G3UW61;P49919;Q8BP34;Q791X1;Q91V06"
"Wdr10","Wdr10","Ift122","IFT122","intraflagellar transport 122","6","org.Mm.eg.db","Wdr10","Q6KAU2;Q6NWV3;Q8C8U5;Q8CD77;E9Q9G8"
"Ung","Ung","Ung","UNG","uracil DNA glycosylase","5","org.Mm.eg.db","Ung","P97285;P97509;P97931;Q7TPW8;Q9JIW8;Q791V7"
"Olfr514","Olfr514","Or10a48","OR10A3","olfactory receptor family 10 subfamily A member 48","7","org.Mm.eg.db","Olfr514","Q8VFZ6"
"2700084L22Rik","2700084L22Rik","Ube2t","UBE2T","ubiquitin-conjugating enzyme E2T","1","org.Mm.eg.db","2700084L22Rik","Q9CQ37"
"Lig1","Lig1","Lig1","LIG1","ligase I, DNA, ATP-dependent","7","org.Mm.eg.db","Lig1","P37913;Q8R055;Q3U4X8;Q3TSU8"
"Cmya4","Cmya4","Unc45b","UNC45B","unc-45 myosin chaperone B","11","org.Mm.eg.db","Cmya4","Q5XG72;Q8BHC5;Q8BWK3;Q8CGY6"
"Ltb4dh","Ltb4dh","Ptgr1","PTGR1","prostaglandin reductase 1","4","org.Mm.eg.db","Ltb4dh","Q3TKT6;Q4FJY5;Q91YR9;Q9CPS1"
"Slc25a20","Slc25a20","Slc25a20","SLC25A20","solute carrier family 25 (mitochondrial carnitine/acylcarnitine translocase), member 20","9","org.Mm.eg.db","Slc25a20","Q3U801;Q7TPW6;Q9Z2Z6"
"Car13","Car13","Car13","CA13","carbonic anhydrase 13","3","org.Mm.eg.db","Car13","Q3UBM2;Q9D6N1"
"Igfbp7","Igfbp7","Igfbp7","IGFBP7","insulin-like growth factor binding protein 7","5","org.Mm.eg.db","Igfbp7","E9Q5D9;F8WH23;O88812;Q61581;Q9EQW0"
"Itgal","Itgal","Itgal","ITGAL","integrin alpha L","7","org.Mm.eg.db","Itgal","E9Q5M7;E9QNL8;P24063;Q3U159;Q9WTV4;B7ZN91;B7ZN92"
"2810401C22Rik","2810401C22Rik","Zfp518a","ZNF518A","zinc finger protein 518A","19","org.Mm.eg.db","2810401C22Rik","B2RRF6;Q9CSF6"
"4833414E09Rik","4833414E09Rik","4833414E09Rik","","RIKEN cDNA 4833414E09 gene",NA,"org.Mm.eg.db","4833414E09Rik",NA
"Gbp3","Gbp3","Gbp3","GBP4","guanylate binding protein 3","3","org.Mm.eg.db","Gbp3","Q61107;Q8VEC5"
"Tkt","Tkt","Tkt","TKT","transketolase","14","org.Mm.eg.db","Tkt","A0A286YE28;P40142;Q3U7Y1;Q3UK62;Q545A1;Q9ESA0"
"Fabp7","Fabp7","Fabp7","FABP7","fatty acid binding protein 7, brain","10","org.Mm.eg.db","Fabp7","P51880;Q4FJK4;Q5NDA4"
"Gck","Gck","Map4k2","MAP4K2","mitogen-activated protein kinase kinase kinase kinase 2","19","org.Mm.eg.db","Gck","Q3U4B8;Q61161;Q14B83"
"8030476J24","8030476J24","Dock11","DOCK11","dedicator of cytokinesis 11","X","org.Mm.eg.db","8030476J24","A0A2X0U2I4;A2AF47;Q5KTP7"
"Hck","Hck","Hck","HCK","hemopoietic cell kinase","2","org.Mm.eg.db","Hck","F6UND7;P08103;Q0VH03;Q3UD17"
"Osbpl5","Osbpl5","Osbpl5","OSBPL5","oxysterol binding protein-like 5","7","org.Mm.eg.db","Osbpl5","Q8R510;Q99NF5;Q9ER64;G5E833"
"Ugcg","Ugcg","Ugcg","UGCG","UDP-glucose ceramide glucosyltransferase","4","org.Mm.eg.db","Ugcg","A2AN90;O88693"
"6330409N04Rik","6330409N04Rik","Spryd7","SPRYD7","SPRY domain containing 7","14","org.Mm.eg.db","6330409N04Rik","Q3UBW1;Q3TFQ1;Q8K1Y1;Q9CU44;Q9D368;Q9D3D1"
"4833409A17Rik","4833409A17Rik","Pyroxd2","PYROXD2","pyridine nucleotide-disulphide oxidoreductase domain 2","19","org.Mm.eg.db","4833409A17Rik","A0A494BA58;E9QPD2;Q3U4I7;Q8CAN2;Q9D630"
"Wdfy3","Wdfy3","Wdfy3","WDFY3","WD repeat and FYVE domain containing 3","5","org.Mm.eg.db","Wdfy3","Q6VNB8;Q8C8H7;G3UYW1;A0A1D5RLV7"
"Mnab","Mnab","Rc3h2","RC3H2","ring finger and CCCH-type zinc finger domains 2","2","org.Mm.eg.db","Mnab","A2AVP5;P0C090;Q148V4;Q148V5;A2AVP4"
"Lsm3","Lsm3","Lsm3","LSM3","LSM3 homolog, U6 small nuclear RNA and mRNA degradation associated","6","org.Mm.eg.db","Lsm3","P62311"
"Slc16a10","Slc16a10","Slc16a10","SLC16A10","solute carrier family 16 (monocarboxylic acid transporters), member 10","10","org.Mm.eg.db","Slc16a10","Q3TNJ1;Q3U9N9;Q3UAN9;Q8BWR7;Q7TPW2"
"Apbb1ip","Apbb1ip","Apbb1ip","APBB1IP","amyloid beta precursor protein binding family B member 1 interacting protein","2","org.Mm.eg.db","Apbb1ip","B1AYC9;O35329;Q8BRU0;Q8R5A3;Q99KV8"
"Tm4sf1","Tm4sf1","Tm4sf1","TM4SF1","transmembrane 4 superfamily member 1","3","org.Mm.eg.db","Tm4sf1","Q3TP49;Q3UZY2;Q64302"
"Prkca","Prkca","Prkca","PRKCA","protein kinase C, alpha","11","org.Mm.eg.db","Prkca","P20444;Q4VA93"
"Relb","Relb","Relb","RELB","avian reticuloendotheliosis viral (v-rel) oncogene related B","7","org.Mm.eg.db","Relb","Q3U0K7;Q8K220;Q04863;Q8VE46"
"2310036D22Rik","2310036D22Rik","Tmem106b","TMEM106B","transmembrane protein 106B","6","org.Mm.eg.db","2310036D22Rik","Q80X71;Q9D737"
"Pcoln3","Pcoln3","Chmp1a","CHMP1A","charged multivesicular body protein 1A","8","org.Mm.eg.db","Pcoln3","Q3TW57;Q921W0"
"Ldb3","Ldb3","Ldb2;Ldb3","LDB2","LIM domain binding 2; LIM domain binding 3","5;14","org.Mm.eg.db","Ldb3","O55203;A0A0G2JFS7;O55205;Q3UHY1;Q6AXE6;Q9JKS4;E9PYJ9;B2RSB0;B7ZNT6;Q6A038;Q811P2;Q811P3;Q811P4;Q811P5;Q9D130;Q9JKS3;Q9R0Z1;Q9WVH1;Q9WVH2"
"BC052328","BC052328","Otulinl","OTULINL","OTU deubiquitinase with linear linkage specificity like",NA,"org.Mm.eg.db","BC052328","Q3TVP5;Q3U8Q4;Q80WP7;A0A2I3BPS6"
"Kif11","Kif11","Kif11","KIF11","kinesin family member 11","19","org.Mm.eg.db","Kif11","Q6P9P6;Q9Z1J0"
"Dcn","Dcn","Dcn","DCN","decorin","10","org.Mm.eg.db","Dcn","P28654;Q3TSV1;Q3UKR1"
"Mmrn2","Mmrn2","Mmrn2","MMRN2","multimerin 2","14","org.Mm.eg.db","Mmrn2","A6H6E2;Q8BJX4;Q8K1Z7"
"BC025076","BC025076","Mmgt2","","membrane magnesium transporter 2",NA,"org.Mm.eg.db","BC025076","Q8R3L0"
"Rtn1","Rtn1","Rtn1","RTN1","reticulon 1","12","org.Mm.eg.db","Rtn1","A3QM89;Q7M6W1;Q4FZ95;Q4FJL2;Q8K0T0;Q8K4S4"
"Card11","Card11","Card11","CARD11","caspase recruitment domain family, member 11","5","org.Mm.eg.db","Card11","Q4VA14;Q6KAS3;Q8BYV0;Q8CIS0"
"Grpel2","Grpel2","Grpel2","GRPEL2","GrpE-like 2, mitochondrial","18","org.Mm.eg.db","Grpel2","O88396;Q0VB85;Q3ULH8;Q3UYQ9;Q9CQ97"
"Myl2","Myl2","Myl2","MYL2","myosin, light polypeptide 2, regulatory, cardiac, slow","5","org.Mm.eg.db","Myl2","E9Q8Y0;P51667;Q6P8P4;Q9QVP3"
"Sh3bp4","Sh3bp4","Sh3bp4","SH3BP4","SH3-domain binding protein 4","1","org.Mm.eg.db","Sh3bp4","Q8BXV5;Q8BY95;Q8C007;Q921I6"
"3930402F23Rik","3930402F23Rik","Tceal8","TCEAL8","transcription elongation factor A (SII)-like 8","X","org.Mm.eg.db","3930402F23Rik","A2AJR7;Q9CYP9;Q9CZY2"
"Ncf2","Ncf2","Ncf2","NCF2","neutrophil cytosolic factor 2","1","org.Mm.eg.db","Ncf2","O70145;Q1PCS1;Q3TC92;Q3U5S4"
"Fbxo14","Fbxo14","Fbxo31","FBXO31","F-box protein 31","8","org.Mm.eg.db","Fbxo14","Q3TQF0;Q8K1A7;Q9JJC4"
"Il1f6","Il1f6","Il36a","IL36A","interleukin 36A","2","org.Mm.eg.db","Il1f6","Q149U6;Q9JLA2"
"Rhoc","Rhoc","Rhoc","RHOC","ras homolog family member C","3","org.Mm.eg.db","Rhoc","Q3TN61;Q3TUN0;Q62159"
"Jmy","Jmy","Jmy","JMY","junction-mediating and regulatory protein","13","org.Mm.eg.db","Jmy","A0A0R4J0V4;Q3UQZ0;Q5BL16;Q6NST0;Q8CBP9;Q8VDZ3;Q9QXM1"
"Tpte","Tpte","Tpte","TPTE2","transmembrane phosphatase with tensin homology","8","org.Mm.eg.db","Tpte","G5E8H5;Q3KNE1"
"Gpsm1","Gpsm1","Gpsm1","GPSM1","G-protein signalling modulator 1 (AGS3-like, C. elegans)","2","org.Mm.eg.db","Gpsm1","Q6IR34;A2AIX7;A2AIX8;A2AIX9;Q61366;Q8BUK4;Q8BX78;Q8R0R9;A2AIV3"
"Phxr4","Phxr4","Phxr4","","per-hexamer repeat gene 4","9","org.Mm.eg.db","Phxr4",NA
"A330042H22","A330042H22","Lpcat2","LPCAT2","lysophosphatidylcholine acyltransferase 2","8","org.Mm.eg.db","A330042H22","B2RWR2;A3KBM0;A9Q1G2;A9Q1G3;Q8BYI6"
"Glipr1","Glipr1","Glipr1","GLIPR1","GLI pathogenesis related 1","10","org.Mm.eg.db","Glipr1","Q4QQK5;Q9CWG1"
"Fgb","Fgb","Fgb","FGB","fibrinogen beta chain","3","org.Mm.eg.db","Fgb","Q3TGR2;Q8K0E8;Q91ZP1"
"Tcf21","Tcf21","Tcf21","TCF21","transcription factor 21","10","org.Mm.eg.db","Tcf21","A0A1W2P7S0;O35437;Q3U023"
"Ris2","Ris2","Cdt1","CDT1","chromatin licensing and DNA replication factor 1","8","org.Mm.eg.db","Ris2","Q8BUQ1;Q8BX29;Q8R3V0;Q8R4E8;Q8R4E9"
"Defb7","Defb7","Defb7;Defb10","","defensin beta 7; defensin beta 10","8","org.Mm.eg.db","Defb7","Q91V70;A2A4E8;Q8R2I8"
"Sema3d","Sema3d","Sema3d","SEMA3D","sema domain, immunoglobulin domain (Ig), short basic domain, secreted, (semaphorin) 3D","5","org.Mm.eg.db","Sema3d","Q8BH34;Q8BMF6"
"2610019A05Rik","2610019A05Rik","Strada","STRADA","STE20-related kinase adaptor alpha","11","org.Mm.eg.db","2610019A05Rik","Q3UUJ4;Q6VEU7;Q9D0G8"
"Itpr3","Itpr3","Itpr3","ITPR3","inositol 1,4,5-triphosphate receptor 3","17","org.Mm.eg.db","Itpr3","P70227;Q5DWM4;Q8CED5;Q91Z08"
"Cpeb1","Cpeb1","Cpeb1","CPEB1","cytoplasmic polyadenylation element binding protein 1","7","org.Mm.eg.db","Cpeb1","F6X7Z3;Q059Z2;P70166;Q8C5P9"
"D5Bwg0860e","D5Bwg0860e","Rufy3","RUFY3","RUN and FYVE domain containing 3","5","org.Mm.eg.db","D5Bwg0860e","A0A0G2JFT8;Q9D394;Q3U348;Q3UF96;Q6PE64;Q8VD10"
"Aox1","Aox1","Aox1","AOX1","aldehyde oxidase 1","1","org.Mm.eg.db","Aox1","G3X8P9;Q8R387"
"Sgol2","Sgol2","Sgo2a","SGO2","shugoshin 2A","1","org.Mm.eg.db","Sgol2","Q7TSY8;Q811I4;Q8C9C4;Q8CGJ4;Q9CS55"
"Sf3a3","Sf3a3","Sf3a3","SF3A3","splicing factor 3a, subunit 3","4","org.Mm.eg.db","Sf3a3","Q58E59;Q9D554"
"BC032204","BC032204","Fermt3","FERMT3","fermitin family member 3",NA,"org.Mm.eg.db","BC032204","Q3TEE6;Q8K1B8"
"Qscn6","Qscn6","Qsox1","QSOX1","quiescin Q6 sulfhydryl oxidase 1","1","org.Mm.eg.db","Qscn6","Q3TDY9;Q3TE19;Q3TR29;Q3UEL4;Q8BND5;Q8K041;Q9DBL6"
"Sgce","Sgce","Sgce","SGCE","sarcoglycan, epsilon","6","org.Mm.eg.db","Sgce","Q3V1W5;F8WGM3;Q6L8N9;F6R6P2;Q4H438;E9PX46;Q4H437;D3Z572;F6WKE4;O70258;Q921G2"
"Slc5a1","Slc5a1","Slc5a1","SLC5A1","solute carrier family 5 (sodium/glucose cotransporter), member 1","5","org.Mm.eg.db","Slc5a1","Q8CCA7;Q9QXI6"
"Pla2g4a","Pla2g4a","Pla2g4a","PLA2G4A","phospholipase A2, group IVA (cytosolic, calcium-dependent)","1","org.Mm.eg.db","Pla2g4a","Q9DBX5;P47713;Q3UMQ1"
"2700017A04Rik","2700017A04Rik","Slf1","SLF1","SMC5-SMC6 complex localization factor 1","13","org.Mm.eg.db","2700017A04Rik","Q497V2;Q5XK30;Q8BHY5;Q8BQM6;Q8R3P9;Q921Y9"
"Ppargc1b","Ppargc1b","Ppargc1b","PPARGC1B","peroxisome proliferative activated receptor, gamma, coactivator 1 beta","18","org.Mm.eg.db","Ppargc1b","B2RWT8;Q8C1C0;Q8VHJ7"
"Zfp533","Zfp533","Zfp385b","ZNF385B","zinc finger protein 385B","2","org.Mm.eg.db","Zfp533","G5E8Y8;Q8BXJ8;A2AS57;Q8BWQ7"
"Pdgfc","Pdgfc","Pdgfc","PDGFC","platelet-derived growth factor, C polypeptide","3","org.Mm.eg.db","Pdgfc","Q8CI19;Q99JM4;Q9JHV8;Q9QY71"
"Abcg1","Abcg1","Abcg1","ABCG1","ATP binding cassette subfamily G member 1","17","org.Mm.eg.db","Abcg1","Q0VDW9;Q64343"
"Sema5a","Sema5a","Sema5a","SEMA5A","sema domain, seven thrombospondin repeats (type 1 and type 1-like), transmembrane domain (TM) and short cytoplasmic domain, (semaphorin) 5A","15","org.Mm.eg.db","Sema5a","Q3UPZ0;Q62217"
"F7","F7","F7","F7","coagulation factor VII","8","org.Mm.eg.db","F7","P70375;Q542C2;Q61109"
"Cacnb1","Cacnb1","Cacnb1","CACNB1","calcium channel, voltage-dependent, beta 1 subunit","11","org.Mm.eg.db","Cacnb1","Q6DD95;A2A542;Q3U2N3;I2FKE4;A2A544;O88517;Q7TPF2;Q8R3Z5;Q8R3Z6;Q9EPT9;A2A545;A2A543"
"6330403K07Rik","6330403K07Rik","6330403K07Rik","LOC728392","RIKEN cDNA 6330403K07 gene","11","org.Mm.eg.db","6330403K07Rik","Q8VBZ2;Q9D3C2"
"Apeg1","Apeg1","Speg","SPEG","SPEG complex locus","1","org.Mm.eg.db","Apeg1","A0A087WSE3;Q62407;A0A0R4J1J0;E9QQ25;Q3TPH8;Q6P5V1;Q80TF7;Q80ZN0;Q8BZF4;Q9EQJ5"
"Pigr","Pigr","Pigr","PIGR","polymeric immunoglobulin receptor","1","org.Mm.eg.db","Pigr","O70570"
"Cd44","Cd44","Cd44","CD44","CD44 antigen","2","org.Mm.eg.db","Cd44","E9QKM8;Q80X37;Q3U468;Q3U8S1;Q3UNN2;A2APM1;A2APM4;A2APM5;A2APM3;A2APM2;P15379;Q05732;Q61395;Q62060;Q62061;Q62062;Q62063;Q62408;Q62409;Q64296;Q99J14;Q9QYX8"
"Arhgdib","Arhgdib","Arhgdib","ARHGDIB","Rho, GDP dissociation inhibitor beta","6","org.Mm.eg.db","Arhgdib","Q3TEB3;Q61599"
"Zc3hdc8","Zc3hdc8","Zc3h8","ZC3H8","zinc finger CCCH type containing 8","2","org.Mm.eg.db","Zc3hdc8","Q3TPC9;Q80X92;Q9JJ48"
"Sfrs5","Sfrs5","Srsf5","SRSF5","serine and arginine-rich splicing factor 5","12","org.Mm.eg.db","Sfrs5","O35326;Q640L9;Q9D8S5"
"Maged2","Maged2","Maged2","MAGED2","MAGE family member D2","X","org.Mm.eg.db","Maged2","Q3TFU3;Q9ER67;Q99PB4"
"C230043N17Rik","C230043N17Rik","Ido2","IDO2","indoleamine 2,3-dioxygenase 2","8","org.Mm.eg.db","C230043N17Rik","A4UHF3;E9QKA9;Q8R0V5"
"Gstm6","Gstm6","Gstm6","","glutathione S-transferase, mu 6","3","org.Mm.eg.db","Gstm6","Q9D5J8;G5E8M7;D3YVP9;D3YVP8;O35660;O35661;Q8K0C3"
"Pdlim3","Pdlim3","Pdlim3","PDLIM3","PDZ and LIM domain 3","8","org.Mm.eg.db","Pdlim3","A0A1B0GSX6;O70209"
"Ripk1","Ripk1","Ripk1","RIPK1","receptor (TNFRSF)-interacting serine-threonine kinase 1","13","org.Mm.eg.db","Ripk1","F7D1J2;Q3U0J3;Q60855;Q8CD90"
"Eps8l3","Eps8l3","Eps8l3","EPS8L3","EPS8-like 3","3","org.Mm.eg.db","Eps8l3","Q3TJ14;Q91WL0"
"BC029892","BC029892","Rpl23a","RPL23A","ribosomal protein L23A",NA,"org.Mm.eg.db","BC029892","P62751;Q4V9X9;Q5M9M5"
"Rgs2","Rgs2","Rgs2","RGS2","regulator of G-protein signaling 2","1","org.Mm.eg.db","Rgs2","O08849;Q544S7;Q91WX1;Q9JL24"
"Immt","Immt","Immt","IMMT","inner membrane protein, mitochondrial","6","org.Mm.eg.db","Immt","Q3TVZ5;E9Q800;Q3TEY5;E9QAY6;Q66JS4;Q7TNE2;Q8C7V1;Q8CAQ8;Q8CCI0;Q8CDA8;Q9D9F6"
"Sh3bgrl3","Sh3bgrl3","Sh3bgrl3","SH3BGRL3","SH3 domain binding glutamic acid-rich protein-like 3","4","org.Mm.eg.db","Sh3bgrl3","Q91VW3"
"4930568P13Rik","4930568P13Rik","Nckap1l","NCKAP1L","NCK associated protein 1 like","15","org.Mm.eg.db","4930568P13Rik","Q8K1X4"
"Chtf18","Chtf18","Chtf18","CHTF18","CTF18, chromosome transmission fidelity factor 18","17","org.Mm.eg.db","Chtf18","A0A0R4J0I4;Q8BIW9;Q8R1R7;E9PVJ3"
"9030611N15Rik","9030611N15Rik","Akr1c14","","aldo-keto reductase family 1, member C14","13","org.Mm.eg.db","9030611N15Rik","Q91WT7"
"Evi2a","Evi2a","Evi2a","EVI2A","ecotropic viral integration site 2a","11","org.Mm.eg.db","Evi2a","P20934;Q3TBB7;Q6DKP1"
"Dbt","Dbt","Dbt","DBT","dihydrolipoamide branched chain transacylase E2","3","org.Mm.eg.db","Dbt","Q7TND9;P53395;Q3TMF5"
"Plekha4","Plekha4","Plekha4","PLEKHA4","pleckstrin homology domain containing, family A (phosphoinositide binding specific) member 4","7","org.Mm.eg.db","Plekha4","D3YTU1;D3Z3Y7;A0A1B0GSC3;A0A1B0GSM9"
"AA960558","AA960558","","",NA,NA,"org.Mm.eg.db","AA960558",NA
"Acsl1","Acsl1","Acsl1","ACSL1","acyl-CoA synthetase long-chain family member 1","8","org.Mm.eg.db","Acsl1","P41216;Q6GTG6;Q9DBK5;D3Z041"
"Pdlim2","Pdlim2","Pdlim2","PDLIM2","PDZ and LIM domain 2","14","org.Mm.eg.db","Pdlim2","Q8R1G6"
"Zfp131","Zfp131","Zfp131","ZNF131","zinc finger protein 131","13","org.Mm.eg.db","Zfp131","Q3UYZ4;Q80UU7;Q8C8D0;Q8K3J5;Q9D042"
"Cd5l","Cd5l","Cd5l","CD5L","CD5 antigen-like","3","org.Mm.eg.db","Cd5l","O35300;O35301;Q3TXN5;Q505P6;Q91W05;Q9QWK4"
"6030408C04Rik","6030408C04Rik","G2e3","G2E3","G2/M-phase specific E3 ubiquitin ligase","12","org.Mm.eg.db","6030408C04Rik","E9QK24;Q5RJY2;Q6ZPT7;Q8BNA4;E9Q7C2;E9Q7E5"
"Kif5b","Kif5b","Kif5b","KIF5B","kinesin family member 5B","18","org.Mm.eg.db","Kif5b","O08711;Q5BL10;Q61580;Q61768"
"Osbpl8","Osbpl8","Osbpl8","OSBPL8","oxysterol binding protein-like 8","10","org.Mm.eg.db","Osbpl8","A0A0R4J150;B9EJ86;G3X9N6;Q69ZJ4;A0A5F8MPC5"
"2310016C16Rik","2310016C16Rik","Gpx8","GPX8","glutathione peroxidase 8 (putative)","13","org.Mm.eg.db","2310016C16Rik","A0A338P7G6;Q8VE68;Q9D7B7"
"Akr1d1","Akr1d1","Akr1d1","AKR1D1","aldo-keto reductase family 1, member D1","6","org.Mm.eg.db","Akr1d1","Q8VCX1"
"Cstb","Cstb","Cstb","CSTB","cystatin B","10","org.Mm.eg.db","Cstb","Q3UAW2;Q62426"
"A430107O13Rik","A430107O13Rik","Cped1","CPED1","cadherin-like and PC-esterase domain containing 1","6","org.Mm.eg.db","A430107O13Rik","A0A2Z4MSH0;B2RX70;A0A2Z4MSG2;Q8BMB4"
"Tmsb4x","Tmsb4x","Tmsb4x","TMSB4X","thymosin, beta 4, X chromosome","X","org.Mm.eg.db","Tmsb4x","P20065;Q6ZWX2"
"Dsg2","Dsg2","Dsg2","DSG2","desmoglein 2","18","org.Mm.eg.db","Dsg2","A2RRJ0;O55111;Q8K069;Q8R517"
"Ly86","Ly86","Ly86","LY86","lymphocyte antigen 86","13","org.Mm.eg.db","Ly86","A0A0U5J712;O88188;Q4VAF1;Q5D046"
"Acp1","Acp1","Acp1","ACP1","acid phosphatase 1, soluble","12","org.Mm.eg.db","Acp1","Q561M1;O88739;O88740;Q4VAI2;Q9D358;Q9QWF5"
"Ets1","Ets1","Ets1","ETS1","E26 avian leukemia oncogene 1, 5' domain","9","org.Mm.eg.db","Ets1","E9PWI8;Q8K3Q9;A0A5F8MPR7;Q921D8;Q8BVW8;P27577;Q540Q5;Q61403"
"6720480D16Rik","6720480D16Rik","Zfp160","ZNF665","zinc finger protein 160","17","org.Mm.eg.db","6720480D16Rik","E9Q459"
"BC026666","BC026666","Trim31","TRIM31","tripartite motif-containing 31",NA,"org.Mm.eg.db","BC026666","Q8R0K2"
"Flna","Flna","Flna","FLNA","filamin, alpha","X","org.Mm.eg.db","Flna","Q6KAM8;B7FAV0;B9EKP5;O54934;Q7TQI1;Q8BLK1;Q8BTM8;Q8BTN7;Q8VHX5;Q8VHX8;Q99KQ2;B7FAU9"
"Knsl7","Knsl7","Kif15","KIF15","kinesin family member 15","9","org.Mm.eg.db","Knsl7","O35065;Q6P9L6;Q70MX5"
"Sprrl9","Sprrl9","Lce1h","","late cornified envelope 1H","3","org.Mm.eg.db","Sprrl9","Q9D6R3"
"Ggta1","Ggta1","Ggta1","GGTA1","glycoprotein galactosyltransferase alpha 1, 3","2","org.Mm.eg.db","Ggta1","P23336;Q3TXW0;Q91V22;A2AUR0;Q8C2H7;Q91W00;Q9DBU1"
"Arf4","Arf4","Arf4","ARF4","ARF GTPase 4","14","org.Mm.eg.db","Arf4","P36403;P61750;Q14BR4;Q3TGC2;Q9CXX3;Q9DD04"
"Bche","Bche","Bche","BCHE","butyrylcholinesterase","3","org.Mm.eg.db","Bche","Q499C7;Q03311;Q543J3"
"Slc43a3","Slc43a3","Slc43a3","SLC43A3","solute carrier family 43, member 3","2","org.Mm.eg.db","Slc43a3","A2AVZ9;A6PX00;Q5FW65;Q8C345;Q9JLF3"
"Pfkp","Pfkp","Pfkp","PFKP","phosphofructokinase, platelet","13","org.Mm.eg.db","Pfkp","Q8C605;Q3TNA9;Q3U4P1;Q3U7G4;Q4KUG1;Q543K8;Q8C5I6;Q9JI86;Q9WUA3"
"Tnfsf13b","Tnfsf13b","Tnfsf13b","TNFSF13B","tumor necrosis factor (ligand) superfamily, member 13b","8","org.Mm.eg.db","Tnfsf13b","Q3U2H2;A0A0U5J6R6;Q3KP92;Q7TQ58;Q9WU72"
"Slc38a2","Slc38a2","Slc38a2","SLC38A2","solute carrier family 38, member 2","15","org.Mm.eg.db","Slc38a2","Q3TEX3;Q6PFR1;Q6ZPS7;Q810U9;Q8CC66;Q8CD21;Q8CFE6"
"Procr","Procr","Procr","PROCR","protein C receptor, endothelial","2","org.Mm.eg.db","Procr","Q4FK76;Q64695;Q9WV33;Q8K357"
"2810004A10Rik","2810004A10Rik","Il17rd","IL17RD","interleukin 17 receptor D","14","org.Mm.eg.db","2810004A10Rik","B2RRY7;Q8JZL1;Q8K447;Q8R5J8;Q3V0D5"
"Npdc1","Npdc1","Npdc1","NPDC1","neural proliferation, differentiation and control 1","2","org.Mm.eg.db","Npdc1","A2AJ23;Q64322;Q925Q2;Q99J69;Q8CFL4"
"Galnt3","Galnt3","Galnt3","GALNT3","polypeptide N-acetylgalactosaminyltransferase 3","2","org.Mm.eg.db","Galnt3","P70419;Q3UXL2;Q80V55"
"Cdk5rap2","Cdk5rap2","Cdk5rap2","CDK5RAP2","CDK5 regulatory subunit associated protein 2","4","org.Mm.eg.db","Cdk5rap2","Q0VGR5;A2AVA1;Q6PCN1;Q6ZPL0;Q8K389"
"Abcc3","Abcc3","Abcc3","ABCC3","ATP-binding cassette, sub-family C member 3","11","org.Mm.eg.db","Abcc3","B2RX12;J3QML2;Q3U1W8;Q56PH0;Q59DK9;Q59DL0;Q5SUF4;Q80ZK8;A0A0R4J015"
"Nkd1","Nkd1","Nkd1","NKD1","naked cuticle 1","8","org.Mm.eg.db","Nkd1","E9Q5K6;Q3TLD6;Q8K200;Q91Y46;Q99MH6"
"H2-DMb1","H2-DMb1","H2","","histocompatibility-2, MHC",NA,"org.Mm.eg.db","H2-DMb1",NA
"Eaf2","Eaf2","Eaf2","EAF2","ELL associated factor 2","16","org.Mm.eg.db","Eaf2","Q7TN80;Q91ZD6;Q99KD2;K4DI60"
"D13Ertd275e","D13Ertd275e","Parp8","PARP8","poly (ADP-ribose) polymerase family, member 8","13","org.Mm.eg.db","D13Ertd275e","F8WIK2;Q3UD82;Q3UDE4;Q3UDU5;Q8VCB5;Q9CYY3;B2X2E0"
"Hpxn","Hpxn","Hpx","HPX","hemopexin","7","org.Mm.eg.db","Hpxn","P97824;Q3UKP2;Q8WUP0;Q91X72"
"Cited2","Cited2","Cited2","CITED2","Cbp/p300-interacting transactivator, with Glu/Asp-rich carboxy-terminal domain, 2","10","org.Mm.eg.db","Cited2","O35740;O35741;O35742;O35743;O55198;Q6PGA9"
"Banp","Banp","Banp","BANP","BTG3 associated nuclear protein","8","org.Mm.eg.db","Banp","Q8VBU8;F6V6B6;O88973;Q3U4R5;Q91YZ1;Q9ES51"
"Serpina11","Serpina11","Serpina11","SERPINA11","serine (or cysteine) peptidase inhibitor, clade A (alpha-1 antiproteinase, antitrypsin), member 11","12","org.Mm.eg.db","Serpina11","E9QK54"
"Cd84","Cd84","Cd84","CD84","CD84 antigen","1","org.Mm.eg.db","Cd84","A0A0R4J1S4;B7ZMQ1;E9Q9E8;A0A0R4J0K5;B2RU38"
"MGC59407","MGC59407","","",NA,NA,"org.Mm.eg.db","MGC59407",NA
"Ifit3","Ifit3","Ifit3","IFIT3","interferon-induced protein with tetratricopeptide repeats 3","19","org.Mm.eg.db","Ifit3","Q4FJY6;Q5FW82;Q64345;Q99L62"
"Zfp597","Zfp597","Zfp597","ZNF597","zinc finger protein 597","16","org.Mm.eg.db","Zfp597","E9Q6S0"
"Cacna1s","Cacna1s","Cacna1s","CACNA1S","calcium channel, voltage-dependent, L type, alpha 1S subunit","1","org.Mm.eg.db","Cacna1s","E9Q7B5;E9QPX8;F7CNJ1;F8VQE0;Q02789;Q3UPG8;Q99240;A0A8I4RSM0"
"Ehd3","Ehd3","Ehd3","EHD3","EH-domain containing 3","17","org.Mm.eg.db","Ehd3","Q8K590;Q9QXY6"
"Bmp2","Bmp2","Bmp2","BMP2","bone morphogenetic protein 2","2","org.Mm.eg.db","Bmp2","P21274;Q3V1I4;Q497W8"
"0610039P13Rik","0610039P13Rik","Hvcn1","HVCN1","hydrogen voltage-gated channel 1","5","org.Mm.eg.db","0610039P13Rik","Q3U2S8;Q9DCE4"
"Pkd1l3","Pkd1l3","Pkd1l3","PKD1L3","polycystic kidney disease 1 like 3","8","org.Mm.eg.db","Pkd1l3","A2A258;Q2EG98;E9QPA5;Q2EG93;Q2EG94;Q2EG95;Q2EG96;Q2EG97;Q2EG99;Q7TN87"
"Plxnd1","Plxnd1","Plxnd1","PLXND1","plexin D1","6","org.Mm.eg.db","Plxnd1","Q3UH93;Q68HV1;Q6ZQ83"
"Sacm1l","Sacm1l","Sacm1l","SACM1L","SAC1 suppressor of actin mutations 1-like (yeast)","9","org.Mm.eg.db","Sacm1l","A0A5F8MPK9;Q80TQ1;Q99K33;Q9EP69"
"Myo1e","Myo1e","Myo1c","MYO1C","myosin IC","11","org.Mm.eg.db","Myo1e","Q9WTI7;O08571;O08834;Q3TBQ4;Q3U231;Q5ND46;Q5ND48;Q5ND49;Q9ERB6;Q9QW54"
"Ccr5","Ccr5","Ccr5","CCR5","C-C motif chemokine receptor 5","9","org.Mm.eg.db","Ccr5","O35313;O35891;P51682;P97308;P97405;Q3TDA4;Q3ZAZ8;Q61867"
"9230112O05Rik","9230112O05Rik","Prune1","PRUNE1","prune exopolyphosphatase","3","org.Mm.eg.db","9230112O05Rik","Q80VU0;Q8BIW1"
"E430007K15Rik","E430007K15Rik","Slc35c1","SLC35C1","solute carrier family 35, member C1","2","org.Mm.eg.db","E430007K15Rik","F6QFJ0;Q8C0J3;Q8R2I1;Q3UMP5;Q78H73;Q8BLX4;Q8BV24"
"AI316785","AI316785","","",NA,NA,"org.Mm.eg.db","AI316785",NA
"Lass1","Lass1","Cers1","CERS1","ceramide synthase 1","8","org.Mm.eg.db","Lass1","A2RT05;P27545"
"Zfp97","Zfp97","Zfp97","","zinc finger protein 97","17","org.Mm.eg.db","Zfp97","E9PVC4;E9PZP6"
"Hmgb2","Hmgb2","Hmgb2","HMGB2","high mobility group box 2","8","org.Mm.eg.db","Hmgb2","P30681;Q3UAZ7;Q3UXT1;Q9EQD5"
"Tcte1l","Tcte1l","Dynlt3","DYNLT3","dynein light chain Tctex-type 3","X","org.Mm.eg.db","Tcte1l","P56387;Q542J7;Q9D2T5"
"Cenph","Cenph","Cenph","CENPH","centromere protein H","13","org.Mm.eg.db","Cenph","Q8R3K9;Q9D079;Q9D0N1;Q9QYM8"
"Acacb","Acacb","Acacb","ACACB","acetyl-Coenzyme A carboxylase beta","5","org.Mm.eg.db","Acacb","Q3UHC8;E9Q4Z2;Q6JIZ0"
"Mpp5","Mpp5","Pals1","PALS1","protein associated with LIN7 1, MAGUK family member","12","org.Mm.eg.db","Mpp5","B2RRY4;Q9JLB2"
"1700019P21Rik","1700019P21Rik","1700019P21Rik","","RIKEN cDNA 1700019P21 gene","1","org.Mm.eg.db","1700019P21Rik",NA
"Col14a1","Col14a1","Col14a1","COL14A1","collagen, type XIV, alpha 1","15","org.Mm.eg.db","Col14a1","Q3UVS2;Q80X19;Q8C6X3;Q9WV05;B7ZNH7"
"Kntc2","Kntc2","Ndc80","NDC80","NDC80 kinetochore complex component","17","org.Mm.eg.db","Kntc2","A0A3B2WAS6;Q3TQT6;Q3UWM5;Q99P70;Q9D0F1"
"Stmn1","Stmn1","Stmn1","STMN1","stathmin 1","4","org.Mm.eg.db","Stmn1","P54227;Q545B6;Q91XT3;Q9DCP3;D3Z5N2;Q9CYU5"
"Slco3a1","Slco3a1","Slco3a1","SLCO3A1","solute carrier organic anion transporter family, member 3a1","7","org.Mm.eg.db","Slco3a1","D3YXA8;Q3TLX2;Q3U7W0;Q505P2;Q544H3;Q8R3L5;Q9CTV3;Q9JKV0"
"Ggh","Ggh","Ggh","GGH","gamma-glutamyl hydrolase","4","org.Mm.eg.db","Ggh","B1AWC1;B9EKG3;Q9Z0L7;Q9Z0L8"
"Ddah2","Ddah2","Ddah2","DDAH2","DDAH family member 2, ADMA independent","17","org.Mm.eg.db","Ddah2","Q99LD8;O08972"
"2010002N04Rik","2010002N04Rik","Smim3","SMIM3","small integral membrane protein 3","18","org.Mm.eg.db","2010002N04Rik","Q3TAJ2;Q3U1M0;Q921E9;Q99PE5"
"Socs3","Socs3","Socs3","SOCS3","suppressor of cytokine signaling 3","11","org.Mm.eg.db","Socs3","O35718;P97803;Q3U7X5;Q3U9J8"
"Timp3","Timp3","Timp3","TIMP3","tissue inhibitor of metalloproteinase 3","10","org.Mm.eg.db","Timp3","P39876;Q54AE5;Q91WL9"
"Impa2","Impa2","Impa2","IMPA2","inositol monophosphatase 2","18","org.Mm.eg.db","Impa2","Q3TAU6;Q3U3B7;Q91UZ5"
"Tnfsf8","Tnfsf8","Tnfsf8","TNFSF8","tumor necrosis factor (ligand) superfamily, member 8","4","org.Mm.eg.db","Tnfsf8","P32972;Q3U033;Q544U1"
"Eml1","Eml1","Eml1","EML1","echinoderm microtubule associated protein like 1","12","org.Mm.eg.db","Eml1","B9EKL9;Q05AF8;Q05BC3;Q0P5V3;D3Z4J9"
"C130086A10","C130086A10","Triqk","TRIQK","triple QxxK/R motif containing","4","org.Mm.eg.db","C130086A10","B2B9E1"
"Plk1","Plk1","Plk1","PLK1","polo like kinase 1","7","org.Mm.eg.db","Plk1","Q07832;Q3TPZ2;Q3UG81"
"Drctnnb1a","Drctnnb1a","Hycc1","HYCC1","hyccin PI4KA lipid kinase complex subunit 1","5","org.Mm.eg.db","Drctnnb1a","Q6P9N1;A0A0G2JH12;D3Z481;Q3TTP7;Q3U2M0;Q99NC4"
"Sox13","Sox13","Sox13","SOX13","SRY (sex determining region Y)-box 13","1","org.Mm.eg.db","Sox13","D3Z7I3;Q04891;Q922L3"
"Sh3bgrl","Sh3bgrl","Sh3bgrl","SH3BGRL","SH3-binding domain glutamic acid-rich protein like","X","org.Mm.eg.db","Sh3bgrl","A2ALN7;Q3U9A8;Q3UB57;Q9JJU8"
"Acate2","Acate2","Acot9","ACOT9","acyl-CoA thioesterase 9","X","org.Mm.eg.db","Acate2","Q545G7;Q9R0X4;Q9WTJ0;Q9WUZ8"
"2610029K21Rik","2610029K21Rik","Gpatch4","GPATCH4","G patch domain containing 4","3","org.Mm.eg.db","2610029K21Rik","Q3TFK5;Q8VCN2;Q9CU32;Q9D3L4"
"Luc7l2","Luc7l2","Luc7l2","LUC7L2","LUC7-like 2 (S. cerevisiae)","6","org.Mm.eg.db","Luc7l2","Q3UGK2;Q3UZ17;Q7TNC4;Q05CX5;Q3U5L2;E9Q715;Q99LM5;Q99PC3"
"Arid5a","Arid5a","Arid5a","ARID5A","AT-rich interaction domain 5A","1","org.Mm.eg.db","Arid5a","Q3TZS4;Q3U0F0;Q3U0S2;Q3U108;Q3UDA3;Q3UDZ6;Q8BI45;Q8BYB5;Q8R2W1;D3Z0W0"
"Ppargc1a","Ppargc1a","Ppargc1a","PPARGC1A","peroxisome proliferative activated receptor, gamma, coactivator 1 alpha","5","org.Mm.eg.db","Ppargc1a","A0A0G2JGG3;L0AM20;L0AN96;L0APB0;O70343;Q3UP72"
"Lbp","Lbp","Lbp","LBP","lipopolysaccharide binding protein","2","org.Mm.eg.db","Lbp","A2AC66;Q61805;Q99KA0"
"Spnb3","Spnb3","Sptbn2","SPTBN2","spectrin beta, non-erythrocytic 2","19","org.Mm.eg.db","Spnb3","Q3UGZ4;Q68FG2"
"Soat1","Soat1","Soat1","SOAT1","sterol O-acyltransferase 1","1","org.Mm.eg.db","Soat1","Q06EZ3;Q5XK32;Q61263;Q64180"
"2310047C17Rik","2310047C17Rik","","",NA,NA,"org.Mm.eg.db","2310047C17Rik",NA
"Col16a1","Col16a1","Col16a1","COL16A1","collagen, type XVI, alpha 1","4","org.Mm.eg.db","Col16a1","A3KFV7;A3KFV5;Q8BLX7;Q9CZS2;E9Q0X4"
"1110025F24Rik","1110025F24Rik","Nmral1","NMRAL1","NmrA-like family domain containing 1","16","org.Mm.eg.db","1110025F24Rik","D3YU12;G5E8S7;Q8K2T1;Q8BVF0;Q9CZP2"
"Evl","Evl","Evl","EVL","Ena-vasodilator stimulated phosphoprotein","12","org.Mm.eg.db","Evl","P70429;Q6PB99;Q9ERU8;F8WJB9;E9PVP4"
"Laptm4b","Laptm4b","Laptm4b","LAPTM4B","lysosomal-associated protein transmembrane 4B","15","org.Mm.eg.db","Laptm4b","B2CZK6;Q91XQ6"
"Nfatc1","Nfatc1","Nfatc1","NFATC1","nuclear factor of activated T cells, cytoplasmic, calcineurin dependent 1","18","org.Mm.eg.db","Nfatc1","B5B2N5;Q3UME0;B5B2N2;B5B2N4;O70345;O88942;B5B2N7;Q9DBQ6;Q6P7T9"
"D19Wsu12e","D19Wsu12e","Ermp1","ERMP1","endoplasmic reticulum metallopeptidase 1","19","org.Mm.eg.db","D19Wsu12e","B2RXD6;Q3UVK0;Q6ZPH9;Q8BIW0;Q8BYX7"
"Pank3","Pank3","Pank3","PANK3","pantothenate kinase 3","11","org.Mm.eg.db","Pank3","Q5SXA7;Q7M752;Q8R2W9"
"2310067E08Rik","2310067E08Rik","Endod1","ENDOD1","endonuclease domain containing 1","9","org.Mm.eg.db","2310067E08Rik","Q4VA96;Q69ZY2;Q8C522;Q8C5M1;Q8VE35;Q3UQH3"
"Pdir","Pdir","Pdia5","PDIA5","protein disulfide isomerase associated 5","16","org.Mm.eg.db","Pdir","Q921X9"
"Atp8b2","Atp8b2","Atp8b2","ATP8B2","ATPase, class I, type 8B, member 2","3","org.Mm.eg.db","Atp8b2","D3YXQ5;E9QAL4;P98199"
"4930432O21Rik","4930432O21Rik","Zfp943","","zinc finger prtoein 943","17","org.Mm.eg.db","4930432O21Rik","Q6NZP4"
"Rab19","Rab19","Rab19","RAB19","RAB19, member RAS oncogene family","6","org.Mm.eg.db","Rab19","O35697;P35294;Q6GTV2"
"D330012D11Rik","D330012D11Rik","Btnl9","BTNL9","butyrophilin-like 9","11","org.Mm.eg.db","D330012D11Rik","B7ZC64;B9EKA9;Q80V04;Q811T7;Q8BJE2"
"Gdap10","Gdap10","Gdap10","","ganglioside-induced differentiation-associated-protein 10","12","org.Mm.eg.db","Gdap10",NA
"1500004A08Rik","1500004A08Rik","Pik3ip1","PIK3IP1","phosphoinositide-3-kinase interacting protein 1","11","org.Mm.eg.db","1500004A08Rik","Q3TTD5;Q5NBY3;Q5NBY4;Q5NBY6;Q7TMJ8;Q811Z2;Q811Z3;Z4YN57"
"Samsn1","Samsn1","Samsn1","SAMSN1","SAM domain, SH3 domain and nuclear localization signals, 1","16","org.Mm.eg.db","Samsn1","P57725;Q2LE09;Q5RKU0;Q6P210;Q8C6S2"
"4930579G24Rik","4930579G24Rik","4930579G24Rik","C4orf46","RIKEN cDNA 4930579G24 gene","3","org.Mm.eg.db","4930579G24Rik","Q3UUX7;Q9D4P8"
"Kif22","Kif22","Kif22","KIF22","kinesin family member 22","7","org.Mm.eg.db","Kif22","O35232;Q3V300;Q99LC7"
"Arl3","Arl3","Arl3","ARL3","ADP-ribosylation factor-like 3","19","org.Mm.eg.db","Arl3","A0A494BAJ6;Q543P7;Q9WUL7"
"F730047E07Rik","F730047E07Rik","Mms22l","MMS22L","MMS22-like, DNA repair protein","4","org.Mm.eg.db","F730047E07Rik","B1AUR6;B7ZN61;D3YXA0;G8JL47;Q6R5F9;Q80UT0"
"Slc16a1","Slc16a1","Slc16a1","SLC16A1","solute carrier family 16 (monocarboxylic acid transporters), member 1","3","org.Mm.eg.db","Slc16a1","P53986;Q3TRK9;Q544N9;Q8C2E6"
"Gyk","Gyk","Gk","GK","glycerol kinase","X","org.Mm.eg.db","Gyk","B1ASZ3;Q3TET2;B1ASZ1;Q3TEN9;Q64516;Q8C2M1;Q8C8X0"
"Tcf19","Tcf19","Tcf19","TCF19","transcription factor 19","17","org.Mm.eg.db","Tcf19","G3XA31;Q8BPA3;Q99KJ5;Q9CT93"
"Surf6","Surf6","Surf6","SURF6","surfeit gene 6","2","org.Mm.eg.db","Surf6","P70279;Q3V1X4;Q8BPI4;Q8BRL7;Q8R0Q7"
"Lpxn","Lpxn","Lpxn","LPXN","leupaxin","19","org.Mm.eg.db","Lpxn","A0A494B990;Q8R355;Q99N69"
"Oxct1","Oxct1","Oxct1","OXCT1","3-oxoacid CoA transferase 1","15","org.Mm.eg.db","Oxct1","Q3TIW6;Q3U9P7;Q3UK61;Q9CV92;Q9D0K2"
"Trp53inp1","Trp53inp1","Trp53inp1","TP53INP1","transformation related protein 53 inducible nuclear protein 1","4","org.Mm.eg.db","Trp53inp1","Q9QXE4;Q3UQK9;Q923I6"
"BC012016","BC012016","Prdm9","PRDM9","PR domain containing 9",NA,"org.Mm.eg.db","BC012016","B8JJZ8;Q0D2N4;Q96EQ9;E9Q4V2"
"Usp31","Usp31","Usp31;Usp48","USP31","ubiquitin specific peptidase 31; ubiquitin specific peptidase 48","7;4","org.Mm.eg.db","Usp31","E9Q6Y8;A2ALR9;Q3TM39;Q3V0C5;Q571J9;Q8VDJ1"
"2510049J12Rik","2510049J12Rik","Mkrn2os","MKRN2OS","makorin, ring finger protein 2, opposite strand","6","org.Mm.eg.db","2510049J12Rik","D3Z393"
"Pira6","Pira6","Pira6","","paired-Ig-like receptor A6","7","org.Mm.eg.db","Pira6","O70434;O55001;Q3ZB55;A2NTK3;D3Z674"
"Rasa4","Rasa4","Rasa4","RASA4","RAS p21 protein activator 4","5","org.Mm.eg.db","Rasa4","Q6PFQ7;Q2PMI6;Q3U2R4;Q571H1;Q58DY7"
"Jund1","Jund1","Jund","JUND","jun D proto-oncogene","8","org.Mm.eg.db","Jund1","Q52L49;P15066"
"Rnf125","Rnf125","Rnf125","RNF125","ring finger protein 125","18","org.Mm.eg.db","Rnf125","A4PBT3;Q0VG32;Q52KL4;Q8C7F2;Q9D9R0"
"Enpep","Enpep","Enpep","ENPEP","glutamyl aminopeptidase","3","org.Mm.eg.db","Enpep","P16406;Q52JJ6"
"Slc27a3","Slc27a3","Slc27a3","SLC27A3","solute carrier family 27 (fatty acid transporter), member 3","3","org.Mm.eg.db","Slc27a3","F7CPA3;B2RUG3;G3X8Y7;O88561;Q6PAU1;Q8BK70"
"BC003277","BC003277","Tmem51","TMEM51","transmembrane protein 51",NA,"org.Mm.eg.db","BC003277","Q3TPZ3;Q99LG1"
"Nf2","Nf2","Nf2","NF2","neurofibromin 2","11","org.Mm.eg.db","Nf2","Q9D3K3;P46662;Q8BR03;Q3TIW4"
"C1qa","C1qa","C1qa","C1QA","complement component 1, q subcomponent, alpha polypeptide","4","org.Mm.eg.db","C1qa","A0A3B0IP04;P98086;Q3TXB1;Q3UBX7;Q9DCM6"
"6330503K22Rik","6330503K22Rik","Ccp110","CCP110","centriolar coiled coil protein 110","7","org.Mm.eg.db","6330503K22Rik","A0A140LJ44;Q6A072;Q7TSH4"
"Pgam2","Pgam2","Pgam2","PGAM2","phosphoglycerate mutase 2","11","org.Mm.eg.db","Pgam2","O70250;Q5NCI4"
"4732465I17Rik","4732465I17Rik","Rhbdf2","RHBDF2","rhomboid 5 homolog 2","11","org.Mm.eg.db","4732465I17Rik","Q3TBR9;Q80WQ6;Q8BJ70;Q8K2I7"
"Mdfi","Mdfi","Mdfi","MDFI","MyoD family inhibitor","17","org.Mm.eg.db","Mdfi","P70331;P70330;P70332;Q5XK64;Q99JM9;D3Z6Q8"
"Jarid1a","Jarid1a","Kdm5a","KDM5A","lysine demethylase 5A","6","org.Mm.eg.db","Jarid1a","Q3TM94;Q3UMI5;Q3UXZ9;Q66JZ3;A0A0N4SVA7"
"Irf7","Irf7","Irf7","IRF7","interferon regulatory factor 7","7","org.Mm.eg.db","Irf7","Q3TW14;D3Z4U9;P70434;Q542T3"
"2600011E07Rik","2600011E07Rik","Amer2","AMER2","APC membrane recruitment 2","14","org.Mm.eg.db","2600011E07Rik","A0A0R4J030;A0A286YD03;Q8CCJ4;Q7TNC5;Q8K0U9;Q9D0Q2"
"Zfpn1a3","Zfpn1a3","Ikzf3","IKZF3","IKAROS family zinc finger 3","11","org.Mm.eg.db","Zfpn1a3","B1AQE6;O08900"
"9230110M18Rik","9230110M18Rik","Rlf","RLF","rearranged L-myc fusion sequence","4","org.Mm.eg.db","9230110M18Rik","A2A7F4;E9Q532"
"4921532K09Rik","4921532K09Rik","Nudcd1","NUDCD1","NudC domain containing 1","15","org.Mm.eg.db","4921532K09Rik","A0A2K6EDK3;Q3THV3;Q6PIP5;Q71EC1;Q8BJZ5"
"Ethe1","Ethe1","Ethe1","ETHE1","ethylmalonic encephalopathy 1","7","org.Mm.eg.db","Ethe1","Q9DCM0;Q9ESL5"
"Armcx2","Armcx2","Armcx2","ARMCX2","armadillo repeat containing, X-linked 2","X","org.Mm.eg.db","Armcx2","A2AKS5;Q6A058;Q8BJ81;Q9CXI9"
"Rasip1","Rasip1","Rasip1","RASIP1","Ras interacting protein 1","7","org.Mm.eg.db","Rasip1","B9EK92;E9QLI7;Q3U0S6;Q6GQW4"
"Atad2","Atad2","Atad2","ATAD2","ATPase family, AAA domain containing 2","15","org.Mm.eg.db","Atad2","Q3UYW6;Q8CDM1;G3X963"
"Top2a","Top2a","Top2a","TOP2A","topoisomerase (DNA) II alpha","11","org.Mm.eg.db","Top2a","E9PX08;Q01320"
"AI428795","AI428795","","",NA,NA,"org.Mm.eg.db","AI428795",NA
"Mefv","Mefv","Mefv","MEFV","Mediterranean fever","16","org.Mm.eg.db","Mefv","Q32MT0;Q32MT1;E9QN30;Q9JJ26"
"Stk17b","Stk17b","Stk17b","STK17B","serine/threonine kinase 17b (apoptosis-inducing)","1","org.Mm.eg.db","Stk17b","Q3TNG7;Q8BG48;Q8BLV9;Q923E7"
"Zfp423","Zfp423","Zfp423","ZNF423","zinc finger protein 423","8","org.Mm.eg.db","Zfp423","G3UW89;Q3V017;B2RSW4;Q6PCP2;Q6X497;Q80TS5;Q8CIQ1;Q9ESD2"
"D14Ertd668e","D14Ertd668e","Phf11d","","PHD finger protein 11D","14","org.Mm.eg.db","D14Ertd668e","A6H5X4;Q3U0T6;Q8K2R8;B4XVQ0"
"Ptprs","Ptprs","Ptprs","PTPRS","protein tyrosine phosphatase receptor type S","17","org.Mm.eg.db","Ptprs","B0V2N1;Q3TEC3;Q3TXC9;Q4JFC7;Q5XJV4;Q64503;Q64699;Q7TT17"
"Copa","Copa","Copa","COPA","coatomer protein complex subunit alpha","1","org.Mm.eg.db","Copa","E9Q075;Q8BTF0;Q8CIE6;F8WHL2"
"Ptpn23","Ptpn23","Ptpn23","PTPN23","protein tyrosine phosphatase, non-receptor type 23","9","org.Mm.eg.db","Ptpn23","Q69ZJ0;Q6PB44;Q8R1Z5;Q923E6"
"2610529C04Rik","2610529C04Rik","Magt1","MAGT1","magnesium transporter 1","X","org.Mm.eg.db","2610529C04Rik","A2ADH1;Q3UW45;Q9CQY5;Q9CWX5;Q9CZT3"
"E430036I04Rik","E430036I04Rik","Lrrc8c","LRRC8C","leucine rich repeat containing 8 family, member C","5","org.Mm.eg.db","E430036I04Rik","Q3TEP9;Q8C296;Q8R0N7;Q8R3G5;Q8R502"
"E130307J04Rik","E130307J04Rik","Ric3","RIC3","RIC3 acetylcholine receptor chaperone","7","org.Mm.eg.db","E130307J04Rik","Q6PCM7;Q8BPM6;Q8C4G2;D3YTZ9"
"C330018D20Rik","C330018D20Rik","C330018D20Rik","C5orf63","RIKEN cDNA C330018D20 gene","18","org.Mm.eg.db","C330018D20Rik","Q9CWB7"
"1810035L17Rik","1810035L17Rik","Slirp","SLIRP","SRA stem-loop interacting RNA binding protein","12","org.Mm.eg.db","1810035L17Rik","F8WHU8;Q14AR0;Q497G4;Q99JH3;Q9D8T7"
"Pitx1","Pitx1","Pitx1","PITX1","paired-like homeodomain transcription factor 1","13","org.Mm.eg.db","Pitx1","O54742;P70314;P70427;Q3UQH0"
"Ahcy","Ahcy","Ahcy","AHCY","S-adenosylhomocysteine hydrolase","2","org.Mm.eg.db","Ahcy","P50247;Q3TF14;Q3U4D1;Q5M9P0;Q91WF1"
"Ugt1a9","Ugt1a9","Ugt1a9;Ugt1a6b","UGT1A9","UDP glucuronosyltransferase 1 family, polypeptide A9; UDP glucuronosyltransferase 1 family, polypeptide A6B","1","org.Mm.eg.db","Ugt1a9","A6H6W3;E9QN27;Q5FW80;Q62452;Q6XL44;K9J7B2;Q8R0P3"
"4631422O05Rik","4631422O05Rik","Filip1l","FILIP1L","filamin A interacting protein 1-like","16","org.Mm.eg.db","4631422O05Rik","B2ZAA3;B3GM33;E0CYH7;Q05CK4;Q3UIY5;Q4G0B9;Q6P6L0;E0CYM1"
"Igfals","Igfals","Igfals","IGFALS","insulin-like growth factor binding protein, acid labile subunit","17","org.Mm.eg.db","Igfals","P70389;Q791Q5;Q9DBI7;Q570Z9;A0A0R4J0S2"
"1810044O22Rik","1810044O22Rik","Cyb5b","CYB5B","cytochrome b5 type B","8","org.Mm.eg.db","1810044O22Rik","Q3TH64;Q3TN44;Q9CQX2;Q9D1M6;Q9D8R3"
"Unc5a","Unc5a","Unc5a","UNC5A","unc-5 netrin receptor A","13","org.Mm.eg.db","Unc5a","Q8K1S4;Q6PEF7;Q80T71"
"Oprs1","Oprs1","Sigmar1","SIGMAR1","sigma non-opioid intracellular receptor 1","4","org.Mm.eg.db","Oprs1","B7ZJH6;A2AMS0;B7ZJH7;B7ZJH9;B7ZJH8;I4DCY6;O55242;Q9JKU9"
"2310034J19Rik","2310034J19Rik","Plekhm2","PLEKHM2","pleckstrin homology domain containing, family M (with RUN domain) member 2","4","org.Mm.eg.db","2310034J19Rik","A2ADE1;Q3U0Q7;Q6PD22;Q80TQ5;Z4YJW6;A2ADE0"
"Icosl","Icosl","Icosl","ICOSLG","icos ligand","10","org.Mm.eg.db","Icosl","A0A1W2P6Q2;Q544C7;Q9JHJ8"
"Alg3","Alg3","Psen2;Alg3","PSEN2","presenilin 2; ALG3 alpha-1,3- mannosyltransferase","1;16","org.Mm.eg.db","Alg3","O54977;P97934;P97935;Q3U4P5;Q61144;Q91VS3;Q9D616;A0A0R4J1F2;A0A338P6Y8;A0A338P726;E9QKP9;Q8K2A8"
"A530050O19Rik","A530050O19Rik","Nbeal1","NBEAL1","neurobeachin like 1","1","org.Mm.eg.db","A530050O19Rik","E9PYP2"
"Fkbp7","Fkbp7","Fkbp7","FKBP7","FK506 binding protein 7","2","org.Mm.eg.db","Fkbp7","O54998;Q3UU11"
"2810027O19Rik","2810027O19Rik","Ccdc34","CCDC34","coiled-coil domain containing 34","2","org.Mm.eg.db","2810027O19Rik","Q3UI66;Q9CS29;Q9CS41;F6QKZ7"
"A430075L18Rik","A430075L18Rik","Ppm1h","PPM1H","protein phosphatase 1H (PP2C domain containing)","10","org.Mm.eg.db","A430075L18Rik","Q3UD05;Q3UYC0;Q3V3H5;Q3V3Y7;Q571C9;Q7TMU7;Q8BYE6"
"9030624L02Rik","9030624L02Rik","Ces2e","","carboxylesterase 2E","8","org.Mm.eg.db","9030624L02Rik","Q8BK48;Q8BM97;Q8VC02"
"Tm4sf13","Tm4sf13","Tspan13","TSPAN13","tetraspanin 13","12","org.Mm.eg.db","Tm4sf13","A7NSH9;Q3TMS0;Q8BTH3;Q9D8C2"
"Kbtbd10","Kbtbd10","Klhl41","KLHL41","kelch-like 41","2","org.Mm.eg.db","Kbtbd10","A2AUC9;B2RWT7"
"Psmb9","Psmb9","Psmb9","PSMB9","proteasome (prosome, macropain) subunit, beta type 9 (large multifunctional peptidase 2)","17","org.Mm.eg.db","Psmb9","Q3TAR7;Q3U7A7;A0A0R4J256"
"Plvap","Plvap","Plvap","PLVAP","plasmalemma vesicle associated protein","8","org.Mm.eg.db","Plvap","G3X924;Q91VC4;Q99JB1"
"Slc22a7","Slc22a7","Slc22a7","SLC22A7","solute carrier family 22 (organic anion transporter), member 7","17","org.Mm.eg.db","Slc22a7","A0A0R4J122;Q3UNX2;Q8BUQ9;Q8K4S9;Q8R0M7;Q8R125;Q91WU2"
"Hrbl","Hrbl","Agfg2","AGFG2","ArfGAP with FG repeats 2","5","org.Mm.eg.db","Hrbl","Q3TBU7;Q3U2K8;Q80WC7;Q8BKS5;Q99J67"
"Krt2-6g","Krt2-6g","Krt2;Krt1c","KRT2","keratin 2; keratin 1 complex","15","org.Mm.eg.db","Krt2-6g","Q0VBW1;Q3TTY5;Q61869"
"0610011I04Rik","0610011I04Rik","Tmem176a","TMEM176A","transmembrane protein 176A","6","org.Mm.eg.db","0610011I04Rik","A0A0N4SVU8;Q3UCE2;Q8BV92;Q8K4T0;Q9DCS1"
"Eprs","Eprs","Eprs1","EPRS1","glutamyl-prolyl-tRNA synthetase 1","1","org.Mm.eg.db","Eprs","B9EIU1;E9QKC4;Q3UFJ2;Q4VC16;Q8CGC7"
"Trip13","Trip13","Trip13","TRIP13","thyroid hormone receptor interactor 13","13","org.Mm.eg.db","Trip13","A0JNT8;Q05CL4;Q3UA06;Q3UQG6;Q9CWW8"
"Pde4a","Pde4a","Pde4a","PDE4A","phosphodiesterase 4A, cAMP specific","9","org.Mm.eg.db","Pde4a","Q3TUD0;A0AAQ4VMW1;C9K100;B2RTL2;O89084;Q8R078;Q9JHQ4;Q9QX48;Q9QX49;Q9QXI8"
"Calmbp1","Calmbp1","Aspm","ASPM","abnormal spindle microtubule assembly","1","org.Mm.eg.db","Calmbp1","A0A0G2JES1;B1ARM7;O88482;Q4G1G9;Q8BJI8;Q8BKT4;Q8CJ27"
"Fmnl2","Fmnl2","Fmnl2","FMNL2","formin-like 2","2","org.Mm.eg.db","Fmnl2","A2APV2;A2AQW1;Q69Z73;Q7TPA8;Q80VH6;F8VPR2;A2AQW2"
"Mme","Mme","Mme","MME","membrane metallo endopeptidase","3","org.Mm.eg.db","Mme","Q61391;Q6NXX5;Q8K251"
"H1f0","H1f0","H1f0","H1F0","H1.0 linker histone","15","org.Mm.eg.db","H1f0","P10922;Q3U4Y0;Q3UKC0"
"Tdo2","Tdo2","Tdo2","TDO2","tryptophan 2,3-dioxygenase","3","org.Mm.eg.db","Tdo2","C5NSA7;P48776;Q8VCW3"
"Icam2","Icam2","Icam2","ICAM2","intercellular adhesion molecule 2","11","org.Mm.eg.db","Icam2","P35330;Q9D8Q4"
"Tyrobp","Tyrobp","Tyrobp","TYROBP","TYRO protein tyrosine kinase binding protein","7","org.Mm.eg.db","Tyrobp","A0A140LHP7;O54885;O88603;Q3U419"
"Slc15a3","Slc15a3","Slc15a3","SLC15A3","solute carrier family 15, member 3","19","org.Mm.eg.db","Slc15a3","Q8BPX9;Q9WU80"
"Ngfrap1","Ngfrap1","Bex3","BEX3","brain expressed X-linked 3","X","org.Mm.eg.db","Ngfrap1","A3KGA0;A3KGA1;Q9CWN9;Q9D0S2;Q9D1N5;Q9WTZ9"
"Oit1","Oit1","Fam3d","FAM3D","FAM3 metabolism regulating signaling molecule D","14","org.Mm.eg.db","Oit1","P97805;Q8R009;Q8R1F2"
"Sin3b","Sin3b","Sin3b","SIN3B","transcriptional regulator, SIN3B (yeast)","8","org.Mm.eg.db","Sin3b","Q3TN09;O54976;Q3TXW9;Q62141;Q6A013;Q8VCB8;Q8VDZ5"
"Nical","Nical","Mical1","MICAL1","microtubule associated monooxygenase, calponin and LIM domain containing 1","10","org.Mm.eg.db","Nical","E9PUI4;D3Z4C6;E9PXR1;Q3TB77;Q3TBH9;Q3TX89;Q8VDP3"
"Pdcd4","Pdcd4","Pdcd4","PDCD4","programmed cell death 4","19","org.Mm.eg.db","Pdcd4","P97296;Q3T9A9;Q61823"
"Col5a1","Col5a1","Col5a1","COL5A1","collagen, type V, alpha 1","2","org.Mm.eg.db","Col5a1","A3KGE3;B1AWB9;O88207;Q3UG94;Q6F6B0"
"Pkm2","Pkm2","Pkm","PKM","pyruvate kinase, muscle","9","org.Mm.eg.db","Pkm2","P52480;Q3TBV8;Q3TBW5;Q3TC59;Q3U1X3;Q3U5P6;Q4VC20;Q64484;Q91YI8;Q9CWB1"
"Plk2","Plk2","Plk2","PLK2","polo like kinase 2","13","org.Mm.eg.db","Plk2","P53351;Q548A9;Q8K226"
"Asf1b","Asf1b","Asf1b","ASF1B","anti-silencing function 1B histone chaperone","8","org.Mm.eg.db","Asf1b","Q8BP41;Q9CTX3;Q9DAP7"
"Aspa","Aspa","Aspa","ASPA","aspartoacylase","11","org.Mm.eg.db","Aspa","Q5SV07;Q8R3P0;Q9D876;Q9DCE2;Q9JIN8;B0QZP3"
"Galm","Galm","Galm","GALM","galactose mutarotase","17","org.Mm.eg.db","Galm","Q3TSZ4;Q8K157"
"Krt1-13","Krt1-13","Krt31c;Krt1","","keratin 31 complex; keratin 1","15","org.Mm.eg.db","Krt1-13","P04104;Q149E0;Q9D2K8"
"1110055J05Rik","1110055J05Rik","Lce1f","LCE1F","late cornified envelope 1F","3","org.Mm.eg.db","1110055J05Rik","B9EJP6"
"Gpx4","Gpx4","Gpx4;Gpx4-ps2","GPX4","glutathione peroxidase 4; glutathione peroxidase 4, pseudogene 2","10","org.Mm.eg.db","Gpx4","Q76LV0;Q3TI34;Q5XJZ8;O35560;O70325;Q3TIF2;Q8K4U8;Q91XR9;Q9JK35"
"BC011426","BC011426","Zfp959","","zinc finger protein 959",NA,"org.Mm.eg.db","BC011426","Q91VM8"
"Agpat4","Agpat4","Agpat4","AGPAT4","1-acylglycerol-3-phosphate O-acyltransferase 4","17","org.Mm.eg.db","Agpat4","Q3TKN0;Q8K4X7;Q9DB84"
"Cyba","Cyba","Cyba","CYBA","cytochrome b-245, alpha polypeptide","8","org.Mm.eg.db","Cyba","Q3TAM0;B3VQI8;Q3U820;Q61462;Q9CWB9;Q9D2W2"
"Serpinf2","Serpinf2","Serpinf2","SERPINF2","serine (or cysteine) peptidase inhibitor, clade F, member 2","11","org.Mm.eg.db","Serpinf2","Q5ND36;Q61247"
"Tnni2","Tnni2","Tnni2","TNNI2","troponin I, skeletal, fast 2","7","org.Mm.eg.db","Tnni2","A0A1B0GRY8;A2A6J9;P13412"
"Fgfr4","Fgfr4","Fgfr4","FGFR4","fibroblast growth factor receptor 4","13","org.Mm.eg.db","Fgfr4","A0A0R4IZY3;Q03142;Q27Q87;Q5J7D9;Q8C3V5;Q8CIB8"
"Tebp","Tebp","Ptges3","PTGES3","prostaglandin E synthase 3","10","org.Mm.eg.db","Tebp","Q3TJG6;Q542V4;Q9D7V0;Q9R0Q7;Q9WV83"
"Sfxn3","Sfxn3","Sfxn3","SFXN3","sideroflexin 3","19","org.Mm.eg.db","Sfxn3","Q91V61;Q3U4F0;Q544M7;Q8C1Z2"
"1200015A22Rik","1200015A22Rik","Tmem43","TMEM43","transmembrane protein 43","6","org.Mm.eg.db","1200015A22Rik","Q9DBS1"
"Fxyd5","Fxyd5","Fxyd5","FXYD5","FXYD domain-containing ion transport regulator 5","7","org.Mm.eg.db","Fxyd5","E0CXN1;P97808;Q3TDW1;F8WJA1"
"Ppp1cb","Ppp1cb","Ppp1cb","PPP1CB","protein phosphatase 1 catalytic subunit beta","5","org.Mm.eg.db","Ppp1cb","P62141;Q3TBE5;Q3TL90;Q3U7K1;Q542E7;Q8C285;Q9DBY2"
"2010200I23Rik","2010200I23Rik","Tmem30a","TMEM30A","transmembrane protein 30A","9","org.Mm.eg.db","2010200I23Rik","D3YVV1;Q3TCJ5;Q3UDH8;Q8R0X6;Q8VEH1;Q8VEK0"
"Mthfd2","Mthfd2","Mthfd2","MTHFD2","methylenetetrahydrofolate dehydrogenase (NAD+ dependent), methenyltetrahydrofolate cyclohydrolase","6","org.Mm.eg.db","Mthfd2","P18155;Q3TMN4;Q3U8E7"
"Ttpa","Ttpa","Ttpa","TTPA","tocopherol (alpha) transfer protein","4","org.Mm.eg.db","Ttpa","A8Y5N9;Q8QZU5;Q499J1;Q499J3;Q8BWP5;Q9CW51;Q9JL07"
"Lama1","Lama1","Lama1","LAMA1","laminin, alpha 1","17","org.Mm.eg.db","Lama1","F8VQ40;P19137"
"Mapk7","Mapk7","Mapk7","MAPK7","mitogen-activated protein kinase 7","11","org.Mm.eg.db","Mapk7","Q9WVS8;Q3U2N7;Q3UG52;Q497T0;Q5NCN6;Q5NCN7;Q5NCN9;Q6QLU8;Q9R1D9;Q9WVF3;Q9WVF4;Q5NCN8"
"Nol5a","Nol5a","Nop56","NOP56","NOP56 ribonucleoprotein","2","org.Mm.eg.db","Nol5a","Q3UD45;Q3USZ5;Q8BVL1;Q8VDT2;Q99LT8;Q9CT15;Q9D6Z1"
"C730048C13Rik","C730048C13Rik","Slc22a30","SLC22A25","solute carrier family 22, member 30","19","org.Mm.eg.db","C730048C13Rik","E9PVA5;Q810T7;Q8BWE8;Q8BWN6;Q96LX3;Q3V3G0"
"Tnfaip8","Tnfaip8","Tnfaip8","TNFAIP8","tumor necrosis factor, alpha-induced protein 8","18","org.Mm.eg.db","Tnfaip8","D3YWJ5;Q3TQS5;Q3U9V7;Q3UBG8;Q8BTH4;Q921Z5;D3Z325"
"Fkhl18","Fkhl18","Foxs1","FOXS1","forkhead box S1","2","org.Mm.eg.db","Fkhl18","Q4VA05;Q61574;Q8C5N7"
"3110050K21Rik","3110050K21Rik","Zc3h13","ZC3H13","zinc finger CCCH type containing 13","14","org.Mm.eg.db","3110050K21Rik","A0A2I3BPQ5;B9EHN9;E9Q784"
"Kit","Kit","Kit","KIT","KIT proto-oncogene receptor tyrosine kinase","5","org.Mm.eg.db","Kit","P05532;Q61415;Q61416;Q61417;Q6LEE9;Q6QJB7;Q6QJB8;Q7TS86;Q8C8K9"
"1600019O04Rik","1600019O04Rik","Fndc3b","FNDC3B","fibronectin type III domain containing 3B","3","org.Mm.eg.db","1600019O04Rik","A0A0R4J0H8;Q3UWZ2;Q570Z2;Q6NWW9;Q80YF7;Q8BLH9;Q8CH86"
"6530402N02Rik","6530402N02Rik","","",NA,NA,"org.Mm.eg.db","6530402N02Rik",NA
"Gpr86","Gpr86","P2ry13","P2RY13","purinergic receptor P2Y, G-protein coupled 13","3","org.Mm.eg.db","Gpr86","Q0VF10;Q8C412;Q8CAL2;Q9D8I2"
"Acsl4","Acsl4","Acsl4","ACSL4","acyl-CoA synthetase long-chain family member 4","X","org.Mm.eg.db","Acsl4","Q8BW44;Q91YN3;Q5D071;Q9JHT4;Q9QUJ7;Q9R0H3"
"3732412D22Rik","3732412D22Rik","Limch1","LIMCH1","LIM and calponin homology domains 1","5","org.Mm.eg.db","3732412D22Rik","A0A5F8MPN3;Q3UH68;Q6DIC3;Q80TK1;D3Z589;A0A571BG24;D3YU22;D3YU59;Q8CGB7"
"Arpc2","Arpc2","Arpc2","ARPC2","actin related protein 2/3 complex, subunit 2","1","org.Mm.eg.db","Arpc2","Q3U870;Q4FZG5;Q9CVB6"
"Fgf6","Fgf6","Fgf6","FGF6","fibroblast growth factor 6","6","org.Mm.eg.db","Fgf6","A0A7U3L4H7;P21658;Q8C399"
"Il1rap","Il1rap","Il1rap","IL1RAP","interleukin 1 receptor accessory protein","16","org.Mm.eg.db","Il1rap","E9Q6I2;Q3V2X3;Q3UVZ1;Q61730;Q8VCB9;G3UY13;Q3UEL3"
"2610318I01Rik","2610318I01Rik","Fnbp1l","FNBP1L","formin binding protein 1-like","3","org.Mm.eg.db","2610318I01Rik","A0A5F8MPQ8;E9PUI5;E9PUK3"
"C330014B19Rik","C330014B19Rik","Vmn2r-ps105","","vomeronasal 2, receptor, pseudogene 105",NA,"org.Mm.eg.db","C330014B19Rik",NA
"Ifi203","Ifi203","Ifi203","","interferon activated gene 203","1","org.Mm.eg.db","Ifi203","A0A1Z3MHZ5;E9QAN9;A0A0R4J0H6;O35368;Q3T9I1;Q3TEA2;Q3TP57;Q3UMV2;Q8BYE5;Q91VV8;E9PUG6"
"Nr3c1","Nr3c1","Nr3c1","NR3C1","nuclear receptor subfamily 3, group C, member 1","18","org.Mm.eg.db","Nr3c1","E0ZPU5;E9PUR6;E9PYV1;P06537;Q06VW2;Q3U126;Q3U2M7;Q61628;Q61629"
"Vav3","Vav3","Vav3","VAV3","vav 3 oncogene","3","org.Mm.eg.db","Vav3","A2CFD7;Q7TS85;Q8BRV2;Q8CCF5;Q8R076;Q9JLS6;Q9R0C8"
"1500041B16Rik","1500041B16Rik","Cnrip1","CNRIP1","cannabinoid receptor interacting protein 1","11","org.Mm.eg.db","1500041B16Rik","Q3TAC7;Q3UFR2;Q5M8N0"
"Flt1","Flt1","Flt1","FLT1","FMS-like tyrosine kinase 1","5","org.Mm.eg.db","Flt1","O55095;Q3TJC1;Q8K1H4;A0A0R4J0A4;O55094;P35969;Q61517;Q9DAV2"
"C530009C10Rik","C530009C10Rik","Arl13b","ARL13B","ADP-ribosylation factor-like 13B","16","org.Mm.eg.db","C530009C10Rik","G3X9K5;Q640N2"
"Zfp297b","Zfp297b","Zbtb43","ZBTB43","zinc finger and BTB domain containing 43","2","org.Mm.eg.db","Zfp297b","Q3UGQ6;Q9DAI4;G3X9N4"
"Hba-x","Hba-x","Hba;Hba-a1","","hemoglobin alpha chain complex; hemoglobin alpha, adult chain 1","11","org.Mm.eg.db","Hba-x","A8DUV3;P01942;Q8BPF4;Q91VB8;Q9CWS5;Q9CY06"
"Echdc1","Echdc1","Echdc1","ECHDC1","enoyl Coenzyme A hydratase domain containing 1","10","org.Mm.eg.db","Echdc1","Q9D9V3;Q3U8C0;Q3UM30;Q8C185;Q9CTC5"
"Centd1","Centd1","Arap2","ARAP2","ArfGAP with RhoGAP domain, ankyrin repeat and PH domain 2","5","org.Mm.eg.db","Centd1","E9QP44;Q80TX2;Q8BZ05;Q8C3T2;Q8VEL6"
"BC027663","BC027663","Ccdc102a","CCDC102A","coiled-coil domain containing 102A",NA,"org.Mm.eg.db","BC027663","A0AUL1;A4FUJ5;B2RTE5;Q3B7Y4;Q3TMW1"
"6430548M08Rik","6430548M08Rik","6430548M08Rik","KIAA0513","RIKEN cDNA 6430548M08 gene","8","org.Mm.eg.db","6430548M08Rik","Q80TY8;Q8BQV3;Q8C8N9;Q8CCN0;Q8R0A7;Q3TA40;Q8BQB5"
"Gbe1","Gbe1","Gbe1","GBE1","1,4-alpha-glucan branching enzyme 1","16","org.Mm.eg.db","Gbe1","G3UW30;Q9D6Y9"
"Arpc1b","Arpc1b","Arpc1b","ARPC1B","actin related protein 2/3 complex, subunit 1B","5","org.Mm.eg.db","Arpc1b","Q3TCE7;Q3U094;Q9CRC4;Q9WV32"
"Foxj2","Foxj2","Foxj2","FOXJ2","forkhead box J2","6","org.Mm.eg.db","Foxj2","Q9ES18"
"BC042901","BC042901","","",NA,NA,"org.Mm.eg.db","BC042901",NA
"Tnrc11","Tnrc11","Med12","MED12","mediator complex subunit 12","X","org.Mm.eg.db","Tnrc11","A2AGH6;A2AGH7;A2AGH9;O88542;Q571H3;Q6PGB4;Q6PGD8"
"Pam","Pam","Pam;Mycbp2","PAM","peptidylglycine alpha-amidating monooxygenase; MYC binding protein 2, E3 ubiquitin protein ligase","1;14","org.Mm.eg.db","Pam","E9QL07;P97467;E9Q704;F8VQA4;E9PUJ6;Q6PCM8;Q7TPH6;F6SMY7"
"Mmp10","Mmp10","Mmp10","MMP10","matrix metallopeptidase 10","9","org.Mm.eg.db","Mmp10","A1L3D0;O55123"
"Slc6a8","Slc6a8","Slc6a8","SLC6A8","solute carrier family 6 (neurotransmitter transporter, creatine), member 8","X","org.Mm.eg.db","Slc6a8","A2ALM4;A2ALM6;E9Q151;Q80YC9;Q8K4R3;Q8R1L0;Q8VBW1"
"Ripk3","Ripk3","Ripk3","RIPK3","receptor-interacting serine-threonine kinase 3","14","org.Mm.eg.db","Ripk3","E9PZP3;G3X8V8;Q3U3Z9;Q8K2Y2;Q9QZL0"
"4932703L02Rik","4932703L02Rik","Manea","MANEA","mannosidase, endo-alpha","4","org.Mm.eg.db","4932703L02Rik","Q6NXH2;Q8C0N9"
"2600006K01Rik","2600006K01Rik","2600006K01Rik;Cercam","","RIKEN cDNA 2600006K01 gene; cerebral endothelial cell adhesion molecule","2","org.Mm.eg.db","2600006K01Rik","A3KGW5;B2RSF7"
"Txk","Txk","Txk","TXK","TXK tyrosine kinase","5","org.Mm.eg.db","Txk","P42682;Q0VBP6;A0A0G2JG94;B2RQ20"
"AI604832","AI604832","","",NA,NA,"org.Mm.eg.db","AI604832",NA
"Csnk1e","Csnk1e","Csnk1e","CSNK1E","casein kinase 1, epsilon","15","org.Mm.eg.db","Csnk1e","Q8R389;Q9JMK2;Q9QUI3;Q3TYE1"
"Iars","Iars","Iars1","IARS1","isoleucyl-tRNA synthetase 1","13","org.Mm.eg.db","Iars","Q6NXK4;Q8BU30"
"Pfkfb1","Pfkfb1","Pfkfb1","PFKFB1","6-phosphofructo-2-kinase/fructose-2,6-biphosphatase 1","X","org.Mm.eg.db","Pfkfb1","A2AFM9;A2AFN0;P70266;Q3V180;A2AFM8"
"Klhl13","Klhl13","Klhl13","KLHL13","kelch-like 13","X","org.Mm.eg.db","Klhl13","Q497T4;A2AL86;A2AL87;A2AL88;A2AL89;Q80TF4;Q9DBY7"
"Armcx1","Armcx1","Armcx1","ARMCX1","armadillo repeat containing, X-linked 1","X","org.Mm.eg.db","Armcx1","Q9CX83"
"Niban","Niban","Niban1","NIBAN1","niban apoptosis regulator 1","1","org.Mm.eg.db","Niban","A0PJB3;Q3TD68;Q3UW53;Q6PE79;Q9ESL7"
"2600001J17Rik","2600001J17Rik","Spdl1","SPDL1","spindle apparatus coiled-coil protein 1","11","org.Mm.eg.db","2600001J17Rik","Q5DY45;Q923A2"
"Gulo","Gulo","Gulo","","gulonolactone (L-) oxidase","14","org.Mm.eg.db","Gulo","P58710;Q8K152;Q8K156"
"Aass","Aass","Aass","AASS","aminoadipate-semialdehyde synthase","6","org.Mm.eg.db","Aass","Q3UEQ9;Q3UWN2;Q99K67;Q9Z1I9"
"Pfc","Pfc","Cfp","CFP","complement factor properdin","X","org.Mm.eg.db","Pfc","A2AE15;P11680;Q3TB98;Q3U779"
"Cyp4f15","Cyp4f15","Cyp4f15","CYP4F8","cytochrome P450, family 4, subfamily f, polypeptide 15","17","org.Mm.eg.db","Cyp4f15","Q8VCA4;Q99N18"
"2310067G05Rik","2310067G05Rik","Slc25a23","SLC25A23","solute carrier family 25 (mitochondrial carrier; phosphate carrier), member 23","17","org.Mm.eg.db","2310067G05Rik","Q6GQS1"
"Pcolce","Pcolce","Pcolce","PCOLCE","procollagen C-endopeptidase enhancer protein","5","org.Mm.eg.db","Pcolce","O35113;Q3TX39;Q3UIP2;Q61398"
"2610208E05Rik","2610208E05Rik","Lyrm2","LYRM2","LYR motif containing 2","4","org.Mm.eg.db","2610208E05Rik","A2ANY7;Q8R033"
"Mbnl2","Mbnl2","Mbnl2","MBNL2","muscleblind like splicing factor 2","14","org.Mm.eg.db","Mbnl2","Q3TPH4;Q5DTQ0;Q8BUD8;Q8C181;A0A2K6EDM5;D0EX61"
"Gpihbp1","Gpihbp1","Gpihbp1","GPIHBP1","GPI-anchored HDL-binding protein 1","15","org.Mm.eg.db","Gpihbp1","A0A087WNV7;A0A087WPI6;Q9D1N2"
"Stk39","Stk39","Stk39","STK39","serine/threonine kinase 39","2","org.Mm.eg.db","Stk39","A2AQL0;Q80W13;Q9Z1W9;G1JLS7;Q3V256"
"Bgn","Bgn","Bgn","BGN","biglycan","X","org.Mm.eg.db","Bgn","Q3UXK8;P28653;Q3TNY9;Q61355"
"Msx2","Msx2","Msx2","MSX2","msh homeobox 2","13","org.Mm.eg.db","Msx2","G3DRA8;Q03358;Q3UZH5;Q63856"
"Sesn2","Sesn2","Sesn2","SESN2","sestrin 2","4","org.Mm.eg.db","Sesn2","P58043;Q3TCT3"
"Stch","Stch","Hspa13","HSPA13","heat shock protein 70 family, member 13","16","org.Mm.eg.db","Stch","Q3TII6;Q8BM72;Q9D1X5;D3Z0Y0"
"Nr2f1","Nr2f1","Nr2f1","NR2F1","nuclear receptor subfamily 2, group F, member 1","13","org.Mm.eg.db","Nr2f1","F7CII1;B8JJI9;G3UXI5;Q32NY6;Q60632;Q61438"
"Zfp395","Zfp395","Zfp395","ZNF395","zinc finger protein 395","14","org.Mm.eg.db","Zfp395","E9Q5N9;Q3U227"
"Mad2l1","Mad2l1","Mad2l1","MAD2L1","MAD2 mitotic arrest deficient-like 1","6","org.Mm.eg.db","Mad2l1","Q3TV93;Q5HZH8;Q9JI53;Q9Z1B5"
"Casp1","Casp1","Casp1","CASP1","caspase 1","9","org.Mm.eg.db","Casp1","P29452"
"E430034L04Rik","E430034L04Rik","G3bp2","G3BP2","G3BP stress granule assembly factor 2","5","org.Mm.eg.db","E430034L04Rik","P97379;Q3U541;Q3U931;Q3UL55;Q9R1B8;Q542W3"
"LOC14433","LOC14433","","",NA,NA,"org.Mm.eg.db","LOC14433",NA
"Inpp5d","Inpp5d","Inpp5d","INPP5D","inositol polyphosphate-5-phosphatase D","1","org.Mm.eg.db","Inpp5d","Q9ES52;Q3UPF9;Q4U212;Q61034;Q61173;Q61181;Q9JKR7;Q9JLF9;Q9JLG0;Q9QVN8;Q9WUC2"
"Ube2e1","Ube2e1","Ube2e1","UBE2E1","ubiquitin-conjugating enzyme E2E 1","14","org.Mm.eg.db","Ube2e1","P52482;Q541Z5"
"4732435N03Rik","4732435N03Rik","Csgalnact1","CSGALNACT1","chondroitin sulfate N-acetylgalactosaminyltransferase 1","8","org.Mm.eg.db","4732435N03Rik","Q3UNQ5;Q3UZX6;Q5FWX8;Q8BJQ9;Q8BWV9;Q8BZU7;Q8C195;Q8R0M6"
"Fthfd","Fthfd","Aldh1l1","ALDH1L1","aldehyde dehydrogenase 1 family, member L1","6","org.Mm.eg.db","Fthfd","Q8CIF2;Q8R0Y6"
"Itgb2","Itgb2","Itgb2","ITGB2","integrin beta 2","10","org.Mm.eg.db","Itgb2","P11835;Q542I8;Q64482"
"Prodh","Prodh","Prodh","PRODH","proline dehydrogenase","16","org.Mm.eg.db","Prodh","A0A0R4J1T9;A0JLW6;Q3UNR4;Q9QX61;Q9WU79"
"Ches1","Ches1","Foxn3","FOXN3","forkhead box N3","12","org.Mm.eg.db","Ches1","Q499D0;Q8C5N8;Q9CU83"
"5730453H04Rik","5730453H04Rik","Dsp","DSP","desmoplakin","13","org.Mm.eg.db","5730453H04Rik","E9PZW0;E9Q557"
"Abcd3","Abcd3","Abcd3","ABCD3","ATP-binding cassette, sub-family D member 3","3","org.Mm.eg.db","Abcd3","Q3U645;Q3UNS0;Q91VT3;Q9DBZ6;A0A0G2JDI9;P55096"
"BC062650","BC062650","Ccdc148","CCDC148","coiled-coil domain containing 148",NA,"org.Mm.eg.db","BC062650","A2APN1;Q6P5U8;Q8CDB5;A0A2I3BPW3"
"Rab8b","Rab8b","Rab8b","RAB8B","RAB8B, member RAS oncogene family","9","org.Mm.eg.db","Rab8b","P61028;Q0PD49;Q3U1Z3"
"Mlr2","Mlr2","Lcor","LCOR","ligand dependent nuclear receptor corepressor","19","org.Mm.eg.db","Mlr2","A0A571BE94;A0A571BF12;A0A494B9R4;A4FTY7;Q3U302;Q5CZW7;Q6ZPI3;Q80VA8;Q8BGT2;Q8C9Q0"
"Prei3","Prei3","Mob4","MOB4","MOB family member 4, phocein","1","org.Mm.eg.db","Prei3","E0CXA9;Q3UGM5;Q3TS21;Q6PEB6;Q8BSA3;Q9CX28"
"BC024139","BC024139","BC024139","","cDNA sequence BC024139","15","org.Mm.eg.db","BC024139","E9PXU3;Q8BVJ3"
"Serpina10","Serpina10","Serpina10","SERPINA10","serine (or cysteine) peptidase inhibitor, clade A (alpha-1 antiproteinase, antitrypsin), member 10","12","org.Mm.eg.db","Serpina10","Q8R121;Q8VCV8"
"Resp18","Resp18","Resp18","RESP18","regulated endocrine-specific protein 18","1","org.Mm.eg.db","Resp18","P47939"
"A530050D06Rik","A530050D06Rik","Aspg","ASPG","asparaginase","12","org.Mm.eg.db","A530050D06Rik","A0JNU3"
"Anp32b","Anp32b","Anp32b","ANP32B","acidic nuclear phosphoprotein 32 family member B","4","org.Mm.eg.db","Anp32b","B1AVH9;Q566J4;Q9EST5"
"Sec23a","Sec23a","Sec23a","SEC23A","SEC23 homolog A, COPII coat complex component","12","org.Mm.eg.db","Sec23a","Q01405;Q8C1E4;Q8JZL4"
"Sdcbp","Sdcbp","Sdcbp","SDCBP","syndecan binding protein","4","org.Mm.eg.db","Sdcbp","A2AKJ7;O08992;Q3TET7;Q3U6J5;Q3U724;Q3U902;Q3UB97;Q3UBE4;Q544P5;O88601;Q3TMX0;Q3TWV1;Q3TXC7;Q3UC68"
"Aldh3b1","Aldh3b1","Aldh3b1","ALDH3B1","aldehyde dehydrogenase 3 family, member B1","19","org.Mm.eg.db","Aldh3b1","Q3TX25;Q3U3J9;Q63ZW3;Q80VQ0;Q8VHW0;Q9CW05"
"Clec2","Clec2","Clec1b","CLEC1B","C-type lectin domain family 1, member b","6","org.Mm.eg.db","Clec2","Q9JL99;A0T1G3;A0T1G2"
"Stat1","Stat1","Stat1","STAT1","signal transducer and activator of transcription 1","1","org.Mm.eg.db","Stat1","A0A087WSP5;Q8C8M3;E9QK78;Q3TW11;Q8C3V4;Q9D323;Q8C497;Q99K94"
"Lnk","Lnk","Sh2b3","SH2B3","SH2B adaptor protein 3","5","org.Mm.eg.db","Lnk","O09039;D3Z3Y5"
"Zfp239","Zfp239","Zfp239","ZNF239","zinc finger protein 239","6","org.Mm.eg.db","Zfp239","P24399;Q99J71"
"Brodl","Brodl","Brwd3","BRWD3","bromodomain and WD repeat domain containing 3","X","org.Mm.eg.db","Brodl","A2AHJ4;Q3TQR7;Q3UTB6;Q640P3;Q8C7D5"
"Sms","Sms","Sms;Sms-ps","SMS","spermine synthase; spermine synthase, pseudogene","X","org.Mm.eg.db","Sms","A2AC82;P97355;Q3TL65;Q3TUP0;Q3UDT8;Q8C7P4;Q9CT09;Q9R282"
"Dsg1a","Dsg1a","Dsg1a","DSG1","desmoglein 1 alpha","18","org.Mm.eg.db","Dsg1a","A8WFQ4;Q61495;Q8CE03"
"Il16","Il16","Il16","IL16","interleukin 16","7","org.Mm.eg.db","Il16","Q3UZ81;O54824;O70236;Q3TEM4;Q5DTR5;Q8R0G5;Q9QZP6"
"Actb","Actb","Actb","ACTB","actin, beta","5","org.Mm.eg.db","Actb","B2RRX1;P60710;Q3TI89;Q3TVP6;Q3U5R4;Q3UA89;Q3UAF7;Q3UGS0;Q61276;Q6ZWM3"
"Gja1","Gja1","Gja1","GJA1","gap junction protein, alpha 1","10","org.Mm.eg.db","Gja1","A0A654ICD2;P23242;Q544I7;Q7TMQ1;Q8CE05"
"BC011209","BC011209","Flvcr2","FLVCR2","feline leukemia virus subgroup C cellular receptor 2",NA,"org.Mm.eg.db","BC011209","A0A0R4J0E9;Q91X85;Q3UL56"
"Myh9","Myh9","Myh9","MYH9","myosin, heavy polypeptide 9, non-muscle","15","org.Mm.eg.db","Myh9","Q3UHT9;Q3UHU4;Q6KAN6;Q811I2;Q8VDD5"
"Dhx37","Dhx37","Dhx37","DHX37","DEAH-box helicase 37","5","org.Mm.eg.db","Dhx37","Q5DTX1;Q6NZL1"
"Cotl1","Cotl1","Cotl1","COTL1","coactosin like F-actin binding protein 1","8","org.Mm.eg.db","Cotl1","Q544F6;Q9CQI6"
"AF397014","AF397014","Sugct","SUGCT","succinyl-CoA glutarate-CoA transferase",NA,"org.Mm.eg.db","AF397014","G3X9F8;Q3TV98;Q7TNE1"
"Mcoln2","Mcoln2","Mcoln2","MCOLN2","mucolipin 2","3","org.Mm.eg.db","Mcoln2","Q3U652;Q3UCG4;Q8K2T6;Q8K595;Q9CQD3"
"Olfr535","Olfr535","Or13a22","","olfactory receptor family 13 subfamily A member 22","7","org.Mm.eg.db","Olfr535","Q7TRT6;Q8VGL3"
"Skil","Skil","Skil","SKIL","SKI-like","3","org.Mm.eg.db","Skil","Q3TB81;Q60979;Q64741;D3Z7C5;Q60665;Q60702;Q78E90;Q80VK5"
"Lip1","Lip1","Lipa","LIPA","lysosomal acid lipase A","19","org.Mm.eg.db","Lip1","Q3TEL5;Q6PDR1;Q8C2G7;Q9Z0M5"
"Psmc6","Psmc6","Psmc6","PSMC6","proteasome (prosome, macropain) 26S subunit, ATPase, 6","14","org.Mm.eg.db","Psmc6","Q8QZS9;P62334;Q14AQ1;Q3TKK1;Q810A6;Q9CXH9"
"Nol5","Nol5","Nop58","NOP58","NOP58 ribonucleoprotein","1","org.Mm.eg.db","Nol5","A0A0A0MQ76;O70396;Q3UYX9;Q3UZA3;Q6DFW4;Q8C8Y7"
"AI428936","AI428936","","",NA,NA,"org.Mm.eg.db","AI428936",NA
"Tle1","Tle1","Tle1","TLE1","transducin-like enhancer of split 1","4","org.Mm.eg.db","Tle1","Q5SQA8;Q62440;Q6PFG2;Q5SQA5;Q5SQA2;Q5SQA3;Q5SQA4"
"Pafah1b1","Pafah1b1","Pafah1b1","PAFAH1B1","platelet-activating factor acetylhydrolase, isoform 1b, subunit 1","11","org.Mm.eg.db","Pafah1b1","O35592;P43035;P63005;P81692;Q3UH92;Q5SW18;Q9R2A6"
"Ube2v2","Ube2v2","Ube2v2","UBE2V2","ubiquitin-conjugating enzyme E2 variant 2","16","org.Mm.eg.db","Ube2v2","Q9D2M8;A6X924;Q4VBX4;Q8BGH6;Q8CE99;Q8K2V7;Q9CYD7;Q9ERI8;A6X925"
"BC049806","BC049806","Hycc2","HYCC2","hyccin PI4KA lipid kinase complex subunit 2",NA,"org.Mm.eg.db","BC049806","Q8C729;Q3UMY7;Q6NV64"
"Gcnt1","Gcnt1","Gcnt1","GCNT1","glucosaminyl (N-acetyl) transferase 1, core 2","19","org.Mm.eg.db","Gcnt1","O35981;Q09324;Q5D0D8;Q8BRB2"
"Snrpd1","Snrpd1","Snrpd1","SNRPD1","small nuclear ribonucleoprotein D1","18","org.Mm.eg.db","Snrpd1","P62315;Q3UYM0"
"Crat","Crat","Crat","CRAT","carnitine acetyltransferase","2","org.Mm.eg.db","Crat","H7BX88;P47934;Q3TCG3;Q3V1Y3;Q923A6"
"Ptpn13","Ptpn13","Ptpn13","PTPN13","protein tyrosine phosphatase, non-receptor type 13","5","org.Mm.eg.db","Ptpn13","G5E8B1;Q61494;Q62135;Q64499;Q64512"
"E130113K08Rik","E130113K08Rik","Ypel2","YPEL2","yippee like 2","11","org.Mm.eg.db","E130113K08Rik","Q0VA86;Q65Z95"
"Sfrs1","Sfrs1","Srsf1","SRSF1","serine and arginine-rich splicing factor 1","11","org.Mm.eg.db","Sfrs1","Q6PDM2;B2KGJ5;Q3UCH2;Q5SXC5;Q8BJV3;Q8C1H9"
"Pbef1","Pbef1","Nampt","NAMPT","nicotinamide phosphoribosyltransferase","12","org.Mm.eg.db","Pbef1","Q3TLX1;Q8C3B5;Q99KQ4;Q9JKM0"
"Rnf11","Rnf11","Rnf11","RNF11","ring finger protein 11","4","org.Mm.eg.db","Rnf11","B1AU36;B1AU37;Q9EQI1;Q9QYK7;Z4YLT8"
"1110001A05Rik","1110001A05Rik","Pdlim5","PDLIM5","PDZ and LIM domain 5","3","org.Mm.eg.db","1110001A05Rik","D9J302;Q9CRA2;D9J2Z9;Q2Q7P0;D9J300;D9J301;D9J303;Q3UGD0;Q8CI51;Q9QYN0;Q9QYN1;Q9QYN2;E9Q8P5"
"D10Ertd718e","D10Ertd718e","Ccdc59","CCDC59","coiled-coil domain containing 59","10","org.Mm.eg.db","D10Ertd718e","Q8BZ86;Q8R2N0;Q9CR69;Q9CV91"
"5830416A07Rik","5830416A07Rik","Zc3h18","ZC3H18","zinc finger CCCH-type containing 18","8","org.Mm.eg.db","5830416A07Rik","G3X8T2;Q0P678;Q3TKW3;Q52KI3;Q6KAL8;Q9CU64;H3BIW0"
"Cdc2a","Cdc2a","Cdk1","CDK1","cyclin dependent kinase 1","10","org.Mm.eg.db","Cdc2a","P11440;P70337;Q3TI12;Q99JW7"
"Gmpr","Gmpr","Gmpr","GMPR","guanosine monophosphate reductase","13","org.Mm.eg.db","Gmpr","Q9DCZ1;F6VY18"
"Mdm2","Mdm2","Mdm2","MDM2","transformed mouse 3T3 cell double minute 2","10","org.Mm.eg.db","Mdm2","Q3TVL4;P23804;Q61040;Q64330;Q91XK7"
"Ywhah","Ywhah","Ywhah","YWHAH","tyrosine 3-monooxygenase/tryptophan 5-monooxygenase activation protein, eta polypeptide","5","org.Mm.eg.db","Ywhah","P68510;Q3TGZ9"
"1110036H21Rik","1110036H21Rik","Arl4d","ARL4D","ADP-ribosylation factor-like 4D","11","org.Mm.eg.db","1110036H21Rik","Q99PE9;Q9CQB1"
"Gnpnat1","Gnpnat1","Gnpnat1","GNPNAT1","glucosamine-phosphate N-acetyltransferase 1","14","org.Mm.eg.db","Gnpnat1","A0A2I3BQY4;Q3THZ8;Q9JK38;A0A2I3BRZ8"
"Glul","Glul","Glul","GLUL","glutamate-ammonia ligase","1","org.Mm.eg.db","Glul","P15105;Q3TRK7;Q64432;Q91VC6;V9GZG5"
"Slco2b1","Slco2b1","Slco2b1","SLCO2B1","solute carrier organic anion transporter family, member 2b1","7","org.Mm.eg.db","Slco2b1","Q3TQJ3;Q3V1K7;Q4VA99;Q8BLV8;Q8BXB6"
"Klf13","Klf13","Klf13","KLF13","Kruppel-like transcription factor 13","7","org.Mm.eg.db","Klf13","Q3U2G6;Q9ESX3;Q9JHF8;Q9JJZ6"
"Cul2","Cul2","Cul2","CUL2","cullin 2","18","org.Mm.eg.db","Cul2","Q3TUR8;Q571A2;Q9D4H8"
"2510004L01Rik","2510004L01Rik","Rsad2","RSAD2","radical S-adenosyl methionine domain containing 2","12","org.Mm.eg.db","2510004L01Rik","Q3U5I6;Q3U5T4;Q3U622;Q3U627;Q3U7I6;Q3U7M1;Q3U8F4;Q3U8U7;Q3U941;Q3U977;Q3U9E1;Q3U9J0;Q3U9J3;Q3UBW6;Q3UC07;Q3UDI0;Q6PEU4;Q8CBB9;Q8VHM2;Q9JHD4"
"Tjp3","Tjp3","Tjp3","TJP3","tight junction protein 3","10","org.Mm.eg.db","Tjp3","Q3UZ47;Q921G9"
"Ii","Ii","Cd74","CD74","CD74 antigen (invariant polypeptide of major histocompatibility complex, class II antigen-associated)","18","org.Mm.eg.db","Ii","O19452;P04441;Q3U4Q8;Q545Y5"
"5830411E10Rik","5830411E10Rik","Nabp1","NABP1","nucleic acid binding protein 1","1","org.Mm.eg.db","5830411E10Rik","Q8BGW5;Q8C154;Q8C164;Q8R2P2"
"5730446C15Rik","5730446C15Rik","Abhd17b","ABHD17B","abhydrolase domain containing 17B","19","org.Mm.eg.db","5730446C15Rik","Q58EV9;Q7M759;Q8K275"
"BC016423","BC016423","Tasor2","TASOR2","transcription activation suppressor family member 2",NA,"org.Mm.eg.db","BC016423","O35330;Q0P5P9;Q3UUS0;Q5DTT3;Q5U5L9;Q6DI89;Q6ZQM5;Q91W76"
"Vtn","Vtn","Vtn","VTN","vitronectin","11","org.Mm.eg.db","Vtn","P29788;Q5SYG4;Q8VII4;Q91X32;Q9D080"
"Kctd15","Kctd15","Kctd15","KCTD15","potassium channel tetramerisation domain containing 15","7","org.Mm.eg.db","Kctd15","Q8K0E1"
"Abca1","Abca1","Abca1","ABCA1","ATP-binding cassette, sub-family A member 1","4","org.Mm.eg.db","Abca1","B1AWZ8;P41233"
"9630054F20Rik","9630054F20Rik","Ubtd2","UBTD2","ubiquitin domain containing 2","11","org.Mm.eg.db","9630054F20Rik","A2AAY6;Q6PGH0;Q8C5Y1"
"1810015C04Rik","1810015C04Rik","Retreg1","RETREG1","reticulophagy regulator 1","15","org.Mm.eg.db","1810015C04Rik","E9QPM1;Q7TMY5;Q8VE91;Q9CUJ4;Q9D8Z5"
"Ap3m1","Ap3m1","Ap3m1","AP3M1","adaptor-related protein complex 3, mu 1 subunit","14","org.Mm.eg.db","Ap3m1","Q5BKQ6;Q9DBU8;Q9JKC8"
"1500034J20Rik","1500034J20Rik","Immp1l","IMMP1L","IMP1 inner mitochondrial membrane peptidase-like (S. cerevisiae)","2","org.Mm.eg.db","1500034J20Rik","Q3THN4;Q9CQU8"
"0610039C21Rik","0610039C21Rik","Pnpla2","PNPLA2","patatin-like phospholipase domain containing 2","7","org.Mm.eg.db","0610039C21Rik","O89080;Q05BJ0;Q3UD97;Q643S0;Q6P234;Q8BJ56;Q9D1Q9;Q9DCF6"
"Apob48r","Apob48r","Apobr","APOBR","apolipoprotein B receptor","7","org.Mm.eg.db","Apob48r","Q8VBT6"
"2210415F13Rik","2210415F13Rik","Lypd8","LYPD8","LY6/PLAUR domain containing 8","11","org.Mm.eg.db","2210415F13Rik","Q8R0H4;Q9D7S0"
"Slc26a6","Slc26a6","Slc26a6","SLC26A6","solute carrier family 26, member 6","9","org.Mm.eg.db","Slc26a6","A0A087WS07;E9Q4D3;Q3TQD3;Q812E2;Q8CIW6;Q8CJD0;Q8K142;Q923J3"
"Nrp2","Nrp2","Nrp2","NRP2","neuropilin 2","1","org.Mm.eg.db","Nrp2","B1AT44;O35373;O35374;O35375;O35376;O35377;O35378;Q8QZY7;Q3U5I8"
"Kcnk13","Kcnk13","Kcnk13","KCNK13","potassium channel, subfamily K, member 13","12","org.Mm.eg.db","Kcnk13","Q3TYG8;Q8R1P5"
"3110037K17Rik","3110037K17Rik","Clec4a3","","C-type lectin domain family 4, member a3","6","org.Mm.eg.db","3110037K17Rik","Q5YIR7;Q8JZX6"
"Rgs5","Rgs5","Rgs5","RGS5","regulator of G-protein signaling 5","1","org.Mm.eg.db","Rgs5","A0A0A6YWD0;O08850;Q543B1;Q9D0Z2"
"Lair1","Lair1","Lair1","LAIR1","leukocyte-associated Ig-like receptor 1","7","org.Mm.eg.db","Lair1","Q80UN5;Q8BG84;Q8BHB6;Q8BRR6;Q8C6N8;Q8CEP5"
"Map4k4","Map4k4","Map4k4","MAP4K4","mitogen-activated protein kinase kinase kinase kinase 4","1","org.Mm.eg.db","Map4k4","A0A0A6YW53;B7ZNR8;B2RUE8;P97820;B7ZNR9;F8VPL5;A0A0A6YWR8;Q6ZQ68;A0A0A6YWM8;E9PVG7"
"Lactb2","Lactb2","Lactb2","LACTB2","lactamase, beta 2","1","org.Mm.eg.db","Lactb2","Q99KR3"
"B4galt2","B4galt2","B4galt2","B4GALT2","UDP-Gal:betaGlcNAc beta 1,4- galactosyltransferase, polypeptide 2","4","org.Mm.eg.db","B4galt2","B1ASJ2;Q3TMP2;Q9Z2Y2"
"Mrc1","Mrc1","Mrc1","MRC1","mannose receptor, C type 1","2","org.Mm.eg.db","Mrc1","Q2HZ94;Q61830;Q8C502"
"Eef1a2","Eef1a2","Eef1a2","EEF1A2","eukaryotic translation elongation factor 1 alpha 2","2","org.Mm.eg.db","Eef1a2","P27706;P62631;Q3TII3;Q3UA81;Q3UZQ3"
"Cln2","Cln2","Tpp1","TPP1","tripeptidyl peptidase I","7","org.Mm.eg.db","Cln2","O89023;Q3TDY6;Q3U2Z6;Q543Q8;Q9QUS7"
"Slc28a2","Slc28a2","Slc28a2","SLC28A2","solute carrier family 28 (sodium-coupled nucleoside transporter), member 2","2","org.Mm.eg.db","Slc28a2","O88627;Q7TMQ0;Q8BJP1"
"B230312B02Rik","B230312B02Rik","Ppig","PPIG","peptidyl-prolyl isomerase G (cyclophilin G)","2","org.Mm.eg.db","B230312B02Rik","A2AR02;B2RWT5;O70134;Q3TP68;Q3UXE0"
"Ptpre","Ptpre","Ptpre","PTPRE","protein tyrosine phosphatase receptor type E","7","org.Mm.eg.db","Ptpre","A0A1B0GRT6;Q3V1H5;P49446;Q3U369;Q60986;Q61042;Q62134;Q62444;Q64496;A0A1B0GRH2"
"1110039C07Rik","1110039C07Rik","Srpx2","SRPX2","sushi-repeat-containing protein, X-linked 2","X","org.Mm.eg.db","1110039C07Rik","B1AVI6;Q3UVU0;Q8K1F8;Q8K4W6;Q8R054"
"A530057A03Rik","A530057A03Rik","Gpat2","GPAT2","glycerol-3-phosphate acyltransferase 2, mitochondrial","2","org.Mm.eg.db","A530057A03Rik","B1AW16;Q0KK60;Q14CH8;Q14DK4;Q6KAQ3;Q8BRZ9"
"5031439A09Rik","5031439A09Rik","Wls","WLS","wntless WNT ligand secretion mediator","3","org.Mm.eg.db","5031439A09Rik","Q6DID7;Q8CE42;Q9D2B7"
"Lgmn","Lgmn","Lgmn","LGMN","legumain","12","org.Mm.eg.db","Lgmn","A2RTI3;O89017"
"Sprrl1","Sprrl1","Lce3c","LCE3C","late cornified envelope 3C","3","org.Mm.eg.db","Sprrl1","Q91V05"
"Pstpip2","Pstpip2","Pstpip2","PSTPIP2","proline-serine-threonine phosphatase-interacting protein 2","18","org.Mm.eg.db","Pstpip2","Q3U4E4;Q6GTF6;Q99M15;Q9Z189;A0A494BAM6"
"Dact2","Dact2","Dact2","DACT2","dishevelled-binding antagonist of beta-catenin 2","17","org.Mm.eg.db","Dact2","Q6PDF4;Q7TN08;Q8BHZ7"
"0610012D14Rik","0610012D14Rik","Aspdh","ASPDH","aspartate dehydrogenase domain containing","7","org.Mm.eg.db","0610012D14Rik","D3Z253;Q8VCQ0;Q9DCQ2"
"Sec8l1","Sec8l1","Exoc4","EXOC4","exocyst complex component 4","6","org.Mm.eg.db","Sec8l1","Q8C391;Q9CXE1;O35382;Q69ZD1;Q8CA11"
"Emilin1","Emilin1","Emilin1","EMILIN1","elastin microfibril interfacer 1","5","org.Mm.eg.db","Emilin1","Q3U254;Q99K41;Q3USG5"
"Qdpr","Qdpr","Qdpr","QDPR","quinoid dihydropteridine reductase","5","org.Mm.eg.db","Qdpr","A0A0G2JGJ1;Q3TT09;Q8BVI4;Q9D0K4"
"Npl","Npl","Npl","NPL","N-acetylneuraminate pyruvate lyase","1","org.Mm.eg.db","Npl","Q9DCJ9"
"Nid2","Nid2","Nid2","NID2","nidogen 2","14","org.Mm.eg.db","Nid2","O88322;Q3TPN0;Q7TQF0;Q8CFA3"
"6330407D12Rik","6330407D12Rik","Ccdc126","CCDC126","coiled-coil domain containing 126","6","org.Mm.eg.db","6330407D12Rik","Q8BIS8;Q3TXH2;Q501L9"
"Gapds","Gapds","Gapdhs","GAPDHS","glyceraldehyde-3-phosphate dehydrogenase, spermatogenic","7","org.Mm.eg.db","Gapds","Q60650;Q64467;S4R2G5;A0A0R4J0X7"
"Hccs","Hccs","Hccs","HCCS","holocytochrome c synthetase","X","org.Mm.eg.db","Hccs","P53702;Q6P5G5;Q8BP79"
"Ier5","Ier5","Ier5","IER5","immediate early response 5","1","org.Mm.eg.db","Ier5","O89113;Q3UJ54;Q8CGI0"
"Baiap2","Baiap2","Baiap2","BAIAP2","brain-specific angiogenesis inhibitor 1-associated protein 2","11","org.Mm.eg.db","Baiap2","Q3UKP6;Q8BKX1;Q91V97;Q923V9;Q923W0;B1AZ46"
"1700093E07Rik","1700093E07Rik","Rab31","RAB31","RAB31, member RAS oncogene family","17","org.Mm.eg.db","1700093E07Rik","Q3TXV4;Q8BKP0;Q921E2"
"Tm4sf2","Tm4sf2","Tspan7","TSPAN7","tetraspanin 7","X","org.Mm.eg.db","Tm4sf2","O88429;Q62283;Q6PDN6;Q9DBS3;Q8R0Q6"
"Fbxo33","Fbxo33","Fbxo33","FBXO33","F-box protein 33","12","org.Mm.eg.db","Fbxo33","A0JLR4;E9QMJ3;Q8VE08"
"Abcg2","Abcg2","Abcg2","ABCG2","ATP binding cassette subfamily G member 2 (Junior blood group)","6","org.Mm.eg.db","Abcg2","A0A0R4J0B6;Q7TMS5;Q9R004;Q9Z1T0"
"Xbp1","Xbp1","Xbp1","XBP1","X-box binding protein 1","11","org.Mm.eg.db","Xbp1","A0A5F8MPD3;O35426;Q8VHM0;Q922G5;Q9ESS3"
"Olfr1234","Olfr1234","Or4a15","OR4A15","olfactory receptor family 4 subfamily A member 15","2","org.Mm.eg.db","Olfr1234","A2AVK5;Q8VGN1"
"Tes3","Tes3","Tes3-ps;Dcun1d1","DCUN1D1","testis derived transcript 3, pseudogene; defective in cullin neddylation 1 domain containing 1","3","org.Mm.eg.db","Tes3","Q3TMV8;Q3TMX2;Q8CDZ7;Q9QZ73;Q3UT23"
"Hspb8","Hspb8","Hspb8","HSPB8","heat shock protein 8","5","org.Mm.eg.db","Hspb8","Q9JK92"
"Irf5","Irf5","Irf5","IRF5","interferon regulatory factor 5","6","org.Mm.eg.db","Irf5","P56477;F6Z6C6;B2CC69;Q3U169"
"Cxcr3","Cxcr3","Cxcr3","CXCR3","C-X-C motif chemokine receptor 3","X","org.Mm.eg.db","Cxcr3","O88410;Q4V9Y6;Q9QWN6"
"Sgk","Sgk","Sgk1","SGK1","serum/glucocorticoid regulated kinase 1","10","org.Mm.eg.db","Sgk","Q9WVC6;E9Q8C1;E9Q1B0;Q3TJN4;Q3UKD0;Q3UKF2;Q3V1V1;Q6NS85"
"Rhbdf1","Rhbdf1","Rhbdf1","RHBDF1","rhomboid 5 homolog 1","11","org.Mm.eg.db","Rhbdf1","A2AVE2;Q04843;Q5DTF4;Q6PIX5;Q6PJ49;Q8VIK0"
"Stk6","Stk6","Aurka","AURKA","aurora kinase A","2","org.Mm.eg.db","Stk6","O35624;P97477;Q3TEY6;Q7TNK2;Q8C3H8;Q91YU4"
"Ehd2","Ehd2","Ehd3;Ehd2","EHD3","EH-domain containing 3; EH-domain containing 2","7","org.Mm.eg.db","Ehd2","Q8K590;Q9QXY6;Q8R2X0;Q8BH64;Q8BL28"
"Olig2","Olig2","Olig2","OLIG2","oligodendrocyte transcription factor 2","16","org.Mm.eg.db","Olig2","Q542S0;Q9EQW6;Q9JKN4"
"1200002N14Rik","1200002N14Rik","Dram1","DRAM1","DNA-damage regulated autophagy modulator 1","10","org.Mm.eg.db","1200002N14Rik","Q78J26;Q9DC58"
"C730007L20Rik","C730007L20Rik","Arl11","ARL11","ADP-ribosylation factor-like 11","14","org.Mm.eg.db","C730007L20Rik","Q6P3A9;Q8C7K1"
"Syk","Syk","Syk","SYK","spleen tyrosine kinase","13","org.Mm.eg.db","Syk","P48025;Q3UPF7;Q6P1E0"
"1110021L09Rik","1110021L09Rik","Slc18b1","SLC18B1","solute carrier family 18, subfamily B, member 1","10","org.Mm.eg.db","1110021L09Rik","D3Z5L6;E9PU92"
"Rps6kb1","Rps6kb1","Rps6kb1","RPS6KB1","ribosomal protein S6 kinase, polypeptide 1","11","org.Mm.eg.db","Rps6kb1","Q3UXD8;Q5SWG1;Q8BSK8;Q8CHX0;Q8C3J7;Q9CST0"
"Pole","Pole","Pole","POLE","polymerase (DNA directed), epsilon","5","org.Mm.eg.db","Pole","E9QKW1;Q80XH7;Q9QX50;Q9WVF7"
"Phca","Phca","Acer3","ACER3","alkaline ceramidase 3","7","org.Mm.eg.db","Phca","D3YTU8;Q542R2;Q9D099;Q9D0X4;Q9D3J4"
"BC036313","BC036313","Carmil3","CARMIL3","capping protein regulator and myosin 1 linker 3",NA,"org.Mm.eg.db","BC036313","Q3UFQ8;Q6KAP3"
"1700095N21Rik","1700095N21Rik","Stambpl1","STAMBPL1","STAM binding protein like 1","19","org.Mm.eg.db","1700095N21Rik","Q76LY0;Q76N33;Q8VEK5"
"Ldh2","Ldh2","Ldhb","LDHB","lactate dehydrogenase B","6","org.Mm.eg.db","Ldh2","P16125;A0A6I8MX27;Q545Y4"
"Lypla1","Lypla1","Lypla1","LYPLA1","lysophospholipase 1","1","org.Mm.eg.db","Lypla1","D3Z111;Q4FK51;P97823;Q3TJZ0;Q7TPX1;Q8BWM6"
"AF424697","AF424697","Ehbp1","EHBP1","EH domain binding protein 1",NA,"org.Mm.eg.db","AF424697","E9QMJ9;Q5SQK3;Q69ZW3;Q91ZJ6"
"4931409K22","4931409K22","","",NA,NA,"org.Mm.eg.db","4931409K22",NA
"Adam11","Adam11","Adam11","ADAM11","a disintegrin and metallopeptidase domain 11","11","org.Mm.eg.db","Adam11","Q3TZE2;Q7TQG7;A2AUA8;Q9R1V4"
"D4st1","D4st1","Chst14","CHST14","carbohydrate sulfotransferase 14","2","org.Mm.eg.db","D4st1","A2AQV2;A2AQV3;Q3TXA1;Q80V53;Q8R304;Q9D0P2"
"BC019776","BC019776","Metrnl","METRNL","meteorin, glial cell differentiation regulator-like",NA,"org.Mm.eg.db","BC019776","Q8R1J2;Q8VE43"
"AI451557","AI451557","","",NA,NA,"org.Mm.eg.db","AI451557",NA
"3830408P04Rik","3830408P04Rik","Nipa2","NIPA2","non imprinted in Prader-Willi/Angelman syndrome 2 homolog (human)","7","org.Mm.eg.db","3830408P04Rik","Q3U3I0;Q9D0N5;Q9JJC8"
"Pipox","Pipox","Pipox","PIPOX","pipecolic acid oxidase","11","org.Mm.eg.db","Pipox","O55223;Q3UEJ8;Q9D826"
"4733401N12Rik","4733401N12Rik","Cpsf6","CPSF6","cleavage and polyadenylation specific factor 6","10","org.Mm.eg.db","4733401N12Rik","Q6NVF9;Q8BX86;Q8BXI8;H3BJ30;H3BJW3"
"Btf3","Btf3","Btf3","BTF3","basic transcription factor 3","13","org.Mm.eg.db","Btf3","Q3UJR8;Q64152;Q64153;Q6GU63;Q6P3F3"
"Srebf2","Srebf2","Srebf2","SREBF2","sterol regulatory element binding factor 2","15","org.Mm.eg.db","Srebf2","Q3U1N2;Q925C2;Q9ESZ4"
"Ddx25","Ddx25","Ddx25","DDX25","DEAD box helicase 25","9","org.Mm.eg.db","Ddx25","Q53Z03;Q7TMB5;Q8R1B6;Q9QY15"
"Pik3r1","Pik3r1","Pik3r1","PIK3R1","phosphoinositide-3-kinase regulatory subunit 1","13","org.Mm.eg.db","Pik3r1","Q80UI5;P26450;P70304;Q8K3B3"
"D11Ertd172e","D11Ertd172e","Trappc1","TRAPPC1","trafficking protein particle complex 1","11","org.Mm.eg.db","D11Ertd172e","Q14BF8;Q5NCF2;B1ASW6;B1ASW5"
"Ap2m1","Ap2m1","Ap2m1","AP2M1","adaptor-related protein complex 2, mu 1 subunit","16","org.Mm.eg.db","Ap2m1","Q3TH69;Q3TWV4;Q6A0C9;P84091;Q5FWI9"
"Tbc1d13","Tbc1d13","Tbc1d13","TBC1D13","TBC1 domain family, member 13","2","org.Mm.eg.db","Tbc1d13","Q3TZ63;Q8R3D1"
"Arhgap21","Arhgap21","Arhgap21","ARHGAP21","Rho GTPase activating protein 21","2","org.Mm.eg.db","Arhgap21","B2RWX1;B7ZCJ0;B7ZCJ1;A0A0A0MQE8;G3UWM5"
"BC006779","BC006779","Helz2","HELZ2","helicase with zinc finger 2, transcriptional coactivator",NA,"org.Mm.eg.db","BC006779","A2AS05;B9A0U1;E9QAM5;A2AS03"
"Pira3","Pira3","Lilra6","LILRA6","leukocyte immunoglobulin-like receptor, subfamily A (with TM domain), member 6","7","org.Mm.eg.db","Pira3","A0A0B4J1F3;A2NTK0;E9Q6M9;D3Z674;A2NTK2"
"Zfp462","Zfp462","Zfp462","ZNF462","zinc finger protein 462","4","org.Mm.eg.db","Zfp462","A2SW42;B1AWL2"
"Snrk","Snrk","Snrk","SNRK","SNF related kinase","9","org.Mm.eg.db","Snrk","B9EK90;Q8VDU5;Q91WX6"
"LOC224598","LOC224598","","",NA,NA,"org.Mm.eg.db","LOC224598",NA
"Pdgfra","Pdgfra","Pdgfra","PDGFRA","platelet derived growth factor receptor, alpha polypeptide","5","org.Mm.eg.db","Pdgfra","P26618;Q3TQ37;Q62046;Q7TSJ3;Q8C4N3"
"Gca","Gca","Gca","GCA","grancalcin","2","org.Mm.eg.db","Gca","Q8BL53;Q8K3Z6;Q8VC88"
"Tgif","Tgif","Tgif1","TGIF1","TGFB-induced factor homeobox 1","17","org.Mm.eg.db","Tgif","D3Z0Q5;Q3TVD4;G3UWC5;P70284;Q921F9;Q99JS3"
"Olfr918","Olfr918","Or8b3b","","olfactory receptor family 8 subfamily B member 3B","9","org.Mm.eg.db","Olfr918","E9PVZ7;Q8VF23"
"Pola1","Pola1","Pola1","POLA1","polymerase (DNA directed), alpha 1","X","org.Mm.eg.db","Pola1","P33609"
"Ugp2","Ugp2","Ugp2","UGP2","UDP-glucose pyrophosphorylase 2","11","org.Mm.eg.db","Ugp2","Q3U548;Q8R0M2;Q8R3D2;Q91ZJ5"
"Ankrd32","Ankrd32","Slf1","SLF1","SMC5-SMC6 complex localization factor 1",NA,"org.Mm.eg.db","Ankrd32","Q497V2;Q5XK30;Q8BHY5;Q8BQM6;Q8R3P9;Q921Y9"
"Otc","Otc","Otc","OTC","ornithine transcarbamylase","X","org.Mm.eg.db","Otc","Q8R1A8;P11725;Q543H3"
"Tusc3","Tusc3","Tusc3","TUSC3","tumor suppressor candidate 3","8","org.Mm.eg.db","Tusc3","Q8BMU5;A0A7N9VR83;Q8BTV1"
"2810052M02Rik","2810052M02Rik","Plekho1","PLEKHO1","pleckstrin homology domain containing, family O member 1","3","org.Mm.eg.db","2810052M02Rik","F6XQM2;Q9CXH2;Q9JIY0"
"Slc6a12","Slc6a12","Slc6a12","SLC6A12","solute carrier family 6 (neurotransmitter transporter, betaine/GABA), member 12","6","org.Mm.eg.db","Slc6a12","G5E8Z4;P31651;Q8VCS9"
"4930544G11Rik","4930544G11Rik","4930544G11Rik","","RIKEN cDNA 4930544G11 gene","6","org.Mm.eg.db","4930544G11Rik","C0IQA7;Q9CR99"
"5730427C23Rik","5730427C23Rik","Lrrc56","LRRC56","leucine rich repeat containing 56","7","org.Mm.eg.db","5730427C23Rik","Q571F2;Q8K375;Q8BMW2"
"Chm","Chm","Chm","CHM","CHM Rab escort protein","X","org.Mm.eg.db","Chm","Q80UV8;Q9QXG2;Q3UR39;Q8CBI2;A2AD03"
"Ctsb","Ctsb","Ctsb","CTSB","cathepsin B","14","org.Mm.eg.db","Ctsb","P10605;Q3TVS6;Q3UDW7"
"Sprrl7","Sprrl7","Lce1d","LCE1D","late cornified envelope 1D","3","org.Mm.eg.db","Sprrl7","Q9D731"
"Plaa","Plaa","Plaa","PLAA","phospholipase A2, activating protein","4","org.Mm.eg.db","Plaa","A4QPD6;P27612;Q8C6C4"
"Masp1","Masp1","Masp1","MASP1","MBL associated serine protease 1","16","org.Mm.eg.db","Masp1","A2RRH8;A2RRH9;P98064;Q8CD27;Q8CIR8;Q920S0;A0A2R8VHR3"
"Actr3","Actr3","Actr3","ACTR3","ARP3 actin-related protein 3","1","org.Mm.eg.db","Actr3","Q3TGW0;Q3TWJ4;Q3ULF7;Q99JY9;Q9DC56"
"Mkl1","Mkl1","Mrtfa","MRTFA","myocardin related transcription factor A","15","org.Mm.eg.db","Mkl1","A0A5F8MQ33;D3YUI2;Q8K4J6;Q3U1I6;Q642U1"
"Slc25a16","Slc25a16","Slc25a16","SLC25A16","solute carrier family 25 (mitochondrial carrier, Graves disease autoantigen), member 16","10","org.Mm.eg.db","Slc25a16","B2RSS4;D3YVC9;Q6P6K8;Q8C0K5"
"Rnu17d","Rnu17d","Snhg3","SNHG3","small nucleolar RNA host gene 3","4","org.Mm.eg.db","Rnu17d",NA
"Fcgr3","Fcgr3","Fcgr3","FCGR2A","Fc receptor, IgG, low affinity III","1","org.Mm.eg.db","Fcgr3","E9PUV2;Q9ES92;A0A0B4J1M6"
"Hmgb1","Hmgb1","Hmgb1","HMGB1","high mobility group box 1","5","org.Mm.eg.db","Hmgb1","P07155;P27109;P27428;P63158;Q58EV5;Q8BNM0"
"4930405D01Rik","4930405D01Rik","4930405D01Rik","","RIKEN cDNA 4930405D01 gene",NA,"org.Mm.eg.db","4930405D01Rik",NA
"H2-T10","H2-T10","H2","","histocompatibility-2, MHC",NA,"org.Mm.eg.db","H2-T10",NA
"Ppara","Ppara","Ppara","PPARA","peroxisome proliferator activated receptor alpha","15","org.Mm.eg.db","Ppara","P23204;Q542P9"
"Dp1","Dp1","Reep5;Tfdp1","REEP5","receptor accessory protein 5; transcription factor Dp 1","18;8","org.Mm.eg.db","Dp1","G3X8R0;Q5QGU0;Q08639;Q3V3X3;Q9D297;Q9CYZ7"
"B3gnt1","B3gnt1","B3gnt2;B4gat1","B3GNT2","UDP-GlcNAc:betaGal beta-1,3-N-acetylglucosaminyltransferase 2; beta-1,4-glucuronyltransferase 1","11;19","org.Mm.eg.db","B3gnt1","Q3TVJ9;Q91V18;Q9Z222;Q3TY43;Q8BJH9;Q8BWP8;Q99LW7"
"Pycs","Pycs","Aldh18a1","ALDH18A1","aldehyde dehydrogenase 18 family, member A1","19","org.Mm.eg.db","Pycs","Q3TWN8;Q8BGM2;Q9R1P6;Q9Z110"
"1810062O14Rik","1810062O14Rik","Tbc1d10c","TBC1D10C","TBC1 domain family, member 10c","19","org.Mm.eg.db","1810062O14Rik","Q3V3L7;Q6KAN0;Q8C2R6;Q8C6F7;Q8C9V1"
"Fgd5","Fgd5","Fgd5","FGD5","FYVE, RhoGEF and PH domain containing 5","6","org.Mm.eg.db","Fgd5","E9QKY4;Q571N6"
"A830093I24Rik","A830093I24Rik","Fam228b","FAM228B","family with sequence similarity 228, member B","12","org.Mm.eg.db","A830093I24Rik","Q497Q6;Q8BLM3;Q8BWN5;A0A1W2P7H1"
"Lgals9","Lgals9","Lgals9","LGALS9B","lectin, galactose binding, soluble 9","11","org.Mm.eg.db","Lgals9","B1AQR8;G3X9T7;O08572;O08573;Q3UKE5;Q99L83"
"Cpd","Cpd","Cpd","CPD","carboxypeptidase D","11","org.Mm.eg.db","Cpd","O89001;Q5SVH8"
"Kifc2","Kifc2","Kifc2","KIFC2","kinesin family member C2","15","org.Mm.eg.db","Kifc2","A0A2R8W6X1;Q3UNC4;O08613;O08672;G3X8Q6"
"Bmi1","Bmi1","Bmi1","COMMD3-BMI1","Bmi1 polycomb ring finger oncogene","2","org.Mm.eg.db","Bmi1","P25916;Q2LC58;Q3ULL2"
"2610016F04Rik","2610016F04Rik","Pbrm1","PBRM1","polybromo 1","14","org.Mm.eg.db","2610016F04Rik","E9Q4Y5;F8VQD1;D3Z1N4;E9QPW1;Q05C64;Q05CL6;Q7TMP1;Q7TNU2;Q8BSQ9;Q9CV51;E9Q7L3;E9Q7L2"
"4933428I03Rik","4933428I03Rik","Hacd4","HACD4","3-hydroxyacyl-CoA dehydratase 4","4","org.Mm.eg.db","4933428I03Rik","A2AKM1;A2AKM2;F7CPS1;Q8BG85;Q9CPS2"
"Sart2","Sart2","Dse","DSE","dermatan sulfate epimerase","10","org.Mm.eg.db","Sart2","Q3U620;Q8BLI4"
"Mrpl45","Mrpl45","Mrpl45","MRPL45","mitochondrial ribosomal protein L45","11","org.Mm.eg.db","Mrpl45","Q3TZL8;Q8VDW2;Q9CSZ8;Q9D0Q7"
"Punc","Punc","Igdcc3;Pnck","IGDCC3","immunoglobulin superfamily, DCC subclass, member 3; pregnancy upregulated non-ubiquitously expressed CaM kinase","9;X","org.Mm.eg.db","Punc","O70246;Q792T2;Q8BQC3;Q9Z2S6;Q3TYC1;Q3UYI0;Q80W07;Q9QYK9"
"Tmeff1","Tmeff1","Tmeff1","TMEFF1","transmembrane protein with EGF-like and two follistatin-like domains 1","4","org.Mm.eg.db","Tmeff1","A0A0A0MQL0;A2AJN3;Q6PFE7;Q8BRP7;Q8C536;Q9JJS1"
"Pprc1","Pprc1","Pprc1","PPRC1","peroxisome proliferative activated receptor, gamma, coactivator-related 1","19","org.Mm.eg.db","Pprc1","Q3UGG3;Q6NZN1;Q80TW6;Q8BXP6;Q91YW8"
"Tgfbr2","Tgfbr2","Tgfbr2","TGFBR2","transforming growth factor, beta receptor II","9","org.Mm.eg.db","Tgfbr2","Q543C0;Q8BQS9;Q8BRS2;Q3UG22;Q62312;Q63947;Q91ZR8"
"C920008G01Rik","C920008G01Rik","Trav7d-6","","T cell receptor alpha variable 7D-6",NA,"org.Mm.eg.db","C920008G01Rik",NA
"Ucn3","Ucn3","Ucn3","UCN3","urocortin 3","13","org.Mm.eg.db","Ucn3","Q0VDY5;Q3UFJ9;Q924A4"
"Akr1c12","Akr1c12","Akr1c12","","aldo-keto reductase family 1, member C12","13","org.Mm.eg.db","Akr1c12","Q91X42;Q9JLI0"
"Apoc3","Apoc3","Apoc3","APOC3","apolipoprotein C-III","9","org.Mm.eg.db","Apoc3","E9QP56;A0A0R4J1N3;P33622;Q8VC58;Q9CPP9"
"Zw10","Zw10","Zw10","ZW10","zw10 kinetochore protein","9","org.Mm.eg.db","Zw10","O54692;Q3TIA5;Q3ULW1;Q921H3"
"Cldn7","Cldn7","Cldn7","CLDN7","claudin 7","11","org.Mm.eg.db","Cldn7","Q3TJX4;Q9Z261"
"Dnajb9","Dnajb9","Dnajb9","DNAJB9","DnaJ heat shock protein family (Hsp40) member B9","12","org.Mm.eg.db","Dnajb9","Q5D0C3;Q9DAW1;Q9QYI6"
"Cyp2d10","Cyp2d10","Cyp2d10","","cytochrome P450, family 2, subfamily d, polypeptide 10","15","org.Mm.eg.db","Cyp2d10","P24456;Q64490"
"AW011752","AW011752","","",NA,NA,"org.Mm.eg.db","AW011752",NA
"Gpr155","Gpr155","Gpr155","GPR155","G protein-coupled receptor 155","2","org.Mm.eg.db","Gpr155","A2AWR2;A2AWR3;D7RXL9;D7RXM0;Q14BN5;Q80UC0;Q8R0W2"
"Paox","Paox","Acox1;Paox","ACOX1","acyl-Coenzyme A oxidase 1, palmitoyl; polyamine oxidase (exo-N4-amino)","11;7","org.Mm.eg.db","Paox","A2A848;A2A850;O35616;Q3TDG0;Q8BYC3;Q9R0H0;Q3TXR6;Q4GX45;Q8C0L6;Q8K254"
"Epb4.1l2","Epb4.1l2","","",NA,NA,"org.Mm.eg.db","Epb4.1l2",NA
"9130003O20Rik","9130003O20Rik","Myo5c","MYO5C","myosin VC","9","org.Mm.eg.db","9130003O20Rik","E9Q1F5;Q8BWY8"
"AY053573","AY053573","Rdh18-ps","","retinol dehydrogenase 18, pseudogene",NA,"org.Mm.eg.db","AY053573",NA
"Ppia","Ppia","Ppia;Gm15621","PPIA","peptidylprolyl isomerase A; peptidylprolyl isomerase A pseudogene","11","org.Mm.eg.db","Ppia","P17742;Q3TE63;Q3UAJ1;Q5SVY2;Q9CWJ5;Q9R137"
"Pitpnb","Pitpnb","Pitpnb","PITPNB","phosphatidylinositol transfer protein, beta","5","org.Mm.eg.db","Pitpnb","Q8JZZ5;P53811"
"Farp1","Farp1","Farp1","FARP1","FERM, ARH/RhoGEF and pleckstrin domain protein 1","14","org.Mm.eg.db","Farp1","C4IXU2;F8VPU2"
"4432409M07Rik","4432409M07Rik","Dennd1c","DENND1C","DENN domain containing 1C","17","org.Mm.eg.db","4432409M07Rik","Q8CFK6;Q9CXF1"
"Ddx6","Ddx6","Ddx6","DDX6","DEAD-box helicase 6","9","org.Mm.eg.db","Ddx6","O54979;P54823;Q3UFI3;Q8BW68"
"Sat1","Sat1","Sat1;Slc26a1","SAT1","spermidine/spermine N1-acetyl transferase 1; solute carrier family 26 (sulfate transporter), member 1","X;5","org.Mm.eg.db","Sat1","A2BES2;P48026;Q3U444;Q3V2Q2;G5E8U1;Q8R4W9;P58735;Q3UPH6;Q80WF6"
"2300002G24Rik","2300002G24Rik","Crct1","CRCT1","cysteine-rich C-terminal 1","3","org.Mm.eg.db","2300002G24Rik","Q6PAI5"
"C630011I23","C630011I23","Secisbp2l","SECISBP2L","SECIS binding protein 2-like","2","org.Mm.eg.db","C630011I23","A2AQE2;Q6A098"
"C030046I01Rik","C030046I01Rik","R3hdm4","R3HDM4","R3H domain containing 4","10","org.Mm.eg.db","C030046I01Rik","B2RRK4;Q4VBF2;Q8BJN1;Q8CGD7;Q8JZZ8"
"2610204L23Rik","2610204L23Rik","Ccdc47","CCDC47","coiled-coil domain containing 47","11","org.Mm.eg.db","2610204L23Rik","B1AR94;Q0VBU4;Q3TSB5;Q3V1S7;Q8C5D9;Q920S6;Q9D024"
"Zik1","Zik1","Zik1","ZIK1","zinc finger protein interacting with K protein 1","7","org.Mm.eg.db","Zik1","P70405;Q80YP6"
"2810468K05Rik","2810468K05Rik","Taok1","TAOK1","TAO kinase 1","11","org.Mm.eg.db","2810468K05Rik","B2RX66;Q5F2E8;Q69ZL2;Q8JZX2;Q91VG7"
"Lnx2","Lnx2","Lnx2","LNX2","ligand of numb-protein X 2","5","org.Mm.eg.db","Lnx2","A6PW04;Q0VGP5;Q148W6;Q8CBE1;Q91XL2"
"Tax1bp3","Tax1bp3","Tax1bp3","TAX1BP3","Tax1 (human T cell leukemia virus type I) binding protein 3","11","org.Mm.eg.db","Tax1bp3","Q9DBG9"
"Antxr1","Antxr1","Antxr1","ANTXR1","anthrax toxin receptor 1","6","org.Mm.eg.db","Antxr1","A0A0N4SV16;Q505H2;Q9CZ52"
"Gt(ROSA)26Sor","Gt(ROSA)26Sor","Gt(ROSA)26Sor","THUMPD3-AS1","gene trap ROSA 26, Philippe Soriano","6","org.Mm.eg.db","Gt(ROSA)26Sor",NA
"4921506M07Rik","4921506M07Rik","Ttc6","TTC6","tetratricopeptide repeat domain 6","12","org.Mm.eg.db","4921506M07Rik","G3UYY4"
"2700050F09Rik","2700050F09Rik","Pan3","PAN3","PAN3 poly(A) specific ribonuclease subunit","5","org.Mm.eg.db","2700050F09Rik","H3BJH6;H3BKF3;Q3U5F2;Q640Q5;Q8CE75;Q9CZM6;H3BLB9"
"Rad23a","Rad23a","Rad23a","RAD23A","RAD23 homolog A, nucleotide excision repair protein","8","org.Mm.eg.db","Rad23a","B7ZNQ1;P54726;Q3TN85;Q8BRA9;Q8CAP3"
"Slc35a5","Slc35a5","Slc35a5","SLC35A5","solute carrier family 35, member A5","16","org.Mm.eg.db","Slc35a5","Q921R7;Q9DC72"
"Map3k8","Map3k8","Map3k8","MAP3K8","mitogen-activated protein kinase kinase kinase 8","18","org.Mm.eg.db","Map3k8","Q07174;Q3U086;Q3UEB8"
"Adrbk1","Adrbk1","Grk2","GRK2","G protein-coupled receptor kinase 2","19","org.Mm.eg.db","Adrbk1","Q3U1V3;Q99LL8;Q99MK8;Q7TS64"
"Slc25a15","Slc25a15","Slc25a15","SLC25A15","solute carrier family 25 (mitochondrial carrier ornithine transporter), member 15","8","org.Mm.eg.db","Slc25a15","Q543E2;Q9WVD5"
"E130201H02Rik","E130201H02Rik","E130201H02Rik","","Y box protein 1 pseudogene","7","org.Mm.eg.db","E130201H02Rik",NA
"Dusp10","Dusp10","Dusp10","DUSP10","dual specificity phosphatase 10","1","org.Mm.eg.db","Dusp10","Q8R3L3;Q9CZY9;Q9ESS0"
"Rps8","Rps8","Rps8","RPS8","ribosomal protein S8","4","org.Mm.eg.db","Rps8","P62242;Q497E9;Q5M9L9;Q8C2G6"
"2310031L18Rik","2310031L18Rik","Zwilch","ZWILCH","zwilch kinetochore protein","9","org.Mm.eg.db","2310031L18Rik","H3BKZ0;G3X9Z0;Q8R060;Q9D2E4;Q9D761"
"Bnip3","Bnip3","Bnip3","BNIP3","BCL2/adenovirus E1B interacting protein 3","7","org.Mm.eg.db","Bnip3","A0A1B0GT26;O55003;Q544Y4"
"Ndfip2","Ndfip2","Ndfip2","NDFIP2","Nedd4 family interacting protein 2","14","org.Mm.eg.db","Ndfip2","F6RT43;M0QWK1;Q5DTZ9;Q6IR02;Q8BVC5;Q91ZP6"
"Rbl1","Rbl1","Rbl1","RBL1","RB transcriptional corepressor like 1","2","org.Mm.eg.db","Rbl1","Q8CCD4;Q3U1D4;Q64701;Q6PAR4;Q6NTA5"
"Slc5a11","Slc5a11","Slc5a11","SLC5A11","solute carrier family 5 (sodium/glucose cotransporter), member 11","7","org.Mm.eg.db","Slc5a11","Q6EZ51;Q8K0E3"
"Khk","Khk","Khk","KHK","ketohexokinase","5","org.Mm.eg.db","Khk","E9Q1Q9;P97328;Q91WU8;A0A0J9YUK6;A0A0J9YU79"
"Klc2","Klc2","Klc2","KLC2","kinesin light chain 2","19","org.Mm.eg.db","Klc2","D3YXZ3;Q91YS4"
"Tomm34","Tomm34","Tomm34","TOMM34","translocase of outer mitochondrial membrane 34","2","org.Mm.eg.db","Tomm34","A2A5N5;A2A5N6;Q3THD0;Q812F1;Q812F2;Q9CYG7;Q9D059"
"Anln","Anln","Anln","ANLN","anillin, actin binding protein","9","org.Mm.eg.db","Anln","Q8BL79;Q8BLB3;Q8K298;Q8K2N0;Q9CUY0"
"Ppm1l","Ppm1l","Ppm1l","PPM1L","protein phosphatase 1 (formerly 2C)-like","3","org.Mm.eg.db","Ppm1l","Q3UGL2;Q810H0;Q8BHN0;Q8C021;Q8C1D5;Q9Z0T1"
"2010321J07Rik","2010321J07Rik","Ugt2a3","UGT2A3","UDP glucuronosyltransferase 2 family, polypeptide A3","5","org.Mm.eg.db","2010321J07Rik","Q8BWQ1;Q8R129;Q9D811"
"Csf3r","Csf3r","Csf3r","CSF3R","colony stimulating factor 3 receptor","4","org.Mm.eg.db","Csf3r","Q14BI3;A2A8Y3;P40223;Q14AY3"
"9430025M21Rik","9430025M21Rik","Raph1","RAPH1","Ras association (RalGDS/AF-6) and pleckstrin homology domains 1","1","org.Mm.eg.db","9430025M21Rik","F2Z3U3;F2Z4B7;G5E867"
"A430065P05Rik","A430065P05Rik","Duox2","DUOX2","dual oxidase 2","2","org.Mm.eg.db","A430065P05Rik","A0A494BAW1;B7ZWM4"
"1300018L09Rik","1300018L09Rik","Dhdh","DHDH","dihydrodiol dehydrogenase","7","org.Mm.eg.db","1300018L09Rik","Q14B09;Q8K0E9;Q9DBB8"
"2610528M18Rik","2610528M18Rik","Cenpq","CENPQ","centromere protein Q","17","org.Mm.eg.db","2610528M18Rik","A0A1I7Q4A6;Q8C2G4;Q8VEF8;Q9CPQ5;Q9CX70"
"Fath","Fath","Fat1","FAT1","FAT atypical cadherin 1","8","org.Mm.eg.db","Fath","F2Z4A3;Q9QXA3;A0A1L1SQU7;A0A087WRT4"
"Tmlhe","Tmlhe","Tmlhe","TMLHE","trimethyllysine hydroxylase, epsilon","X_GL456233v2_random","org.Mm.eg.db","Tmlhe","Q3TSX6;Q3UMX1;Q91XH1;Q91ZE0"
"Mpeg1","Mpeg1","Mpeg1","MPEG1","macrophage expressed gene 1","19","org.Mm.eg.db","Mpeg1","A0AAQ4VMR7;E9QN37;A1L314"
"Kcnj8","Kcnj8","Kcnj8","KCNJ8","potassium inwardly-rectifying channel, subfamily J, member 8","6","org.Mm.eg.db","Kcnj8","P97794;Q3U118;A0A0J9YMM3"
"Ap3s1","Ap3s1","Ap3s1","AP3S1","adaptor-related protein complex 3, sigma 1 subunit","18","org.Mm.eg.db","Ap3s1","A0A286YDU3;O88670;Q3U8S0;Q9DCR2"
"Nab2","Nab2","Nab2","NAB2","Ngfi-A binding protein 2","10","org.Mm.eg.db","Nab2","Q3TBL2;Q3TYF1;Q61127;Q80VR9"
"Rcl1","Rcl1","Rcl1","RCL1","RNA terminal phosphate cyclase-like 1","19","org.Mm.eg.db","Rcl1","Q3THS8;Q9JJT0"
"Mbd1","Mbd1","Mbd1","MBD1","methyl-CpG binding domain protein 1","18","org.Mm.eg.db","Mbd1","Q3TMA4;Q3U101;Q6NSW0;Q792D6;Q8CCL9;Q9DC19;Q9Z2E2;A0A286YCP6;A0A286YDI1;A0A5F8MPN9;A0A0R4J159"
"AA407452","AA407452","","",NA,NA,"org.Mm.eg.db","AA407452",NA
"Hist1h1b","Hist1h1b","H1f5","H1-5","H1.5 linker histone, cluster member","13","org.Mm.eg.db","Hist1h1b","P43276;Q1WWK3;Q9CRM8"
"Zic2","Zic2","Zic2","ZIC2","zinc finger protein of the cerebellum 2","14","org.Mm.eg.db","Zic2","F8VPV3;Q62520"
"Large","Large","Large1","LARGE1","LARGE xylosyl- and glucuronyltransferase 1","8","org.Mm.eg.db","Large","D9IG22;Q059X9;Q497S9;Q6P7U2;Q80TW0;Q9Z1M7"
"Proz","Proz","Proz","PROZ","protein Z, vitamin K-dependent plasma glycoprotein","8","org.Mm.eg.db","Proz","Q8CI01;Q05CL2;Q9CQW3"
"AI450540","AI450540","","",NA,NA,"org.Mm.eg.db","AI450540",NA
"Sema6c","Sema6c","Sema6c","SEMA6C","sema domain, transmembrane domain (TM), and cytoplasmic domain, (semaphorin) 6C","3","org.Mm.eg.db","Sema6c","E9Q613;Q91Y36;Q9WTM3;Q6ZPG8"
"3110035E14Rik","3110035E14Rik","Vxn","VXN","vexin","1","org.Mm.eg.db","3110035E14Rik","Q8BG31"
"Osbpl7","Osbpl7","Osbpl7","OSBPL7","oxysterol binding protein-like 7","11","org.Mm.eg.db","Osbpl7","A2A716;Q3TAX1"
"0610009B22Rik","0610009B22Rik","Trappc2b","TRAPPC2B","trafficking protein particle complex 2B","11","org.Mm.eg.db","0610009B22Rik","Q8R3W2"
"Rps6ka4","Rps6ka4","Rps6ka4","RPS6KA4","ribosomal protein S6 kinase, polypeptide 4","19","org.Mm.eg.db","Rps6ka4","Q3U3M8;Q91X18;Q9Z2B9"
"2410030K01Rik","2410030K01Rik","Spc24","SPC24","SPC24, NDC80 kinetochore complex component, homolog (S. cerevisiae)","9","org.Mm.eg.db","2410030K01Rik","A0A1L1SV84;Q14BA9;Q3TIF5;Q8CD13;Q9D083"
"Rcn","Rcn","Rcn1","RCN1","reticulocalbin 1","2","org.Mm.eg.db","Rcn","Q05186;Q3TVU3"
"AW112010","AW112010","AW112010","","expressed sequence AW112010","19","org.Mm.eg.db","AW112010",NA
"Taf13","Taf13","Taf13","TAF13","TATA-box binding protein associated factor 13","3","org.Mm.eg.db","Taf13","P61216;Q3TVE8"
"Mlp","Mlp","Csrp3","CSRP3","cysteine and glycine-rich protein 3","7","org.Mm.eg.db","Mlp","P50462;Q545C7"
"Fndc3","Fndc3","Fndc3a","FNDC3A","fibronectin type III domain containing 3A","14","org.Mm.eg.db","Fndc3","F6TLV3;Q2VEY7;Q3T9K5;Q6ZQ15;Q811D3;Q8BME4;Q8BTM3;Q8BX90"
"Sbk","Sbk","Sbk1","SBK1","SH3-binding kinase 1","7","org.Mm.eg.db","Sbk","A0A0B6VRD5;Q8QZX0"
"9330129D05Rik","9330129D05Rik","Acad12","ACAD10","acyl-Coenzyme A dehydrogenase family, member 12","5","org.Mm.eg.db","9330129D05Rik","D3Z7X0"
"Kctd11","Kctd11","Kctd11","KCTD11","potassium channel tetramerisation domain containing 11","11","org.Mm.eg.db","Kctd11","A0A5K1VVR8;Q8K485"
"Egln1","Egln1","Egln1","EGLN1","egl-9 family hypoxia-inducible factor 1","8","org.Mm.eg.db","Egln1","Q8VHJ2;Q91YE3;Q922P3"
"C230081A13Rik","C230081A13Rik","Peak1","PEAK1","pseudopodium-enriched atypical kinase 1","9","org.Mm.eg.db","C230081A13Rik","E9QKY2;Q69Z38;Q8BX56;Q8R365"
"Itga8","Itga8","Itga8","ITGA8","integrin alpha 8","2","org.Mm.eg.db","Itga8","A2ARA8;O70304;Q3UXV8;Q8BRG3;Q8C0H7"
"Slc39a13","Slc39a13","Slc39a13","SLC39A13","solute carrier family 39 (metal ion transporter), member 13","2","org.Mm.eg.db","Slc39a13","Q8BZH0;B2RQ45;B7ZCF2;Q497M5;Q8VDX1;Q9D1R4"
"Hoxd11","Hoxd11","Hoxd11","HOXD11","homeobox D11","2","org.Mm.eg.db","Hoxd11","A2ASM7;P23813"
"Rpa3","Rpa3","Rpa3","RPA3","replication protein A3","6","org.Mm.eg.db","Rpa3","Q9CQ71"
"Sytl2","Sytl2","Sytl2","SYTL2","synaptotagmin-like 2","7","org.Mm.eg.db","Sytl2","Q69ZF4;Q7TMU6;Q99N50;B2RS48;B7ZNS4;Q8BT37;Q99J89;Q99J90;Q99N51;Q99N52;Q99N55;Q99N56;A0A5F8MPH5;A0A5F8MPX2"
"Ccng1","Ccng1","Ccng1","CCNG1","cyclin G1","11","org.Mm.eg.db","Ccng1","O54779;P51945;Q3TKC9;Q3TV43;Q3TX40;Q3U5X0;Q5NC86"
"4931406C07Rik","4931406C07Rik","4931406C07Rik","C11orf54","RIKEN cDNA 4931406C07 gene","9","org.Mm.eg.db","4931406C07Rik","Q91V76;A0A1L1SSF8"
"Bcl11b","Bcl11b","Bcl11b","BCL11B","B cell leukemia/lymphoma 11B","12","org.Mm.eg.db","Bcl11b","Q8C2I1;Q99PV6;Q99PV7;Q99PV8;Q9JLF8;A0A0R4J1E1"
"Ogfrl1","Ogfrl1","Ogfrl1","OGFRL1","opioid growth factor receptor-like 1","1","org.Mm.eg.db","Ogfrl1","Q8VE52"
"V1rc13","V1rc13","Vmn1r38","","vomeronasal 1 receptor 38","6","org.Mm.eg.db","V1rc13","Q8R2E1"
"Rcn3","Rcn3","Rcn3","RCN3","reticulocalbin 3, EF-hand calcium binding domain","7","org.Mm.eg.db","Rcn3","A0A1B0GR86;Q58E50;Q8BH97;Q8R137;Q99K35;Q9CTD4"
"Atad1","Atad1","Atad1","ATAD1","ATPase family, AAA domain containing 1","19","org.Mm.eg.db","Atad1","Q3U8V2;Q9D5T0;Q9D7A4"
"Phf13","Phf13","Phf13","PHF13","PHD finger protein 13","4","org.Mm.eg.db","Phf13","Q3V230;Q8K2W6"
"Tulp3","Tulp3","Tulp3","TULP3","TUB like protein 3","6","org.Mm.eg.db","Tulp3","O88413"
"Tcea1","Tcea1","Tcea1","TCEA1","transcription elongation factor A (SII) 1","1","org.Mm.eg.db","Tcea1","Q3UPE0;E9PYD5;P10711;P10712;P23713;Q3UWX7"
"Pfn2","Pfn2","Mpeg1","MPEG1","macrophage expressed gene 1",NA,"org.Mm.eg.db","Pfn2","A0AAQ4VMR7;E9QN37;A1L314"
"Nr2c2","Nr2c2","Nr2c2","NR2C2","nuclear receptor subfamily 2, group C, member 2","6","org.Mm.eg.db","Nr2c2","G3X9W4;Q3U015;P49117;P55093;Q3ZAS1;Q5DTL3"
"Gtl6","Gtl6","Trip12","TRIP12","thyroid hormone receptor interactor 12","1","org.Mm.eg.db","Gtl6","A0A087WNZ7;G5E870;Q3TY88;Q3UYT5;Q8BM59;Q8K051"
"Igsf8","Igsf8","Igsf8","IGSF8","immunoglobulin superfamily, member 8","1","org.Mm.eg.db","Igsf8","A0A0R4J117;Q8R0L7;Q8R366"
"Tjp2","Tjp2","Tjp2","TJP2","tight junction protein 2","19","org.Mm.eg.db","Tjp2","A0A3B2WBH9;A0A3B2WCN9;Q8K210;Q9Z0U1"
"Slc37a4","Slc37a4","Slc37a4","SLC37A4","solute carrier family 37 (glucose-6-phosphate transporter), member 4","9","org.Mm.eg.db","Slc37a4","Q6WG34;Q9D1F9;A0A1L1SUI3"
"Nfatc2ip","Nfatc2ip","Nfatc2ip","NFATC2IP","nuclear factor of activated T cells, cytoplasmic, calcineurin dependent 2 interacting protein","7","org.Mm.eg.db","Nfatc2ip","O09130;Q8CDG2;Q9CVY5"
"Prkcd","Prkcd","Prkcd","PRKCD","protein kinase C, delta","14","org.Mm.eg.db","Prkcd","Q3UNG2;P28867;Q53YN4;Q91V85;Q9Z333"
"5832424M12","5832424M12","","",NA,NA,"org.Mm.eg.db","5832424M12",NA
"D030015G18Rik","D030015G18Rik","Ahdc1","AHDC1","AT hook, DNA binding motif, containing 1","4","org.Mm.eg.db","D030015G18Rik","Q5U5N7;Q6PAL7;Q8C4Y6;Q8VCU7"
"Mgll","Mgll","Mgll","MGLL","monoglyceride lipase","6","org.Mm.eg.db","Mgll","Q3UFN1;O35678;E9Q3B9;Q3UFX6;D3YYS6;Q3V2R0;Q9D9G8"
"Pou2f1","Pou2f1","Pou2f1","POU2F1","POU domain, class 2, transcription factor 1","1","org.Mm.eg.db","Pou2f1","A0A0A0MQE0;P25425;Q61994;Q63891;Q6Y681;Q7TSD0;Q8BT04;Q8K570;Q99JH0;Q9WTZ4;Q9WTZ5;Q9WTZ6;A0A0R4J1Z4;E9Q6Z8;I1E4X2;F8VQL7"
"Zfp307","Zfp307","Zkscan3","ZKSCAN3","zinc finger with KRAB and SCAN domains 3","13","org.Mm.eg.db","Zfp307","A0A0R4J1L3;Q3V3Z2;Q8CD81;Q91VW9;Q9ESY5;A0A286YD32;Q9CSC5;D3YTV4;Q5RJ53"
"2600017H08Rik","2600017H08Rik","Spc25","SPC25","SPC25, NDC80 kinetochore complex component, homolog (S. cerevisiae)","2","org.Mm.eg.db","2600017H08Rik","A2AUT4;Q3UA16;Q9D021;Q9D1K6;A2AUT3"
"Sgol1","Sgol1","Sgo1","SGO1","shugoshin 1","17","org.Mm.eg.db","Sgol1","Q3U4K4;Q588H1;Q8BKW2;Q9CXH7"
"2610005L07Rik","2610005L07Rik","2610005L07Rik","","cadherin 11 pseudogene","8","org.Mm.eg.db","2610005L07Rik",NA
"A630084M22Rik","A630084M22Rik","Arl4c","ARL4C","ADP-ribosylation factor-like 4C","1","org.Mm.eg.db","A630084M22Rik","P61208;Q8BV33"
"2510006C20Rik","2510006C20Rik","","",NA,NA,"org.Mm.eg.db","2510006C20Rik",NA
"Hlx","Hlx","Hlx","HLX","H2.0-like homeobox","1","org.Mm.eg.db","Hlx","Q549B7;Q61670;Q6P3B7"
"Actg","Actg","Actg1","ACTG1","actin, gamma, cytoplasmic 1","11","org.Mm.eg.db","Actg","E9Q1F2;P63260;Q3TSB7;Q4KL81"
"Gnb3","Gnb3","Gnb3","GNB3","guanine nucleotide binding protein (G protein), beta 3","6","org.Mm.eg.db","Gnb3","Q54AE3;Q61011;Q8BMQ1"
"Ddx3x","Ddx3x","Ddx3x","DDX3X","DEAD box helicase 3, X-linked","X","org.Mm.eg.db","Ddx3x","B9EKE9;O09060;O09143;Q3TQX5;Q62167"
"Olfm1","Olfm1","Olfm1","OLFM1","olfactomedin 1","2","org.Mm.eg.db","Olfm1","O88998;A3KGE4;G3X9Q7;A3KGE5;O35429;O88999;Q8R357;Q91XK8;Q9QWQ9;Q9QWR0"
"Sp100","Sp100","Sp100","SP140","nuclear antigen Sp100","1","org.Mm.eg.db","Sp100","E9PY02;O35892;O35897;O88392;O88395;Q4FK53;Q3U876;Q6NTA3;E9Q4Y0;Q3UKD8;Q8C9H3;E9QA05;Q8C405"
"Ilf2","Ilf2","Ilf2","ILF2","interleukin enhancer binding factor 2","3","org.Mm.eg.db","Ilf2","Q3U083;Q3UXI9;Q5RKG0;Q8CCY9;Q99KS3;Q9CXY6"
"Dp1l1","Dp1l1","Reep6","REEP6","receptor accessory protein 6","10","org.Mm.eg.db","Dp1l1","Q9JM62;Q8K0X2"
"6720451F06Rik","6720451F06Rik","Prickle2","PRICKLE2","prickle planar cell polarity protein 2","6","org.Mm.eg.db","6720451F06Rik","A7YQ68;A6H652;Q80Y24"
"5031414D18Rik","5031414D18Rik","Rubcnl","RUBCNL","RUN and cysteine rich domain containing beclin 1 interacting protein like","14","org.Mm.eg.db","5031414D18Rik","F8WGX2;Q7TPZ3"
"Tomm7","Tomm7","Tomm7","TOMM7","translocase of outer mitochondrial membrane 7","5","org.Mm.eg.db","Tomm7","Q9D173"
"E430025L02Rik","E430025L02Rik","Nrros","NRROS","negative regulator of reactive oxygen species","16","org.Mm.eg.db","E430025L02Rik","A0A338P6E7;Q3TIA8;Q8BMT4;Q8BTT4;Q8BUI7;Q8BY16;Q8R063"
"5430432M24Rik","5430432M24Rik","Fam110a","FAM110A","family with sequence similarity 110, member A","2","org.Mm.eg.db","5430432M24Rik","G4XVC4;Q505P3;Q8BQE5;Q8K024;Q8R184;Q8VEM7;Q9CU80"
"Hic1","Hic1","Hic1","HIC1","hypermethylated in cancer 1","11","org.Mm.eg.db","Hic1","B1ARH0;Q9R1Y5;Q9R1Y6;Q9R2B0;Z4YJP0"
"Fetub","Fetub","Fetub","FETUB","fetuin beta","16","org.Mm.eg.db","Fetub","Q6YJU1;Q8CB17;Q9QXC1"
"Kdelr1","Kdelr1","Kdelr1","KDELR1","KDEL (Lys-Asp-Glu-Leu) endoplasmic reticulum protein retention receptor 1","7","org.Mm.eg.db","Kdelr1","Q99JH8"
"Lrp1","Lrp1","Lrp1","LRP1","low density lipoprotein receptor-related protein 1","10","org.Mm.eg.db","Lrp1","A0A0R4J0I9;Q61291;Q91ZX7;Q920Y4"
"Il1rapl2","Il1rapl2","Il1rapl2","IL1RAPL2","interleukin 1 receptor accessory protein-like 2","X","org.Mm.eg.db","Il1rapl2","Q0VBP3;Q9ER66;Q9ERS6"
"Mat1a","Mat1a","Mat1a","MAT1A","methionine adenosyltransferase 1A","14","org.Mm.eg.db","Mat1a","Q91X83"
"1700001K19Rik","1700001K19Rik","1700001K19Rik","","RIKEN cDNA 1700001K19 gene","12","org.Mm.eg.db","1700001K19Rik","Q80ZT1"
"Tlr7","Tlr7","Tlr7","TLR7","toll-like receptor 7","X","org.Mm.eg.db","Tlr7","P58681;Q548J0;Q923I1;U5LI18"
"D930050H05Rik","D930050H05Rik","Klhl20","KLHL20","kelch-like 20","1","org.Mm.eg.db","D930050H05Rik","Q5DTH3;Q8BWA2;Q8VCK5"
"1700019B16Rik","1700019B16Rik","Paqr8","PAQR8","progestin and adipoQ receptor family member VIII","1","org.Mm.eg.db","1700019B16Rik","Q3UHI5;Q80ZE5;Q8C891;Q8CCW9;Q9DA71"
"5730528L13Rik","5730528L13Rik","Msantd3","MSANTD3","Myb/SANT-like DNA-binding domain containing 3","4","org.Mm.eg.db","5730528L13Rik","Q9CR78;Q9CYY5"
"A530088H08Rik","A530088H08Rik","Pirt","PIRT","phosphoinositide-interacting regulator of transient receptor potential channels","11","org.Mm.eg.db","A530088H08Rik","Q8BFY0;Q3UEZ1;Q3UFA4"
"Fus","Fus","Fus","FUS","fused in sarcoma","7","org.Mm.eg.db","Fus","Q3UK30;Q8CFQ9;P56959;Q564D0"
"2310069N01Rik","2310069N01Rik","Lce1i","","late cornified envelope 1I","3","org.Mm.eg.db","2310069N01Rik","Q9D6P5"
"Rdhs","Rdhs","Sdr9c7;Rdh19","SDR9C7","4short chain dehydrogenase/reductase family 9C, member 7; retinol dehydrogenase 19","10","org.Mm.eg.db","Rdhs","Q8K3P0;G5E8H9;Q8K3M9"
"Rap1a","Rap1a","Rap1a","RAP1A","RAS-related protein 1a","3","org.Mm.eg.db","Rap1a","P62835;Q3V3W9"
"Ube2m","Ube2m","Ube2m","UBE2M","ubiquitin-conjugating enzyme E2M","7","org.Mm.eg.db","Ube2m","G5E919;F7CDT0;P61082"
"Zfp120","Zfp120","Zfp120","","zinc finger protein 120","2","org.Mm.eg.db","Zfp120","A2ANU5;Q9EQK2;Q78JR8;Q8BZW4;Q9EQK4;Q9JIB8"
"Mkln1","Mkln1","Mkln1","MKLN1","muskelin 1, intracellular mediator containing kelch motifs","6","org.Mm.eg.db","Mkln1","O89050"
"H2-M3","H2-M3","H2","","histocompatibility-2, MHC",NA,"org.Mm.eg.db","H2-M3",NA
"2600010E01Rik","2600010E01Rik","Prr5l","PRR5L","proline rich 5 like","2","org.Mm.eg.db","2600010E01Rik","A2AVJ5;B7ZWM2;Q80Y78;Q8BIT0"
"Dnclc1","Dnclc1","Dynll1","DYNLL1","dynein light chain LC8-type 1","5","org.Mm.eg.db","Dnclc1","P63168;Q3UGE7;Q9D6F6"
"BC036563","BC036563","Zc3h12a","ZC3H12A","zinc finger CCCH type containing 12A",NA,"org.Mm.eg.db","BC036563","Q3U8J3;Q3UE76;Q5D1E7;Q8JZW9;Q922T4"
"Paics","Paics","Paics","PAICS","phosphoribosylaminoimidazole carboxylase, phosphoribosylaminoribosylaminoimidazole, succinocarboxamide synthetase","5","org.Mm.eg.db","Paics","Q9CQ38;Q9DCL9"
"2410014A08Rik","2410014A08Rik","Mlec","MLEC","malectin","5","org.Mm.eg.db","2410014A08Rik","Q6ZQI3;Q8C6C3;Q8CD40;Q8CI91"
"E130319B15Rik","E130319B15Rik","Bend7","BEND7","BEN domain containing 7","2","org.Mm.eg.db","E130319B15Rik","B7ZMX8;Q0VE44;Q4VAD9;Q6PHN3;Q8BPJ4;Q8BSV3;Q8C973"
"Grb7","Grb7","Grb7","GRB7","growth factor receptor bound protein 7","11","org.Mm.eg.db","Grb7","Q03160;Q3TH55"
"9130422G05Rik","9130422G05Rik","Ttc39b","TTC39B","tetratricopeptide repeat domain 39B","4","org.Mm.eg.db","9130422G05Rik","B2RX73;Q3V168;Q8BX40;Q8BYY4;Q9D8N8"
"Bcl2l12","Bcl2l12","Bcl2l12","BCL2L12","BCL2 like 12","7","org.Mm.eg.db","Bcl2l12","Q9D3J3;A0A140LIT0"
"1700007D05Rik","1700007D05Rik","Mterf2","MTERF2","mitochondrial transcription termination factor 2","10","org.Mm.eg.db","1700007D05Rik","Q8BKY8"
"Dip2","Dip2","Dip2a","DIP2A","disco interacting protein 2 homolog A","10","org.Mm.eg.db","Dip2","D3Z7D3;F8WI56;E0CXM7;Q8BWT5;Q8CHI0"
"Sec14l4","Sec14l4","Sec14l4","SEC14L4","SEC14-like lipid binding 4","11","org.Mm.eg.db","Sec14l4","Q8R0F9"
"Myl3","Myl3","Myl3","MYL3","myosin, light polypeptide 3","9","org.Mm.eg.db","Myl3","A0A0G2JDW2;P09542;Q3UIF4;Q9CQZ2"
"Adamts10","Adamts10","Adamts10","ADAMTS10","ADAM metallopeptidase with thrombospondin type 1 motif 10","17","org.Mm.eg.db","Adamts10","P58459;Q497H1;Q78TI1;Q8CG28"
"Hdac10","Hdac10","Hdac10","HDAC10","histone deacetylase 10","15","org.Mm.eg.db","Hdac10","G3X9I8;Q6P3E7"
"Pcnxl3","Pcnxl3","Pcnx3","PCNX3","pecanex homolog 3","19","org.Mm.eg.db","Pcnxl3","Q8VI59"
"1110020L19Rik","1110020L19Rik","Haus7","HAUS7","HAUS augmin-like complex, subunit 7","X","org.Mm.eg.db","1110020L19Rik","A2AIF2;Q8BKT8;Q924Z7"
"H2afx","H2afx","H2ax","H2AX","H2A.X variant histone","9","org.Mm.eg.db","H2afx","A0A0N4SV66;P27661"
"9130227C08Rik","9130227C08Rik","Khnyn","KHNYN","KH and NYN domain containing","14","org.Mm.eg.db","9130227C08Rik","A0A2I3BPI4;Q14B94;Q80U38;Q8BGJ6;Q8C082"
"AI132321","AI132321","","",NA,NA,"org.Mm.eg.db","AI132321",NA
"A930006D20Rik","A930006D20Rik","Synj1","SYNJ1","synaptojanin 1","16","org.Mm.eg.db","A930006D20Rik","E9Q7S0;F7BQW7;D3Z656;Q8CHC4"
"Casp3","Casp3","Casp3","CASP3","caspase 3","8","org.Mm.eg.db","Casp3","O08668;P70677;Q8CHV5;Q9QWI4"
"Pak7","Pak7","Pak5","PAK5","p21 (RAC1) activated kinase 5","2","org.Mm.eg.db","Pak7","Q3TQJ7;Q6RWS7;Q8BVB0;Q8C015"
"Crk","Crk","Crk","CRK","v-crk avian sarcoma virus CT10 oncogene homolog","11","org.Mm.eg.db","Crk","Q8JZR2;Q3TQV3;Q5ND51;Q64010;Q91VM1;Q920I1;Q3TTI0;Q5ND50"
"BC053460","BC053460","Ano8","ANO8","anoctamin 8",NA,"org.Mm.eg.db","BC053460","A0A1L1SR96;Q05CB5;Q69ZE4;Q6PB70"
"C1d","C1d","C1d","C1D","C1D nuclear receptor co-repressor","11","org.Mm.eg.db","C1d","A0A0A0MQK7;O35473;Q5SWJ6;Q61368"
"Helb","Helb","Helb","HELB","helicase (DNA) B","10","org.Mm.eg.db","Helb","G5E835;Q6KAT5;Q6NVF4;Q8C930;Q9EQT8"
"Tff1","Tff1","Tff1","TFF1","trefoil factor 1","17","org.Mm.eg.db","Tff1","Q08423;Q149Y8;Q3TVE6"
"Styx","Styx","Styx","STYX","serine/threonine/tyrosine interaction protein","14","org.Mm.eg.db","Styx","Q3TMA3;Q3U4N1;Q60969;Q60970;Q9DCF8;A0A2K6EDL3"
"Slc16a9","Slc16a9","Slc16a9","SLC16A9","solute carrier family 16 (monocarboxylic acid transporters), member 9","10","org.Mm.eg.db","Slc16a9","Q0P652;Q7TM99"
"Chc1l","Chc1l","Rcbtb2","RCBTB2","regulator of chromosome condensation (RCC1) and BTB (POZ) domain containing protein 2","14","org.Mm.eg.db","Chc1l","E9Q3B1;G1EE51;Q3TUA3;Q8BMG2;Q99LJ7"
"Fhit","Fhit","Fhit","FHIT","fragile histidine triad gene","14","org.Mm.eg.db","Fhit","E9PZ91;E9PVU9;O89106;Q6URW5;Q91VL1"
"Rpl31","Rpl31","Rpl31","RPL31","ribosomal protein L31","1","org.Mm.eg.db","Rpl31","P62900;Q5M9K9;Q9CY93"
"Stat5a","Stat5a","Stat5a","STAT5A","signal transducer and activator of transcription 5A","11","org.Mm.eg.db","Stat5a","B2C3G8;P42230;Q9JIA0"
"Tacc3","Tacc3","Tacc3","TACC3","transforming, acidic coiled-coil containing protein 3","5","org.Mm.eg.db","Tacc3","Q6NV52;Q9JIQ5;Q99LH8"
"Bcl6b","Bcl6b","Bcl6b","BCL6B","B cell CLL/lymphoma 6, member B","11","org.Mm.eg.db","Bcl6b","O88282;Q5BKP3;Q8CCJ6"
"4833435D08Rik","4833435D08Rik","Alg13","ALG13","asparagine-linked glycosylation 13","X","org.Mm.eg.db","4833435D08Rik","Q0VD95;Q8C132"
"Sdc4","Sdc4","Sdc4","SDC4","syndecan 4","2","org.Mm.eg.db","Sdc4","O35988;Q3U5S6;Q3UKZ1"
"Slc25a22","Slc25a22","Slc25a22","SLC25A22","solute carrier family 25 (mitochondrial carrier, glutamate), member 22","7","org.Mm.eg.db","Slc25a22","Q3TRY1;Q9D6M3"
"1200007D18Rik","1200007D18Rik","Ergic1","ERGIC1","endoplasmic reticulum-golgi intermediate compartment 1","17","org.Mm.eg.db","1200007D18Rik","Q4FK22;Q69ZP5;Q9DC16;A0A494BAK4;A0A494BAW5;F6SLP4"
"Ms4a4d","Ms4a4d","Ms4a4d","","membrane-spanning 4-domains, subfamily A, member 4D","19","org.Mm.eg.db","Ms4a4d","Q99N05"
"BC014685","BC014685","Tmem150a","TMEM150A","transmembrane protein 150A",NA,"org.Mm.eg.db","BC014685","Q91WN2"
"2310028N02Rik","2310028N02Rik","Pacc1","PACC1","proton activated chloride channel 1","1","org.Mm.eg.db","2310028N02Rik","Q9CZV9;Q9D771"
"Mylip","Mylip","Mylip","MYLIP","myosin regulatory light chain interacting protein","13","org.Mm.eg.db","Mylip","Q3TAE7;Q3TX01;Q8BLY9;Q8BM54;Q91Z47"
"4931427F14Rik","4931427F14Rik","Spag17","SPAG17","sperm associated antigen 17","3","org.Mm.eg.db","4931427F14Rik","G3UYF7;Q3UWG8;Q5S003;Q6Q758;Q8CDR5;Q9CUE5"
"4932417D18Rik","4932417D18Rik","Zfp608","ZNF608","zinc finger protein 608","18","org.Mm.eg.db","4932417D18Rik","B9EKR3;Q56A10;Q6ZPU8;Q8BIG5;Q8BJ06"
"1700011F14Rik","1700011F14Rik","Ccdc172","CCDC172","coiled-coil domain containing 172","19","org.Mm.eg.db","1700011F14Rik","Q810N9;Q9DAG3"
"Il13ra1","Il13ra1","Il13ra1","IL13RA1","interleukin 13 receptor, alpha 1","X","org.Mm.eg.db","Il13ra1","O09030;Q7TT27;Q8C1Z3"
"Flt4","Flt4","Flt4","FLT4","FMS-like tyrosine kinase 4","11","org.Mm.eg.db","Flt4","P35917;Q5SU94"
"2310076K21Rik","2310076K21Rik","Ypel5","YPEL5","yippee like 5","17","org.Mm.eg.db","2310076K21Rik","P62700;Q3TDV0;Q3TMG7;Q543T4;Q65Z92"
"Cyp2d22","Cyp2d22","Cyp2d22","","cytochrome P450, family 2, subfamily d, polypeptide 22","15","org.Mm.eg.db","Cyp2d22","Q91W87;Q9JKY7"
"BC031407","BC031407","Gatad2a","GATAD2A","GATA zinc finger domain containing 2A",NA,"org.Mm.eg.db","BC031407","A0A1I7Q4G8;Q8BTQ2;Q8CHY6;Q8VEC9;E9QMN5"
"Igf2bp3","Igf2bp3","Igf2bp3","IGF2BP3","insulin-like growth factor 2 mRNA binding protein 3","6","org.Mm.eg.db","Igf2bp3","Q3UHZ6;Q8C2J9;Q9CPN8"
"Wtap","Wtap","Wtap","WTAP","WT1 associating protein","17","org.Mm.eg.db","Wtap","F7CCI4;E0CYH0;Q3U120;Q566J5;Q9ER69"
"5730469M10Rik","5730469M10Rik","Prxl2a","PRXL2A","peroxiredoxin like 2A","14","org.Mm.eg.db","5730469M10Rik","D3Z252;Q3U125;Q9CYH2"
"2010300C02Rik","2010300C02Rik","Cracdl","CRACDL","capping protein inhibiting regulator of actin like","1","org.Mm.eg.db","2010300C02Rik","E9Q3M9"
"E030006K04Rik","E030006K04Rik","Arap3","ARAP3","ArfGAP with RhoGAP domain, ankyrin repeat and PH domain 3","18","org.Mm.eg.db","E030006K04Rik","A0A2X0TVQ3;E9QMK7;Q5DTN4;Q6NVF1;Q8R5G6;Q8R5G7"
"BC025446","BC025446","Ly6g2","LY6S","lymphocyte antigen 6 family member G2",NA,"org.Mm.eg.db","BC025446","A0A087WQT1;Q8R155"
"1110008L20Rik","1110008L20Rik","Micu2","MICU2","mitochondrial calcium uptake 2","14","org.Mm.eg.db","1110008L20Rik","Q3TJU4;Q8CD10;Q8K0K2;Q9CUR8"
"Gmfb","Gmfb","Gmfb","GMFB","glia maturation factor, beta","14","org.Mm.eg.db","Gmfb","A0A2I3BPS1;Q3UQX5;Q9CQI3;Q9ERL8;Q80X87"
"Nxn","Nxn","Nxn","NXN","nucleoredoxin","11","org.Mm.eg.db","Nxn","P97346;Q5H8T6;Q5H8U0;Q99KF3"
"Col12a1","Col12a1","Col12a1","COL12A1","collagen, type XII, alpha 1","9","org.Mm.eg.db","Col12a1","E9PX70;P70322;Q60847"
"Rcn2","Rcn2","Rcn2","RCN2","reticulocalbin 2","9","org.Mm.eg.db","Rcn2","Q8BP39;A2RT07;O70341;Q3TE95;Q8BP92"
"Igsf4a","Igsf4a","Cadm1","CADM1","cell adhesion molecule 1","9","org.Mm.eg.db","Igsf4a","Q1WIL9;E9PYN1;Q6F3J3;Q7TNL1;Q80VG4;Q8K3T6;Q8R4L1;Q8R5M8;Q9QYL5;Q9QYL6;Q9Z2H8;Q9QYL4;Q9QYL3"
"Myo1f","Myo1f","Myo1f","MYO1F","myosin IF","17","org.Mm.eg.db","Myo1f","Q811E7;Q8CG29"
"P2ry1","P2ry1","P2ry1","P2RY1","purinergic receptor P2Y, G-protein coupled 1","3","org.Mm.eg.db","P2ry1","P49650;Q544J5;Q8BMJ5"
"3110041P15Rik","3110041P15Rik","Dchs1","DCHS1","dachsous cadherin related 1","7","org.Mm.eg.db","3110041P15Rik","E9PVD3"
"Tslpr","Tslpr","Crlf2","CRLF2","cytokine receptor-like factor 2","5","org.Mm.eg.db","Tslpr","Q8CII9;Q9CRJ6;Q9JIE7;Q9JIQ7;Q9JJH8;Q9JMD5;A0A0G2JGP1;Q05DC7;A0A0R4J0F5;Q3TCZ1"
"Dlat","Dlat","Dlat","DLAT","dihydrolipoamide S-acetyltransferase","9","org.Mm.eg.db","Dlat","Q8BMF4;Q8K2G8;Q8R339;Q91ZB1"
"Atp6v1a1","Atp6v1a1","Atp6v1a","ATP6V1A","ATPase, H+ transporting, lysosomal V1 subunit A","16","org.Mm.eg.db","Atp6v1a1","P50516;Q3TKS0;Q3U5W3;Q3U777;Q3UDZ9;Q3US31;Q8CHX2"
"Ga17","Ga17","Eif3m","EIF3M","eukaryotic translation initiation factor 3, subunit M","2","org.Mm.eg.db","Ga17","Q3TI04;Q5EBI5;Q99JX4"
"D2Ertd145e","D2Ertd145e","Rif1","RIF1","replication timing regulatory factor 1","2","org.Mm.eg.db","D2Ertd145e","J7I1C3;Q6PR54;Q6T8D9;Q7TPD8;Q8BTU2;Q8C408;Q9CS77"
"Sertad2","Sertad2","Sertad2","SERTAD2","SERTA domain containing 2","11","org.Mm.eg.db","Sertad2","Q3UGZ1;Q8C609;Q91WL3;Q925E5;Q9JJG5"
"Aldh1a7","Aldh1a7","Aldh1a2;Aldh1a7","ALDH1A2","aldehyde dehydrogenase family 1, subfamily A2; aldehyde dehydrogenase family 1, subfamily A7","9;19","org.Mm.eg.db","Aldh1a7","Q62148;Q6DI79;B2RTL5;O35945;Q80ZX7"
"Rgs3","Rgs3","Rgs3","RGS3","regulator of G-protein signaling 3","4","org.Mm.eg.db","Rgs3","Q9DC04;Z4YJQ4;Q5SRB1;Q5SRB4;Q5SRB8;Q8CEE3;Q8VI25;Q925G9;Q9JL22;Q9JL23;Q9QXA2;Q3TAS0;Q542M0;I7HPB2"
"Itih1","Itih1","Itih1","ITIH1","inter-alpha trypsin inhibitor, heavy chain 1","14","org.Mm.eg.db","Itih1","F8WJ05;Q8K159;Q3UEI9;Q61702;Q91WU7"
"Mcm5","Mcm5","Mcm5","MCM5","minichromosome maintenance complex component 5","8","org.Mm.eg.db","Mcm5","P49718;Q52KC3;Q8BQ03"
"Matr3","Matr3","Matr3","MATR3","matrin 3","18","org.Mm.eg.db","Matr3","Q3TTX0;Q4FJT0;Q5BL18;Q8K310;Q3TZN1;A0A494BAD4;A0A494BAZ7"
"Foxo1","Foxo1","Foxo1","FOXO1","forkhead box O1","3","org.Mm.eg.db","Foxo1","Q9JJW4;Q9R1E0;Q9WVH5"
"Usp40","Usp40","Usp40","USP40","ubiquitin specific peptidase 40","1","org.Mm.eg.db","Usp40","Q8BWR4;Q08EB7;Q148V0;Q3TLV1;Q3TMN0;Q3V1R4;Q5EBN6"
"1810030N24Rik","1810030N24Rik","Smim8","SMIM8","small integral membrane protein 8","4","org.Mm.eg.db","1810030N24Rik","Q9CQQ0;Q9CY70"
"Terf2","Terf2","Terf2","TERF2","telomeric repeat binding factor 2","8","org.Mm.eg.db","Terf2","O35144;E9QM06;D3YVG5;Q80VE2;Q8BQJ9;D3YZ08"
"Sgpp1","Sgpp1","Sgpp1","SGPP1","sphingosine-1-phosphate phosphatase 1","12","org.Mm.eg.db","Sgpp1","Q3UDY2;Q9JI99"
"Idh1","Idh1","Idh1","IDH1","isocitrate dehydrogenase 1 (NADP+), soluble","1","org.Mm.eg.db","Idh1","O88844;Q3TJ51;Q3UAV7;Q5HZJ8"
"Bsnd","Bsnd","Bsnd","BSND","barttin CLCNK type accessory beta subunit","4","org.Mm.eg.db","Bsnd","B1AZI5;Q8C740;Q8CHY0;Q8VIM4"
"Slc35a3","Slc35a3","Slc35a3","SLC35A3","solute carrier family 35 (UDP-N-acetylglucosamine (UDP-GlcNAc) transporter), member 3","3","org.Mm.eg.db","Slc35a3","Q3TTK5;Q8BRW7;Q8R1T4"
"Arhgap18","Arhgap18","Arhgap18","ARHGAP18","Rho GTPase activating protein 18","10","org.Mm.eg.db","Arhgap18","A0A2X0SYS9;Q8BP03;Q8K0Q5;Q8R196"
"Nrn1","Nrn1","Nrn1","NRN1","neuritin 1","13","org.Mm.eg.db","Nrn1","A0A286YD56;D3Z4E2;A0A286YCW7;Q7TSR9;Q8CFV4"
"Glrx1","Glrx1","Glrx","GLRX","glutaredoxin","13","org.Mm.eg.db","Glrx1","Q3U6L3;Q9D6F8;Q9QUH0"
"Cacna2d1","Cacna2d1","Cacna2d1","CACNA2D1","calcium channel, voltage-dependent, alpha2/delta subunit 1","5","org.Mm.eg.db","Cacna2d1","O08532;O08533;O08534;O08535;O08536;A0A411ACY8;Q14BH8"
"Mrg1","Mrg1","Meis2;Cited2","MEIS2","Meis homeobox 2; Cbp/p300-interacting transactivator, with Glu/Asp-rich carboxy-terminal domain, 2","2","org.Mm.eg.db","Mrg1","Q3TY73;Q3UJ35;O35676;O35677;P97367;P97403;P97404;B1AWK4;Q3TYM2;A0A0A7EPH8;Q6GU28;O35740;O35741;O35742;O35743;O55198;Q6PGA9"
"A630026F04","A630026F04","Xkrx","XKRX","X-linked Kx blood group related, X-linked","X","org.Mm.eg.db","A630026F04","A2AEK6;Q5GH68"
"Nbea","Nbea","Nbea","NBEA","neurobeachin","3","org.Mm.eg.db","Nbea","Q8C931;Q9EPM9;Q9EPN0;Q9EPN1;Q9WVM9"
"D630032B01Rik","D630032B01Rik","Aldh5a1","ALDH5A1","aldhehyde dehydrogenase family 5, subfamily A1","13","org.Mm.eg.db","D630032B01Rik","B2RS41;Q5SZW1;Q8BWF0"
"Btbd7","Btbd7","Btbd7","BTBD7","BTB domain containing 7","12","org.Mm.eg.db","Btbd7","Q80TC3;Q8BZY9;Q8CFE5"
"Ndufa5","Ndufa5","Ndufa5","NDUFA5","NADH:ubiquinone oxidoreductase subunit A5","6","org.Mm.eg.db","Ndufa5","D3YTQ8;Q9CPP6;Q9CX78;Q9CY90;Q9D2P2;Q9D703;Q9D739"
"4933426L22Rik","4933426L22Rik","Cep170","CEP170","centrosomal protein 170","1","org.Mm.eg.db","4933426L22Rik","H7BX26;Q6A065;Q7TQD9;Q8BJW2;Q9D3Z0"
"AA408556","AA408556","","",NA,NA,"org.Mm.eg.db","AA408556",NA
"4933431N12Rik","4933431N12Rik","Tbc1d9","TBC1D9","TBC1 domain family, member 9","8","org.Mm.eg.db","4933431N12Rik","Q3UYK3;Q69ZW8;Q8BIJ5;Q8BVP3;Q9CUB3;Q6PGG9"
"Cbx4","Cbx4","Cbx4","CBX4","chromobox 4","11","org.Mm.eg.db","Cbx4","O55187;Q149G5;Q149G6"
"Tm4sf11","Tm4sf11","Pllp","PLLP","plasma membrane proteolipid","8","org.Mm.eg.db","Tm4sf11","Q544Q5;Q9DCU2"
"Emp3","Emp3","Emp3","EMP3","epithelial membrane protein 3","7","org.Mm.eg.db","Emp3","O35912;O88333;Q3UIF8"
"Btbd9","Btbd9","Btbd9","BTBD9","BTB domain containing 9","17","org.Mm.eg.db","Btbd9","Q3U4Z0;Q8C726;Q8C2V5;A0A494B989"
"3526402H21Rik","3526402H21Rik","Creb1","CREB1","cAMP responsive element binding protein 1","1","org.Mm.eg.db","3526402H21Rik","Q62347;Q547S9;Q61442;Q01147;Q543W0;P70300"
"Zbtb9","Zbtb9","Zbtb9","ZBTB9","zinc finger and BTB domain containing 9","17","org.Mm.eg.db","Zbtb9","Q3U3B2;Q8CDC7;Q9CYQ0"
"Allc","Allc","Allc","ALLC","allantoicase","12","org.Mm.eg.db","Allc","E9QL21;Q32MW4;Q9JHX6"
"Copb1","Copb1","Copb1","COPB1","coatomer protein complex, subunit beta 1","7","org.Mm.eg.db","Copb1","Q3T9Y4;Q3TT72;Q3U8G9;Q3UE02;Q9JIF7"
"Gale","Gale","Gale","GALE","galactose-4-epimerase, UDP","4","org.Mm.eg.db","Gale","Q8R059"
"C730021L23","C730021L23","Gprin3","GPRIN3","GPRIN family member 3","6","org.Mm.eg.db","C730021L23","B2RQZ6;Q69Z30;Q8BWS5"
"9530011P19Rik","9530011P19Rik","Nlrc4","NLRC4","NLR family, CARD domain containing 4","17","org.Mm.eg.db","9530011P19Rik","A0A3Q4EGE7;Q3TAU8;Q3UP24"
"Hoxb2","Hoxb2","Hoxb2","HOXB2","homeobox B2","11","org.Mm.eg.db","Hoxb2","A2A739;B9EHW9;P0C1T1"
"Adcy1","Adcy1","Adcy1","ADCY1","adenylate cyclase 1","11","org.Mm.eg.db","Adcy1","O88444;Q5SS89"
"Rab27b","Rab27b","Rab27b","RAB27B","RAB27B, member RAS oncogene family","18","org.Mm.eg.db","Rab27b","Q4VA90;Q549X4;Q8CIX0;Q99P58;Q05D38"
"Lgals3bp","Lgals3bp","Lgals3bp","LGALS3BP","lectin, galactoside-binding, soluble, 3 binding protein","11","org.Mm.eg.db","Lgals3bp","O35649;Q07797;Q3U631;Q3U8K4;Q3UDL5"
"D11Ertd759e","D11Ertd759e","Rnf213","RNF213","ring finger protein 213","11","org.Mm.eg.db","D11Ertd759e","A0A8I4P9C4;E9Q555;F7A6H4;Q8BVK6"
"3222401M22Rik","3222401M22Rik","Rftn2","RFTN2","raftlin family member 2","1","org.Mm.eg.db","3222401M22Rik","Q8CHX7;Q8R306;Q9CXJ5"
"Zfp71-rs1","Zfp71-rs1","Zfp85","","zinc finger protein 85","13","org.Mm.eg.db","Zfp71-rs1","B8JJY3;Q7TMC9"
"2010107E04Rik","2010107E04Rik","Atp5mj","ATP5MJ","ATP synthase membrane subunit j","12","org.Mm.eg.db","2010107E04Rik","A0A1Y7VLP0;P56379"
"Zbtb5","Zbtb5","Zbtb5","ZBTB5","zinc finger and BTB domain containing 5","4","org.Mm.eg.db","Zbtb5","Q3TVR7;Q6GV09;Q7TQG0;Q8BIB5"
"D3Jfr1","D3Jfr1","Csde1","CSDE1","cold shock domain containing E1, RNA binding","3","org.Mm.eg.db","D3Jfr1","Q3TXH7;Q3U4S7;Q8JZN2;A0A0G2JF72;Q8R3R1;Q3U1S6;Q91W50"
"Zc3hdc3","Zc3hdc3","Zc3h3","ZC3H3","zinc finger CCCH type containing 3","15","org.Mm.eg.db","Zc3hdc3","Q3UUL4;Q80X78;Q8CHP0"
"Pms1","Pms1","Pms1","PMS1","PMS1 homolog 1, mismatch repair system component","1","org.Mm.eg.db","Pms1","Q8K119"
"Spnb2","Spnb2","Sptbn1","SPTBN1","spectrin beta, non-erythrocytic 1","11","org.Mm.eg.db","Spnb2","A0A0A0MQG2;A2AFU1;Q3TEM7;Q5SQL8;Q5SQL9;Q62261;Q9QWJ7"
"Ddx41","Ddx41","Ddx41","DDX41","DEAD box helicase 41","13","org.Mm.eg.db","Ddx41","Q3TI21;Q3U0E0;Q91VN6"
"Gpi1","Gpi1","Gpi1;Pigq","GPI","glucose-6-phosphate isomerase 1; phosphatidylinositol glycan anchor biosynthesis, class Q","7;17","org.Mm.eg.db","Gpi1","O89062;P06745;Q3TEE7;Q3TW50;Q3UUX1;Q3UY84;Q3UZJ1;Q5RJI3;Q8C675;Q9JM07;Q3TD14;A0A140LHE9;O35120;O35456;Q3TF56;Q99L11;Q9QYT7"
"Fabp3","Fabp3","Fabp3","FABP3","fatty acid binding protein 3, muscle and heart","4","org.Mm.eg.db","Fabp3","P11404;Q5EBJ0;Q91W23"
"Il10rb","Il10rb","Il10rb","IL10RB","interleukin 10 receptor, beta","16","org.Mm.eg.db","Il10rb","Q3TU35;Q61190;Q8VHM7"
"D10Ucla2","D10Ucla2","Apon","","apolipoprotein N","10","org.Mm.eg.db","D10Ucla2","G3X9D6;Q8BUM4"
"4933432P15Rik","4933432P15Rik","Arhgap26","ARHGAP26","Rho GTPase activating protein 26","18","org.Mm.eg.db","4933432P15Rik","B9EJ96;F6T836;E9QAQ3;E9QLL3;Q6ZQ82"
"Birc6","Birc6","Birc6","BIRC6","baculoviral IAP repeat-containing 6","17","org.Mm.eg.db","Birc6","A0A1S6GWH3;E9PYU6;O88738;Q69ZM5;Q8BNX0;Q8BR72;Q8BRV7;Q8C737;S4R2P8;A0A1S6GWH6"
"4833415N24Rik","4833415N24Rik","Fundc2","FUNDC2","FUN14 domain containing 2","X","org.Mm.eg.db","4833415N24Rik","Q80VT2;Q80YD9;Q8BSM8;Q9D617;Q9D6K8"
"Lmo2","Lmo2","Lmo2","LMO2","LIM domain only 2","2","org.Mm.eg.db","Lmo2","A2BHP5;A2BHP2;P25801;Q544Z2;A2BHP3"
"Bing4","Bing4","Wdr46","WDR46","WD repeat domain 46","17","org.Mm.eg.db","Bing4","A0A068BFS0;Q9Z0H1"
"Mbl1","Mbl1","Mbl1","","mannose-binding lectin (protein A) 1","14","org.Mm.eg.db","Mbl1","P39039;Q0P6H1"
"Trib1","Trib1","Trib1","TRIB1","tribbles pseudokinase 1","15","org.Mm.eg.db","Trib1","Q8BFS7;Q8BJR9;Q8BZX3;Q8K4K4;Q91W04"
"0910001A06Rik","0910001A06Rik","Cyrib","CYRIB","CYFIP related Rac1 interactor B","15","org.Mm.eg.db","0910001A06Rik","Q921M7"
"Dck","Dck","Dck","DCK","deoxycytidine kinase","5","org.Mm.eg.db","Dck","P43346;Q545E8;Q80US6"
"BC035291","BC035291","Setd1b","SETD1B","SET domain containing 1B",NA,"org.Mm.eg.db","BC035291","Q80TK9;Q8CFQ8;Q8CFT2;Q8CGD1"
"Ctsd","Ctsd","Ctsd","CTSD","cathepsin D","7","org.Mm.eg.db","Ctsd","P18242;Q3TJN3;Q3TWD0;Q3TWR6;Q3TXL5;Q3U7P0;Q3UAQ1;Q3UCD9;Q3UCW4"
"Ppp1r2","Ppp1r2","Ppp1r17;Ppp1r2","PPP1R17","protein phosphatase 1, regulatory subunit 17; protein phosphatase 1, regulatory inhibitor subunit 2","6;16","org.Mm.eg.db","Ppp1r2","Q9Z2E4;Q3UD25;Q8BVM6;Q8C1A6;Q9DCL8"
"Flnb","Flnb","Flnb","FLNB","filamin, beta","14","org.Mm.eg.db","Flnb","E9QNV9;Q80X90;Q8VHX4;Q8VHX7;Q99KY3"
"C330008I15Rik","C330008I15Rik","Elmod3","ELMOD3","ELMO/CED-12 domain containing 3","6","org.Mm.eg.db","C330008I15Rik","Q3TNV2;Q91YP6"
"Pvrl2","Pvrl2","Nectin2","NECTIN2","nectin cell adhesion molecule 2","7","org.Mm.eg.db","Pvrl2","Q3TZU9;Q91VT9;P32507;Q62096;Q80XJ5"
"Olfr893","Olfr893","Or8c15","","olfactory receptor family 8 subfamily C member 15","9","org.Mm.eg.db","Olfr893","A0A1D5RMC3;K7N678"
"2610304F09Rik","2610304F09Rik","Sap130","SAP130","Sin3A associated protein","18","org.Mm.eg.db","2610304F09Rik","Q6NZP5;Q6P553;Q8BID9;Q8BIH0;Q9CSU1;A0A0R4J060"
"2610204M08Rik","2610204M08Rik","Inf2","INF2","inverted formin, FH2 and WH2 domain containing","12","org.Mm.eg.db","2610204M08Rik","Q0GNC1;Q14C56;Q499F7;Q6P9T3;E9QLA5"
"Eno3","Eno3","Eno3","ENO3","enolase 3, beta muscle","11","org.Mm.eg.db","Eno3","P21550;Q4FK59"
"1810033A06Rik","1810033A06Rik","Dtwd1","DTWD1","DTW domain containing 1","2","org.Mm.eg.db","1810033A06Rik","Q9D8U7"
"Dok4","Dok4","Dok4","DOK4","docking protein 4","8","org.Mm.eg.db","Dok4","Q3U0X3;Q99KE3"
"Gpc6","Gpc6","Gpc6","GPC6","glypican 6","14","org.Mm.eg.db","Gpc6","Q3TP69;Q8R3X6;Q3V1C9;Q9R087;Q8BSI4"
"Hoxc12","Hoxc12","Hoxc12","HOXC12","homeobox C12","15","org.Mm.eg.db","Hoxc12","Q8K5B8"
"Pace4","Pace4","Pcsk6","PCSK6","proprotein convertase subtilisin/kexin type 6","7","org.Mm.eg.db","Pace4","E9Q4D0;Q62030;F6XJP7"
"2610311I19Rik","2610311I19Rik","Yipf5","YIPF5","Yip1 domain family, member 5","18","org.Mm.eg.db","2610311I19Rik","Q9EQQ2"
"4933434E20Rik","4933434E20Rik","4933434E20Rik","C1orf43","RIKEN cDNA 4933434E20 gene","3","org.Mm.eg.db","4933434E20Rik","Q05D39;Q3UBD8;Q3UCR6;Q8BII4;Q8BIP7;Q8R092;Q8R240;Q9CV59;Q9CYB6"
"Pou4f1","Pou4f1","Pou4f1","POU4F1","POU domain, class 4, transcription factor 1","14","org.Mm.eg.db","Pou4f1","E9QPT6;P17208;Q78NA5"
"Lcat","Lcat","Lcat","LCAT","lecithin cholesterol acyltransferase","8","org.Mm.eg.db","Lcat","P16301;Q791M3;Q8K139"
"4921505C17Rik","4921505C17Rik","Rictor","RICTOR","RPTOR independent companion of MTOR, complex 2","15","org.Mm.eg.db","4921505C17Rik","E9QPE0;Q0VAV4;Q69Z40;Q6PDL2;Q6QI06;Q6RI74;Q8BPH9;Q8CBF2"
"Rbm9","Rbm9","Rbfox2","RBFOX2","RNA binding protein, fox-1 homolog (C. elegans) 2","15","org.Mm.eg.db","Rbm9","Q8BP71;A0A2K6EDK7;Q0R5Z7;Q0R5Z8;Q0VH84;Q537D4;Q537D5;Q8BRG0;Q8R2T5;Q8VI62;Q923W8;A0A2I3BRU6"
"Ciz1","Ciz1","Ciz1","CIZ1","CDKN1A interacting zinc finger protein 1","2","org.Mm.eg.db","Ciz1","Q3TMV1;Q3TXU6;Q3UUV0;Q8VEH2;A2AN61;Q70KX6"
"ORF9","ORF9","Fam3b","FAM3B","FAM3 metabolism regulating signaling molecule B","16","org.Mm.eg.db","ORF9","A0A338P693;O88417;Q9D309"
"1110030L07Rik","1110030L07Rik","Samm50","SAMM50","SAMM50 sorting and assembly machinery component","15","org.Mm.eg.db","1110030L07Rik","Q3TIL3;Q3TTG7;Q3TWD3;Q8BGH2"
"AA545217","AA545217","","",NA,NA,"org.Mm.eg.db","AA545217",NA
"D10Wsu93e","D10Wsu93e","Mbd6","MBD6","methyl-CpG binding domain protein 6","10","org.Mm.eg.db","D10Wsu93e","E9PWH8;Q3TY92;Q4VBD6;E9Q572"
"Helz","Helz","Helz","HELZ","helicase with zinc finger domain","11","org.Mm.eg.db","Helz","A1L4L4;A2AAU4;Q6DFV5;Q8BZZ6;Q8CHI3;Q8VDI3;A0A0R4J0Y3"
"2610018I03Rik","2610018I03Rik","Ube3d","UBE3D","ubiquitin protein ligase E3D","9","org.Mm.eg.db","2610018I03Rik","Q9D0H0;Q8BX13"
"1500002I11Rik","1500002I11Rik","C1galt1c1","C1GALT1C1","C1GALT1-specific chaperone 1","X","org.Mm.eg.db","1500002I11Rik","Q9JMG2"
"Nut","Nut","Nutm1","NUTM1","NUT midline carcinoma, family member 1","2","org.Mm.eg.db","Nut","Q8BHP2"
"Usmg4","Usmg4","Pde4dip","PDE4DIP","phosphodiesterase 4D interacting protein (myomegalin)","3","org.Mm.eg.db","Usmg4","B2RUJ9;G3X9L9;B7ZNY0;E9Q1A0;Q80YT7"
"Jam3","Jam3","Jam3","JAM3","junction adhesion molecule 3","9","org.Mm.eg.db","Jam3","Q8BT59;Q9D1M9;Q9D8B7;Q9EPK4"
"Akap13","Akap13","Akap13","AKAP13","A kinase anchor protein 13","7","org.Mm.eg.db","Akap13","E9Q394;Q3UEI5;A0A140LJJ5"
"4930544G21Rik","4930544G21Rik","Sphkap","SPHKAP","SPHK1 interactor, AKAP domain containing","1","org.Mm.eg.db","4930544G21Rik","Q6NSW3;Q6PAM6;Q6PAP7;Q80TA7;Q80XT3;Q8BYQ9;Q8BZL6;Q8C1G7;E9PUC4"
"Kua","Kua","Peds1","PEDS1","plasmanylethanolamine desaturase 1","2","org.Mm.eg.db","Kua","Q99LQ7"
"2310075C12Rik","2310075C12Rik","Tmem123","TMEM123","transmembrane protein 123","9","org.Mm.eg.db","2310075C12Rik","Q3T9F6;Q3TLL2;Q3U1R6;Q8CEX4;Q91Z22"
"Mki67","Mki67","Mki67","MKI67","antigen identified by monoclonal antibody Ki 67","7","org.Mm.eg.db","Mki67","E9PVX6;Q61769;Q7TSF6"
"Hspe1","Hspe1","Hspe1","HSPE1","heat shock protein 1 (chaperonin 10)","1","org.Mm.eg.db","Hspe1","Q4KL76;Q64433;Q9JI95"
"AU020772","AU020772","","",NA,NA,"org.Mm.eg.db","AU020772",NA
"Slc25a10","Slc25a10","Slc25a10","SLC25A10","solute carrier family 25 (mitochondrial carrier, dicarboxylate transporter), member 10","11","org.Mm.eg.db","Slc25a10","Q543J6;Q99LJ9;Q9D8G8;Q9QZD8"
"4932432K03Rik","4932432K03Rik","Ap5m1","AP5M1","adaptor-related protein complex 5, mu 1 subunit","14","org.Mm.eg.db","4932432K03Rik","A0A0R4J0K9;Q3TDF2;Q3TPT5;Q8BII2;Q8BJ31;Q8BJ58;Q8BJ63;Q8BY11;Q8R5B1"
"1810036I24Rik","1810036I24Rik","Tvp23b","TVP23B","trans-golgi network vesicle protein 23B","11","org.Mm.eg.db","1810036I24Rik","Q3UBJ3;Q9D8T4"
"Ireb2","Ireb2","Ireb2","IREB2","iron responsive element binding protein 2","9","org.Mm.eg.db","Ireb2","E9QPM2;O70235;Q811J3"
"D8Ertd233e","D8Ertd233e","Rbm34","RBM34","RNA binding motif protein 34","8","org.Mm.eg.db","D8Ertd233e","A0A1D5RLR3;B2RUP0;Q8C5L7"
"Ext1","Ext1","Ext1","EXT1","exostosin glycosyltransferase 1","15","org.Mm.eg.db","Ext1","P97464;Q3V1P4;Q61546"
"Sectm1","Sectm1","Sectm1b","SECTM1","secreted and transmembrane 1B","11","org.Mm.eg.db","Sectm1","Q8CE38;Q9D966"
"Tp53i11","Tp53i11","Trp53i11","TP53I11","transformation related protein 53 inducible protein 11","2","org.Mm.eg.db","Tp53i11","Q3UQL4;Q4QQM4"
"Scarb1","Scarb1","Scarb1","SCARB1","scavenger receptor class B, member 1","5","org.Mm.eg.db","Scarb1","Q61009;D3Z2V4;Q3TZ42;Q4FK30;Q9CWJ7"
"Stat6","Stat6","Stat6","STAT6","signal transducer and activator of transcription 6","10","org.Mm.eg.db","Stat6","P52633;Q8R2F1;Q8R4D4"
"Abcg3","Abcg3","Abcg3","ABCG2","ATP binding cassette subfamily G member 3","5","org.Mm.eg.db","Abcg3","D3Z0Z4;Q8BKI5;Q99P81"
"C430014D17Rik","C430014D17Rik","Gatad2b","GATAD2B","GATA zinc finger domain containing 2B","3","org.Mm.eg.db","C430014D17Rik","A1L3S7;Q8C9Q3;Q8VHR5"
"Lrfn5","Lrfn5","Lrfn5","LRFN5","leucine rich repeat and fibronectin type III domain containing 5","12","org.Mm.eg.db","Lrfn5","Q5DTH4;Q8BJH4;Q8BXA0;Q8BZL0"
"Pdgfa","Pdgfa","Pdgfa","PDGFA","platelet derived growth factor, alpha","5","org.Mm.eg.db","Pdgfa","G5E891;P20033;Q7TPH7;Q99L56"
"C230069K22Rik","C230069K22Rik","Cfap100","CFAP100","cilia and flagella associated protein 100","6","org.Mm.eg.db","C230069K22Rik","E9PYA2;Q6AXD6;Q80VN0;A0A171EBL0"
"Pld3","Pld3","Pld3","PLD3","phospholipase D family member 3","7","org.Mm.eg.db","Pld3","O35405;Q3U5M5"
"Bzw1","Bzw1","Bzw1","BZW1","basic leucine zipper and W2 domains 1","1","org.Mm.eg.db","Bzw1","Q3THS5;Q3UZ94;Q9CQC6"
"2010309E21Rik","2010309E21Rik","Fam136a","FAM136A","family with sequence similarity 136, member A","6","org.Mm.eg.db","2010309E21Rik","Q91YY1;Q9CR98"
"AW547365","AW547365","","",NA,NA,"org.Mm.eg.db","AW547365",NA
"1110012E06Rik","1110012E06Rik","Atp13a2","ATP13A2","ATPase type 13A2","4","org.Mm.eg.db","1110012E06Rik","E9Q2A4;E9PYX5;A2AA78;Q8CG98;Q9CTG6"
"1700012B18Rik","1700012B18Rik","Osgin1","OSGIN1","oxidative stress induced growth inhibitor 1","8","org.Mm.eg.db","1700012B18Rik","Q8VC10;Q9CVY9"
"5730497N03Rik","5730497N03Rik","Sp4","SP4","trans-acting transcription factor 4","12","org.Mm.eg.db","5730497N03Rik","K4DI62;Q6DFV2;A0A1Y7VJR5;E9QNI3;Q62445"
"BC065120","BC065120","Zmiz1","ZMIZ1","zinc finger, MIZ-type containing 1",NA,"org.Mm.eg.db","BC065120","Q3V215;Q6P1E1;Q6PDK9;Q6PF85;Q8BW47"
"Tgfbi","Tgfbi","Tgfbi","TGFBI","transforming growth factor, beta induced","13","org.Mm.eg.db","Tgfbi","A1L353;A1L354;P82198;Q3U9R1;Q3UBG4"
"2600017H02Rik","2600017H02Rik","Tmem88","TMEM88","transmembrane protein 88","11","org.Mm.eg.db","2600017H02Rik","Q497Z2;Q8BRC2;Q9D0N8"
"3110045G13Rik","3110045G13Rik","Pear1","PEAR1","platelet endothelial aggregation receptor 1","3","org.Mm.eg.db","3110045G13Rik","Q3URX7;Q6KAQ6;Q8CGA7;Q8VHF4;Q8VHL7;Q8VIK5"
"Nek7","Nek7","Nek7","NEK7","NIMA (never in mitosis gene a)-related expressed kinase 7","1","org.Mm.eg.db","Nek7","Q3TN15;Q3UEV7;Q9ES74"
"BC037034","BC037034","Trappc14","TRAPPC14","trafficking protein particle complex 14",NA,"org.Mm.eg.db","BC037034","E9Q2V5;Q3UTZ3;Q8JZV2"
"Grina","Grina","Grina","GRINA","glutamate receptor, ionotropic, N-methyl D-aspartate-associated protein 1 (glutamate binding)","15","org.Mm.eg.db","Grina","Q8CI25;Q9ESF4"
"Areg","Areg","Areg","AREG","amphiregulin","5","org.Mm.eg.db","Areg","P31955;Q4FJT2"
"Dnajc8","Dnajc8","Dnajc8","DNAJC8","DnaJ heat shock protein family (Hsp40) member C8","4","org.Mm.eg.db","Dnajc8","A2ALF0;A2ALF2;Q6NZB0;Q6PG72;Q8C2M6"
"Nalp9c","Nalp9c","Nlrp9c","NLRP9","NLR family, pyrin domain containing 9C","7","org.Mm.eg.db","Nalp9c","Q3ULL8;Q66X01;Q6UTW8"
"Sfrs7","Sfrs7","Srsf7","SRSF7","serine and arginine-rich splicing factor 7","17","org.Mm.eg.db","Sfrs7","A0A3Q4L393;Q8BL97;Q8BMC6;Q8BUR2;Q8R2N4;Q8R3E9;Q91YS1;Q3THA6;A0A3Q4L335"
"Cldn12","Cldn12","Cldn12","CLDN12","claudin 12","5","org.Mm.eg.db","Cldn12","Q3TM65;Q8BH13;Q9ET43"
"Arp3b","Arp3b","Actr3b","ACTR3B","ARP3 actin-related protein 3B","5","org.Mm.eg.db","Arp3b","Q3TGE1;Q641P0;Q7TSH1"
"Rab18","Rab18","Rab18","RAB18","RAB18, member RAS oncogene family","18","org.Mm.eg.db","Rab18","A0A3Q4EI12;P35293;Q0PD38;Q543V0"
"Ndufa1","Ndufa1","Ndufa1","NDUFA1","NADH:ubiquinone oxidoreductase subunit A1","X","org.Mm.eg.db","Ndufa1","O35683;Q545K0"
"BC026585","BC026585","Cryzl2","","crystallin zeta like 2",NA,"org.Mm.eg.db","BC026585","Q3UAM2;Q3UNZ8;A0A0A6YWV6"
"Stat3","Stat3","Stat3","STAT3","signal transducer and activator of transcription 3","11","org.Mm.eg.db","Stat3","Q3U5Q4;Q3ULI4;Q6GU23;A2A5D1;B7ZC17;P42227"
"Mast2","Mast2","Mast2","MAST2","microtubule associated serine/threonine kinase 2","4","org.Mm.eg.db","Mast2","B1AST7;E9Q1Q1;Q60592;Q6P9M1;Q8CHD1;B1AST8;E9QLW6;A0A668KL31;Q9DBV8;A0A668KLF8"
"Bet1","Bet1","Bet1","BET1","Bet1 golgi vesicular membrane trafficking protein","6","org.Mm.eg.db","Bet1","O35623;Q8BNZ1"
"Pbk","Pbk","Pbk","PBK","PDZ binding kinase","14","org.Mm.eg.db","Pbk","Q922V2;Q9D184;Q9JJ78"
"Etnk1","Etnk1","Etnk1","ETNK1","ethanolamine kinase 1","6","org.Mm.eg.db","Etnk1","F6Y9V2;Q8BWV4;Q8BXQ0;Q9D4V0;A0A0N4SV10"
"Laptm4a","Laptm4a","Laptm4a","LAPTM4A","lysosomal-associated protein transmembrane 4A","12","org.Mm.eg.db","Laptm4a","E9QLR3;Q60961;Q8BG66"
"Thpo","Thpo","Thpo","THPO","thrombopoietin","16","org.Mm.eg.db","Thpo","A0A338P6S5;P40226;Q543R9;A0A338P6C8"
"A830018L16Rik","A830018L16Rik","A830018L16Rik","C8orf34","RIKEN cDNA A830018L16 gene","1","org.Mm.eg.db","A830018L16Rik","B2RQF6;B7ZN56;Q8BZJ8;B7ZN57;Q3UVZ9;Q8BJN6;Q8BUZ5"
"Nfkbil1","Nfkbil1","Nfkbil1","NFKBIL1","nuclear factor of kappa light polypeptide gene enhancer in B cells inhibitor like 1","17","org.Mm.eg.db","Nfkbil1","Q3V006;O88995;Q91X16;Q9R1Y3"
"2810432L12Rik","2810432L12Rik","Pgap4","PGAP4","post-GPI attachment to proteins GalNAc transferase 4","4","org.Mm.eg.db","2810432L12Rik","Q3TN50;Q91YV9;Q9CYX3"
"D11Wsu68e","D11Wsu68e","Vps25","VPS25","vacuolar protein sorting 25","11","org.Mm.eg.db","D11Wsu68e","A2A4J8;A2A4K0;Q9CQ80;A2A4J9;A2A4K1;Q3UBT0;Q9D167"
"Ralgps1","Ralgps1","Ralgps1","RALGPS1","Ral GEF with PH domain and SH3 binding motif 1","2","org.Mm.eg.db","Ralgps1","A0A0A0MQE4;A2AR50;A2AR51;A2AR52;Q6GQS4;Q6ZQD2;Q8BVR9;Q8C1I2"
"1110014F24Rik","1110014F24Rik","Dmkn","DMKN","dermokine","7","org.Mm.eg.db","1110014F24Rik","E9Q2P1;Q6E0U6;Q6P253;Q6SZJ9;Q9D1D0;E9QLW8;E9QLW7"
"Cxxc5","Cxxc5","Cxxc5","CXXC5","CXXC finger 5","18","org.Mm.eg.db","Cxxc5","Q3V0R4;Q8CES6;Q8CF49;Q91WA4"
"Btbd5","Btbd5","Klhl28","KLHL28","kelch-like 28","12","org.Mm.eg.db","Btbd5","Q9CR40;Q9CYV0"
"Capn1","Capn1","Capn1","CAPN1","calpain 1","19","org.Mm.eg.db","Capn1","O35350;O88666;Q3TI07;Q3UDG8;Q80Y25;Q8C2J1;Q3TB79"
"Abr","Abr","Abr","ABR","active BCR-related gene","11","org.Mm.eg.db","Abr","Q5SSL4;A0A571BG95;A0A2X0U2A7;E9PUE7;Q3U5G0;Q3UQJ6;Q3UY38;Q5SYJ5;Q5SYJ7;Q5SYJ8;Q5SYJ9;Q6PCY1;Q6PDH3"
"Slc9a9","Slc9a9","Slc9a9","SLC9A9","solute carrier family 9 (sodium/hydrogen exchanger), member 9","9","org.Mm.eg.db","Slc9a9","A8E634;Q3T994;Q3U0X0;Q499E9;Q8BZ00"
"LOC210583","LOC210583","","",NA,NA,"org.Mm.eg.db","LOC210583",NA
"Rasgef1b","Rasgef1b","Rasgef1b","RASGEF1B","RasGEF domain family, member 1B","5","org.Mm.eg.db","Rasgef1b","E9Q813;F5H8M5;Q3UE12;Q8C189;Q8JZL7"
"Pole4","Pole4","Pole4","POLE4","polymerase (DNA-directed), epsilon 4 (p12 subunit)","6","org.Mm.eg.db","Pole4","E0CYA9;Q3TJ13;Q9CQ36"
"AA589507","AA589507","","",NA,NA,"org.Mm.eg.db","AA589507",NA
"Pcyt1a","Pcyt1a","Pcyt1a","PCYT1A","phosphate cytidylyltransferase 1, choline, alpha isoform","16","org.Mm.eg.db","Pcyt1a","P49586;Q542W4"
"Rohn","Rohn","Rnd2","RND2","Rho family GTPase 2","11","org.Mm.eg.db","Rohn","A2A4Q3;A2VCR8;O35279;Q9QYM5"
"Kdelr2","Kdelr2","Kdelr2","KDELR2","KDEL (Lys-Asp-Glu-Leu) endoplasmic reticulum protein retention receptor 2","5","org.Mm.eg.db","Kdelr2","Q4FK20;Q9CQM2"
"1810011E08Rik","1810011E08Rik","Spcs3","SPCS3","signal peptidase complex subunit 3 homolog (S. cerevisiae)","8","org.Mm.eg.db","1810011E08Rik","Q6ZWQ7;Q8C1D0"
"AI324046","AI324046","Ighg3","IGHG3","Immunoglobulin heavy constant gamma 3",NA,"org.Mm.eg.db","AI324046",NA
"Hnmt","Hnmt","Hnmt","HNMT","histamine N-methyltransferase","2","org.Mm.eg.db","Hnmt","A2AQK4;Q3TVH0;Q91VF2"
"Pes1","Pes1","Pes1","PES1","pescadillo ribosomal biogenesis factor 1","11","org.Mm.eg.db","Pes1","Q542F0;Q5SQ20;Q9EQ61"
"Ing1","Ing1","Ing1","ING1","inhibitor of growth family, member 1","8","org.Mm.eg.db","Ing1","Q3ULE3;A0A1B0GT89;B2RWH0;Q9QUP8;Q9QXV3;Q9QXV4;Q9QZX3"
"Tde2","Tde2","Serinc1","SERINC1","serine incorporator 1","10","org.Mm.eg.db","Tde2","A9CLV6;Q3UZ93;Q9QZI8"
"Gast","Gast","Gast","GAST","gastrin","11","org.Mm.eg.db","Gast","P48757;P70334;Q64295;Q6GSF5;Q9CPR2"
"Ell2","Ell2","Ell2","ELL2","elongation factor for RNA polymerase II 2","13","org.Mm.eg.db","Ell2","B9EKX8;E9QPE1;Q3UKU1"
"4933435A13Rik","4933435A13Rik","Pus10","PUS10","pseudouridylate synthase 10","11","org.Mm.eg.db","4933435A13Rik","Q3UM90;Q8BSZ4;Q8CDM2;Q9CSI7;Q9D3U0"
"Lims1","Lims1","Lims1","LIMS1","LIM and senescent cell antigen-like domains 1","10","org.Mm.eg.db","Lims1","Q4ZJB3;Q9D7B2;E9QP62;A8CVP4;Q3UAT7;Q8BTR6;Q99JW4;Q9D5T4;A0A0R4J005;A0A5F8MPJ3;A8CVP1"
"Slc38a4","Slc38a4","Slc38a4","SLC38A4","solute carrier family 38, member 4","15","org.Mm.eg.db","Slc38a4","Q3TEZ9;Q3TJ89;Q3TPL5;Q8R1S9;Q8VIE7"
"4930451A13Rik","4930451A13Rik","Tbc1d23","TBC1D23","TBC1 domain family, member 23","16","org.Mm.eg.db","4930451A13Rik","A0A2I3BRD1;Q3TAW9;Q8K0F1;Q8VE48"
"3110050N22Rik","3110050N22Rik","Zc2hc1a","ZC2HC1A","zinc finger, C2HC-type containing 1A","3","org.Mm.eg.db","3110050N22Rik","Q3TCP6;Q8BJH1"
"Lxn","Lxn","Lxn","LXN","latexin","3","org.Mm.eg.db","Lxn","P70202;Q14BZ3;Q3UDQ0;Q8CCS8"
"Fmnl3","Fmnl3","Fmnl3","FMNL3","formin-like 3","15","org.Mm.eg.db","Fmnl3","D3Z7A7;Q6ZPF4;Q3TCF9;Q3U2E4"
"Cbfa2t1h","Cbfa2t1h","Runx1t1","RUNX1T1","RUNX1 translocation partner 1","4","org.Mm.eg.db","Cbfa2t1h","Q3UQX8;Q8C066;B1AXH8;B1AXH9;Q61909"
"Mccc1","Mccc1","Mccc1","MCCC1","methylcrotonoyl-Coenzyme A carboxylase 1 (alpha)","3","org.Mm.eg.db","Mccc1","Q3TGU0;Q99MR8;Q9D8R2"
"Bivm","Bivm","Bivm","BIVM","basic, immunoglobulin-like variable motif containing","1","org.Mm.eg.db","Bivm","Q8CBX9;Q8CCP3"
"D530020C15Rik","D530020C15Rik","Pdk1","PDK1","pyruvate dehydrogenase kinase, isoenzyme 1","2","org.Mm.eg.db","D530020C15Rik","Q8R2U8;Q3U5E5;Q8BFP9"
"BC029169","BC029169","Fam20a","FAM20A","FAM20A, golgi associated secretory pathway pseudokinase",NA,"org.Mm.eg.db","BC029169","Q8CID3"
"Sara2","Sara2","Sar1b","SAR1B","secretion associated Ras related GTPase 1B","11","org.Mm.eg.db","Sara2","Q0VGU0;Q3U281;Q3UBL6;Q9CQC9"
"2510038N07Rik","2510038N07Rik","Herc6","HERC6","hect domain and RLD 6","6","org.Mm.eg.db","2510038N07Rik","F2Z461;Q3UEA7;Q9CU70"
"Pin4","Pin4","Pin4;Pin4-ps","PIN4","peptidyl-prolyl cis/trans isomerase, NIMA-interacting, 4 (parvulin); peptidylprolyl cis/trans isomerase, NIMA-interacting 4, pseudogene","X","org.Mm.eg.db","Pin4","Q0VE57;Q9CWW6"
"1810044A24Rik","1810044A24Rik","Trappc9","TRAPPC9","trafficking protein particle complex 9","15","org.Mm.eg.db","1810044A24Rik","E9Q3T8;Q3U0M1;Q3UU81;Q69Z79;Q6NS50;Q8CD01;Q8CFV8;Q9D8R6"
"Hipk3","Hipk3","Hipk3","HIPK3","homeodomain interacting protein kinase 3","2","org.Mm.eg.db","Hipk3","A2RRJ7;A2AQH2;O88906;Q3UST3;Q9ERH7;Q9QZR2"
"Abce1","Abce1","Abce1","ABCE1","ATP-binding cassette, sub-family E member 1","8","org.Mm.eg.db","Abce1","P61222;Q3TIU8;Q3TJM9;Q3UHY8"
"Aqp9","Aqp9","Aqp9","AQP9","aquaporin 9","9","org.Mm.eg.db","Aqp9","D3YYD6;Q4FK77;Q9JJJ3"
"Dnmt2","Dnmt2","Trdmt1","TRDMT1","tRNA aspartic acid methyltransferase 1","2","org.Mm.eg.db","Dnmt2","Q8C7F0;O35212;O55055;Q5I0V6"
"Chrm5","Chrm5","Chrm5","CHRM5","cholinergic receptor, muscarinic 5","2","org.Mm.eg.db","Chrm5","A2AHU3;Q0VBI9;Q920H4"
"Olfr380","Olfr380","Or1e21","","olfactory receptor family 1 subfamily E member 21","11","org.Mm.eg.db","Olfr380","B0QZP1;Q8VGT3"
"BC002059","BC002059","BC002059","","cDNA sequence BC002059","17","org.Mm.eg.db","BC002059",NA
"3100004P22Rik","3100004P22Rik","Rbm42","RBM42","RNA binding motif protein 42","7","org.Mm.eg.db","3100004P22Rik","Q3UBE0;Q91V81"
"Olfr702","Olfr702","Or13n4","","olfactory receptor family 13 subfamily N member 4","7","org.Mm.eg.db","Olfr702","Q920Z2"
"Psmd8","Psmd8","Psmd8","PSMD8","proteasome (prosome, macropain) 26S subunit, non-ATPase, 8","7","org.Mm.eg.db","Psmd8","Q3TVY0;Q9CX56"
"Mut","Mut","Mmut","MMUT","methylmalonyl-Coenzyme A mutase","17","org.Mm.eg.db","Mut","P16332;Q3UJU1;Q8VED0"
"Fau","Fau","Fau","FAU","FAU ubiquitin like and ribosomal protein S30 fusion","16","org.Mm.eg.db","Fau","P35545;P62862;Q3THB2;Q642K5;Q9JJ24"
"P4ha1","P4ha1","P4ha1","P4HA1","procollagen-proline, 2-oxoglutarate 4-dioxygenase (proline 4-hydroxylase), alpha 1 polypeptide","10","org.Mm.eg.db","P4ha1","E9Q7B0;Q3TTT2;Q3TN84;Q3TEB7;Q60715;Q80T05;Q91VJ7"
"Rfx1","Rfx1","Rfx1","RFX1","regulatory factor X, 1 (influences HLA class II expression)","8","org.Mm.eg.db","Rfx1","P48377;Q6PGH8;Q8BJK3;A0A1B0GRV3"
"Sqrdl","Sqrdl","Sqor","SQOR","sulfide quinone oxidoreductase","2","org.Mm.eg.db","Sqrdl","Q3UDS4;Q8BW20;Q91XA1;Q9D891;Q9R112"
"AI194318","AI194318","","",NA,NA,"org.Mm.eg.db","AI194318",NA
"Bcap29","Bcap29","Bcap29","BCAP29","B cell receptor associated protein 29","12","org.Mm.eg.db","Bcap29","Q542A1;Q61334"
"Scrib","Scrib","Scrib","SCRIB","scribbled planar cell polarity","15","org.Mm.eg.db","Scrib","Q80U72;Q6P5H7;Q7TPH8;Q80VB1;Q8CI48;Q8VII1;Q922S3"
"D19Ertd703e","D19Ertd703e","Ppp6r3","PPP6R3","protein phosphatase 6, regulatory subunit 3","19","org.Mm.eg.db","D19Ertd703e","Q922D4;G5E8R4;Q6ZPM9;Q8BTW6;Q9D2X9"
"Il1rn","Il1rn","Il1rn","IL1RN","interleukin 1 receptor antagonist","2","org.Mm.eg.db","Il1rn","O70207;P25085;Q542C7;Q8CGA1;Q3TBV5;Q542W1"
"Agpat2","Agpat2","Agpat2","AGPAT2","1-acylglycerol-3-phosphate O-acyltransferase 2","2","org.Mm.eg.db","Agpat2","Q059U0;Q8K3K7"
"Tbc1d15","Tbc1d15","Tbc1d15","TBC1D15","TBC1 domain family, member 15","10","org.Mm.eg.db","Tbc1d15","Q4TVN0;Q3UI41;Q9CXF4"
"M6pr","M6pr","Igf2;M6pr","IGF2","insulin-like growth factor 2; mannose-6-phosphate receptor, cation dependent","7;6","org.Mm.eg.db","M6pr","E9QLW5;P09535;P24668;Q3UF03;Q3UKQ5"
"Tpi","Tpi","Tpi1","TPI1","triosephosphate isomerase 1","6","org.Mm.eg.db","Tpi","P17751;Q3TJH2;Q3UC04;Q3UKG9;Q64513;Q9CVF9;Q9CWE7"
"Ube2n","Ube2n","Ube2n","UBE2N","ubiquitin-conjugating enzyme E2N","10","org.Mm.eg.db","Ube2n","A2RTT4;P61089;Q3TSL6;Q6ZWZ0;Q9DAJ6"
"4933415L06Rik","4933415L06Rik","Ccdc122","CCDC122","coiled-coil domain containing 122","14","org.Mm.eg.db","4933415L06Rik","Q8BVN0;Q4VA24;B2RSJ0"
"Arl10b","Arl10b","Arl8a","ARL8A","ADP-ribosylation factor-like 8A","1","org.Mm.eg.db","Arl10b","Q8VEH3;Q99KS1;Q9CTB0;Q9DAB3;F6QKK2"
"4930524B17Rik","4930524B17Rik","4930524B17Rik","","RIKEN cDNA 4930524B17 gene","6","org.Mm.eg.db","4930524B17Rik",NA
"Mtf2","Mtf2","Mtf2","MTF2","metal response element binding transcription factor 2","5","org.Mm.eg.db","Mtf2","E9QAD3;Q02395;Q05C61;Q569Z8;Q6PG89;Q8BGP9;Q8BSJ7"
"8430416H19Rik","8430416H19Rik","Acss3","ACSS3","acyl-CoA synthetase short-chain family member 3","10","org.Mm.eg.db","8430416H19Rik","Q14DH7;Q8BZX0"
"Xmr","Xmr","Gm5169;Slx","SYCP3","predicted gene 5169; Sycp3 like X-linked","X","org.Mm.eg.db","Xmr","Q5M8P2;D3Z347"
"9-Sep","9-Sep","","",NA,NA,"org.Mm.eg.db","9-Sep",NA
"1110061N23Rik","1110061N23Rik","Rnf208","RNF208","ring finger protein 208","2","org.Mm.eg.db","1110061N23Rik","A2AI04;B2FDG8;Q8BTC4;Q8K0W3"
"Trpv2","Trpv2","Trpv2","TRPV2","transient receptor potential cation channel, subfamily V, member 2","11","org.Mm.eg.db","Trpv2","Q99K71;Q9WTR1"
"Ttr","Ttr","Ttr","TTR","transthyretin","18","org.Mm.eg.db","Ttr","P07309;Q5M9K1;Q9D6A4"
"Ddx18","Ddx18","Ddx18","DDX18","DEAD box helicase 18","1","org.Mm.eg.db","Ddx18","B2RUM8;Q3MIB0;Q8BVZ2;Q8K363;Q9D2E0"
"Psip1","Psip1","Psip1","PSIP1","PC4 and SFRS1 interacting protein 1","4","org.Mm.eg.db","Psip1","Q99JF8;A2BI12;A2BI10;A2BI11;Q3TEJ7;Q3TTD7;Q3UTA1;Q80WQ7;Q99JF7;Q99LR4;Q9CT03"
"C430014M02Rik","C430014M02Rik","Fkbp15","FKBP15","FK506 binding protein 15","4","org.Mm.eg.db","C430014M02Rik","Q3TSY4;Q5SQG3;Q6P9Q6;Q80TU5;B2RQ18;A0A6I8MWZ0"
"Gjc1","Gjc1","Gjc1;Gjd3","GJC1","gap junction protein, gamma 1; gap junction protein, delta 3","11","org.Mm.eg.db","Gjc1","A0A654IER4;P28229;A0A654IET7;Q80ZH0;Q91YD1"
"Bcas3","Bcas3","Bcas3","BCAS3","BCAS3 microtubule associated cell migration factor","11","org.Mm.eg.db","Bcas3","Q0VF62;Q3TAC0;Q8CC16;Q8CCN5;Q9EPX3;B1AR74"
"Lrp11","Lrp11","Lrp11","LRP11","low density lipoprotein receptor-related protein 11","10","org.Mm.eg.db","Lrp11","D3Z3A7;D3Z2B1;F7AX87;Q8C7Y7;Q8CB67"
"3110079L04Rik","3110079L04Rik","Nup54","NUP54","nucleoporin 54","5","org.Mm.eg.db","3110079L04Rik","Q3TSI2;Q8BTS4;Q8BU42"
"Scoc","Scoc","Scoc","SCOC","short coiled-coil protein","8","org.Mm.eg.db","Scoc","B2RV68;Q32NY7;Q3TJC8;Q58E48;Q5U450;Q78YZ6;Q9WU55"
"Tln","Tln","Icam5","ICAM5","intercellular adhesion molecule 5, telencephalin","9","org.Mm.eg.db","Tln","G5E826;Q2KHL7;Q3UY19;Q60625"
"Gne","Gne","Gne","GNE","glucosamine (UDP-N-acetyl)-2-epimerase/N-acetylmannosamine kinase","4","org.Mm.eg.db","Gne","G3UX23;Q3TCI8;Q8CC83;Q8CCB0;Q91WG8;Q9Z0P6;Q3UW64"
"9130017A15Rik","9130017A15Rik","Pptc7","PPTC7","PTC7 protein phosphatase homolog","5","org.Mm.eg.db","9130017A15Rik","Q3TS53;Q6NVE9;Q8BVC7"
"Aldh9a1","Aldh9a1","Aldh9a1","ALDH9A1","aldehyde dehydrogenase 9, subfamily A1","1","org.Mm.eg.db","Aldh9a1","Q3TG52;Q3V1N7"
"Cxcl16","Cxcl16","Cxcl16","CXCL16","C-X-C motif chemokine ligand 16","11","org.Mm.eg.db","Cxcl16","A2CFE9;I7HIQ2;Q3UD70;Q5F2D5;Q8BSU2;Q8VE25;Q9EPB3"
"Hils1","Hils1","H1f9","H1-9P","H1.9 linker histone","11","org.Mm.eg.db","Hils1","I6TGM1;I6UL39;Q5SWB1;Q9QYL0"
"Tbl1x","Tbl1x","Tbl1x","TBL1X","transducin (beta)-like 1 X-linked","X","org.Mm.eg.db","Tbl1x","Q8BMM0;Q8BYQ4;Q8C0A1;Q9QXE7"
"Asahl","Asahl","Naaa","NAAA","N-acylethanolamine acid amidase","5","org.Mm.eg.db","Asahl","G3XA18;Q3V023;Q5KTC6;Q99KM3;Q9D6B4;Q9D7V9"
"AMACO","AMACO","Vwa2","VWA2","von Willebrand factor A domain containing 2","19","org.Mm.eg.db","AMACO","Q14AY2;Q14BI0;Q3UM88;Q70UZ7;Q8CE01"
"Cflar","Cflar","Cflar","CFLAR","CASP8 and FADD-like apoptosis regulator","1","org.Mm.eg.db","Cflar","A0A2C9F2D9;D3Z0W6;O35707;O35732;O35733;Q812G4;Q5U4G3"
"Ldh1","Ldh1","Ldha","LDHA","lactate dehydrogenase A","7","org.Mm.eg.db","Ldh1","A0A1B0GSX0;Q3TCI7;Q3THB4;Q3TI99;G5E8N5;P06151;Q564E2"
"Yme1l1","Yme1l1","Yme1l1","YME1L1","YME1-like 1 (S. cerevisiae)","2","org.Mm.eg.db","Yme1l1","O88967;Q7TNN5"
"Retn","Retn","Retn","RETN","resistin","8","org.Mm.eg.db","Retn","Q3V2F6;Q5BMX4;Q99P87"
"Dr1","Dr1","Dr1","DR1","down-regulator of transcription 1","5","org.Mm.eg.db","Dr1","Q3UT14;Q91WV0"
"A730019I05Rik","A730019I05Rik","Chd7","CHD7","chromodomain helicase DNA binding protein 7","4","org.Mm.eg.db","A730019I05Rik","A2AJK6;Q3TA86;Q3TAG7;Q3TBU4;Q8C986;Q8K244"
"Rpl15","Rpl15","Rpl15","RPL15","ribosomal protein L15","14","org.Mm.eg.db","Rpl15","Q3U7D2;Q5M8Q0;Q9CWI5;Q9CZM2"
"4933434L15Rik","4933434L15Rik","Gstcd","GSTCD","glutathione S-transferase, C-terminal domain containing","3","org.Mm.eg.db","4933434L15Rik","Q5RL51;Q6P8I1;Q8BXR2;Q8BYY6;Q9CTV2;Q9CUA9;Q9CXU7"
"Trfr2","Trfr2","Tfr2","TFR2","transferrin receptor 2","5","org.Mm.eg.db","Trfr2","Q920I6;Q99MQ9;Q9CPT2;Q9JKX3"
"Ube2b","Ube2b","Ube2b","UBE2B","ubiquitin-conjugating enzyme E2B","11","org.Mm.eg.db","Ube2b","A2RSE4;P63147;Q3TUV9;Q3UGS2"
"Psmb10","Psmb10","Psmb10","PSMB10","proteasome (prosome, macropain) subunit, beta type 10","8","org.Mm.eg.db","Psmb10","O08687;O35955;Q3UNP9;Q4FJX8;Q99KC5"
"Erbb3","Erbb3","Erbb3","ERBB3","erb-b2 receptor tyrosine kinase 3","10","org.Mm.eg.db","Erbb3","Q3KQR1;Q61526;Q68J64;Q810U8;Q8K317"
"Ctso","Ctso","Ctso","CTSO","cathepsin O","3","org.Mm.eg.db","Ctso","Q3TM69;Q4QQL3;Q80V35;Q8BKX0;Q8BM88"
"B230208H17Rik","B230208H17Rik","Rabl6","RABL6","RAB, member RAS oncogene family-like 6","2","org.Mm.eg.db","B230208H17Rik","A2AJB0;Q3TAT5;Q3TRU4;Q5U3K5;Q6PDP8;Q8BFS4;Q8CGJ9"
"4933425I22Rik","4933425I22Rik","Mier1","MIER1","MEIR1 treanscription regulator","4","org.Mm.eg.db","4933425I22Rik","A1L3P9;B1AY29;B1AY34;Q32P49;Q5UAK0;Q5UAK1;Q5UAK2;Q5UAK3;Q6ZPL6;Q9D402;Q8C929"
"Pcna","Pcna","Pcna","PCNA","proliferating cell nuclear antigen","2","org.Mm.eg.db","Pcna","P17918;Q542J9;Q91ZH2"
"Nfe2l2","Nfe2l2","Nfe2l2","NFE2L2","nuclear factor, erythroid derived 2, like 2","2","org.Mm.eg.db","Nfe2l2","Q3UQK0;Q60795"
"Apg4a","Apg4a","Atg4a-ps;Atg4a","ATG4A","autophagy related 4A, pseudogene; autophagy related 4A, cysteine peptidase","X","org.Mm.eg.db","Apg4a","A0A0G2JFS9;A0A7N9VS64;Q5EBK1;Q811B8;Q8C9S8"
"Zfp219","Zfp219","Zfp219","ZNF219","zinc finger protein 219","14","org.Mm.eg.db","Zfp219","Q6IQX8;Q921W9;Q924S6;Q9CVF3;Q4VA98"
"Eif3s6","Eif3s6","Eif3e","EIF3E","eukaryotic translation initiation factor 3, subunit E","15","org.Mm.eg.db","Eif3s6","P60229;Q3UIG0;Q9CT23"
"Gys2","Gys2","Gys2","GYS2","glycogen synthase 2","6","org.Mm.eg.db","Gys2","Q3UTY0;Q8VCB3"
"2610510J17Rik","2610510J17Rik","Cenpn","CENPN","centromere protein N","8","org.Mm.eg.db","2610510J17Rik","Q6PE73;Q8R2W7;Q9CZW2"
"Utx","Utx","Kdm6a","KDM6A","lysine (K)-specific demethylase 6A","X","org.Mm.eg.db","Utx","A2AID2;O70546;Q6DI80;Q7TSG4;Q3TPN3"
"Erh","Erh","Erh","ERH","ERH mRNA splicing and mitosis factor","12","org.Mm.eg.db","Erh","G3UW85;P84089;Q4FZH7"
"Mospd2","Mospd2","Mospd2","MOSPD2","motile sperm domain containing 2","X","org.Mm.eg.db","Mospd2","Q8BYF8;Q8BZB6;Q8C0G1;Q8R0T7;Q9CWP6;B1AU74"
"2610207I16Rik","2610207I16Rik","Hsdl2","HSDL2","hydroxysteroid dehydrogenase like 2","4","org.Mm.eg.db","2610207I16Rik","B1AX78;Q99JH2;Q2TPA8;Q3ULY5;Q3UVZ3;Q8C3H3;Q99LV2"
"D10Ucla1","D10Ucla1","Reep3","REEP3","receptor accessory protein 3","10","org.Mm.eg.db","D10Ucla1","A0A1W2P8A8;Q99KK1;Q9CZM8;Q9D8G3"
"1110032D12Rik","1110032D12Rik","Tmed2","TMED2","transmembrane p24 trafficking protein 2","5","org.Mm.eg.db","1110032D12Rik","Q3U9H7;A2RS53;Q9R0Q3"
"Slc39a7","Slc39a7","Slc39a7","SLC39A7","solute carrier family 39 (zinc transporter), member 7","17","org.Mm.eg.db","Slc39a7","A0A068BIT0;Q14C53;Q31125;Q3TVU6;Q9Z1W1"
"Grasp","Grasp","Tamalin","TAMALIN","trafficking regulator and scaffold protein tamalin","15","org.Mm.eg.db","Grasp","Q9JJA9;Q9JKL0"
"AV312086","AV312086","","",NA,NA,"org.Mm.eg.db","AV312086",NA
"Rerg","Rerg","Rerg","RERG","RAS-like, estrogen-regulated, growth-inhibitor","6","org.Mm.eg.db","Rerg","Q8R367;E9PUF8"
"Tcn2","Tcn2","Tcn2","TCN2","transcobalamin 2","11","org.Mm.eg.db","Tcn2","O88968;Q3TD34;Q3UP69;Q5SQ21"
"Magee1","Magee1","Magee1","MAGEE1","MAGE family member E1","X","org.Mm.eg.db","Magee1","Q6PCZ4;Q8BG82;Q8BQ37;Q99PB2"
"Dhx9","Dhx9","Dhx9","DHX9","DExH-box helicase 9","1","org.Mm.eg.db","Dhx9","E9QNN1;O35931;O54703;O70133;Q5FWY1;Q6R5F7;Q9CSA2;A0A087WPL5"
"2010209O12Rik","2010209O12Rik","Chpf2","CHPF2","chondroitin polymerizing factor 2","5","org.Mm.eg.db","2010209O12Rik","Q3UU43;Q80TE1"
"Rpl29","Rpl29","Rpl29;Gm8210","RPL29","ribosomal protein L29; 60S ribosomal protein L29","9","org.Mm.eg.db","Rpl29","A0A1L1SS27;D3Z1N9;P47915;Q5M8M8"
"Rps3a","Rps3a","Rps3a1","RPS3A","ribosomal protein S3A1","3","org.Mm.eg.db","Rps3a","P97351;Q3U5P8;Q3UAC2;Q3UJU5;Q564F3;Q9D1S3"
"Klra5","Klra5","Klra5","","killer cell lectin-like receptor, subfamily A, member 5","6","org.Mm.eg.db","Klra5","Q548A2;Q60652;Q6IVG1"
"Acyp1","Acyp1","Acyp1","ACYP1","acylphosphatase 1","12","org.Mm.eg.db","Acyp1","E9QJT5;Q8BMV3;P56376;Q0VG40;Q545K8;Q6P8S7"
"Ndufb3","Ndufb3","Ndufb3","NDUFB3","NADH:ubiquinone oxidoreductase subunit B3","1","org.Mm.eg.db","Ndufb3","Q3UUR9;Q9CQZ6;Q9D6H6"
"Capg","Capg","Capg","CAPG","capping actin protein, gelsolin like","6","org.Mm.eg.db","Capg","Q3UJ44;Q99LB4"
"Nkx2-3","Nkx2-3","","",NA,NA,"org.Mm.eg.db","Nkx2-3",NA
"Olfr584","Olfr584","Or52r1c","OR52R1","olfactory receptor family 52 subfamily R member 1C","7","org.Mm.eg.db","Olfr584","Q7TRS0;Q8VGW0"
"Rps14","Rps14","Rps14","RPS14","ribosomal protein S14","18","org.Mm.eg.db","Rps14","O70569;P62264;Q3UJS5;Q544W4"
"Ube4a","Ube4a","Ube4a","UBE4A","ubiquitination factor E4A","9","org.Mm.eg.db","Ube4a","G3X9Y5;Q6A0C5;Q8VDS1;I6L960;E9Q735"
"AI842396","AI842396","","",NA,NA,"org.Mm.eg.db","AI842396",NA
"Cgn","Cgn","Cgn","CGN","cingulin","3","org.Mm.eg.db","Cgn","E9QMC1;P59242;Q05BC4;Q69ZM0;Q6P2K0;D3YUW7;A0A5F8MPT6;Q32NZ7"
"Rgpr","Rgpr","Sec16b","SEC16B","SEC16 homolog B, endoplasmic reticulum export factor","1","org.Mm.eg.db","Rgpr","E9QL61;Q69Z64;Q6PCR8;Q91XT4"
"Irf1","Irf1","Irf1","IRF1","interferon regulatory factor 1","11","org.Mm.eg.db","Irf1","Q3U5M1;Q4FK18;P15314;Q5SX13"
"2810406C15Rik","2810406C15Rik","Ncapd2","NCAPD2","non-SMC condensin I complex, subunit D2","6","org.Mm.eg.db","2810406C15Rik","A0A0R4J0H7;Q6ZQI1;Q8K2Z4;Q8R0F2;Q8R3H0;Q922B7;Q923A3;Q9CS25;Q9CT32"
"Eif5","Eif5","Eif5","EIF5","eukaryotic translation initiation factor 5","12","org.Mm.eg.db","Eif5","P59325;Q3TKY2;Q3TQR3"
"Golph3","Golph3","Golph3","GOLPH3","golgi phosphoprotein 3","15","org.Mm.eg.db","Golph3","A6BLP3;Q99KY1;Q9CRA5;Q9D636"
"2010316F05Rik","2010316F05Rik","Prorsd1","PRORSD1P","prolyl-tRNA synthetase domain containing 1","11","org.Mm.eg.db","2010316F05Rik","A0A0A0MQH9;Q8BFX7;Q9D820"
"A230106M15Rik","A230106M15Rik","Pheta1","PHETA1","PH domain containing endocytic trafficking adaptor 1","5","org.Mm.eg.db","A230106M15Rik","Q8BH49"
"Tlr3","Tlr3","Tlr3","TLR3","toll-like receptor 3","8","org.Mm.eg.db","Tlr3","Q499F3;Q91ZM4;Q99MB1"
"Rpl36a","Rpl36a","Rpl36a","RPL36A","ribosomal protein L36A","X","org.Mm.eg.db","Rpl36a","A0A0A6YW33;P83882;Q5M9P1"
"Nudt1","Nudt1","Nudt1","NUDT1","nudix hydrolase 1","5","org.Mm.eg.db","Nudt1","P53368;P97795;Q542J4;Q8VDG0"
"Cdh2","Cdh2","Cdh2","CDH2","cadherin 2","18","org.Mm.eg.db","Cdh2","P15116;Q64260;Q6GU11;Q8BSI9;D3YYT0"
"Tceal1","Tceal1","Tceal1","TCEAL1","transcription elongation factor A (SII)-like 1","X","org.Mm.eg.db","Tceal1","Q921P9"
"Cggbp1","Cggbp1","Cggbp1","CGGBP1","CGG triplet repeat binding protein 1","16","org.Mm.eg.db","Cggbp1","Q8BHG9;Q8K2K1"
"Arhgap4","Arhgap4","Arhgap4","ARHGAP4","Rho GTPase activating protein 4","X","org.Mm.eg.db","Arhgap4","B1AUY2;Q32MS4;B1AUX5;Q8VHL8;Q80Z68;Q3TE27;Q8BM00"
"Moap1","Moap1","Moap1;Gm20604","MOAP1","modulator of apoptosis 1; predicted gene 20604","12","org.Mm.eg.db","Moap1","Q9ERH6;F8WIA3;J3QMA2"
"Acadm","Acadm","Acadm","ACADM","acyl-Coenzyme A dehydrogenase, medium chain","3","org.Mm.eg.db","Acadm","P45952;Q64235;Q91WS8"
"Pdlim4","Pdlim4","Pdlim4","PDLIM4","PDZ and LIM domain 4","11","org.Mm.eg.db","Pdlim4","Q5SWV3;P70271;Q5SWV2;Q8K0W4"
"Amigo","Amigo","Amigo1","AMIGO1","adhesion molecule with Ig like domain 1","3","org.Mm.eg.db","Amigo","A2AE40;Q69ZQ0;Q80ZD8;Q8R5D4;Q921U9"
"D4Bwg0951e","D4Bwg0951e","Lurap1l","LURAP1L","leucine rich adaptor protein 1-like","4","org.Mm.eg.db","D4Bwg0951e","A2AQI1;Q8K2P1;Q9D150"
"Orc6l","Orc6l","Orc6","ORC6","origin recognition complex, subunit 6","8","org.Mm.eg.db","Orc6l","Q3TQX1;Q66JV6;Q9WUJ8"
"H2-DMa","H2-DMa","H2","","histocompatibility-2, MHC",NA,"org.Mm.eg.db","H2-DMa",NA
"Glud","Glud","Glud1","GLUD1","glutamate dehydrogenase 1","14","org.Mm.eg.db","Glud","P26443;Q8C273"
"Pea15","Pea15","Pea15a","PEA15","proliferation and apoptosis adaptor protein 15A","1","org.Mm.eg.db","Pea15","Q3U5N7;Q62048"
"Slc2a1","Slc2a1","Slc2a1","SLC2A1","solute carrier family 2 (facilitated glucose transporter), member 1","4","org.Mm.eg.db","Slc2a1","Q3TD17;P17809;Q61608;Q6GTI3"
"Mif","Mif","Mif","MIF","macrophage migration inhibitory factor (glycosylation-inhibiting factor)","10","org.Mm.eg.db","Mif","P34884;Q545F0"
"Agt","Agt","Agt","AGT","angiotensinogen","8","org.Mm.eg.db","Agt","A0A5F8MPW1;P11859;Q3UTR7"
"Olfr837","Olfr837","Or7g22","OR7G2","olfactory receptor family 7 subfamily G member 22","9","org.Mm.eg.db","Olfr837","Q7TRG5;Q8VFJ4"
"4921531G14Rik","4921531G14Rik","Emc2","EMC2","ER membrane protein complex subunit 2","15","org.Mm.eg.db","4921531G14Rik","Q6A0D1;Q925K1;Q9CRD2"
"Nfic","Nfic","Nfic","NFIC","nuclear factor I/C","10","org.Mm.eg.db","Nfic","A0A1Y7VK55;O09072;P70255;P70256;Q3U2I9;Q99MA3;Q99MA4;Q99MA5;Q99MA6;Q99MA7;Q99MA8;Q9R1G3;Q3UHA6"
"Nme2","Nme2","Nme2","NME2","NME/NM23 nucleoside diphosphate kinase 2","11","org.Mm.eg.db","Nme2","B0LAA8;Q01768;Q5NC82"
"Entpd1","Entpd1","Entpd1","ENTPD1","ectonucleoside triphosphate diphosphohydrolase 1","19","org.Mm.eg.db","Entpd1","Q8CDV7;Q921Q6;P55772;Q544U5;Q8CEB1"
"Vps4a","Vps4a","Vps4a","VPS4A","vacuolar protein sorting 4A","8","org.Mm.eg.db","Vps4a","Q3TDX2;Q3TXT2;Q8VEJ9"
"Acac","Acac","Acaca","ACACA","acetyl-Coenzyme A carboxylase alpha","11","org.Mm.eg.db","Acac","A2A6H4;Q5SWU6;Q5SWU7;Q5SWU8;Q5SWU9;Q6JIZ1;Q6PHL9;Q705X8;Q705X9;Q91VC8;Q925C4;Q925C5"
"Fusip1","Fusip1","Srsf10","SRSF10","serine and arginine-rich splicing factor 10","4","org.Mm.eg.db","Fusip1","B1AV44;B1AV45;O70307;O88468;Q3TGW7;Q3UXS8;Q8CFZ1;Q9R0T9;Q9R0U0;Q3TFP0;Q3UDH7;Q3UA07"
"Plekhm1","Plekhm1","Plekhm1","PLEKHM1","pleckstrin homology domain containing, family M (with RUN domain) member 1","11","org.Mm.eg.db","Plekhm1","Q3U3L2;Q7TSI1;Q8CHU5"
"Glg1","Glg1","Glg1","GLG1","golgi apparatus protein 1","8","org.Mm.eg.db","Glg1","F8WHM5;Q53WR6;Q61543;Q9QZ40"
"Dlgap4","Dlgap4","Dlgap4","DLGAP4","DLG associated protein 4","2","org.Mm.eg.db","Dlgap4","Q3UCF7;E9PUF2;F6YMR0;B1AZP2;B7ZNS2;B1AZP3;B7ZNS1;Q3KQQ8;Q6PD44;Q6XBF1;Q80TN3;Q8R3U9"
"Ercc4","Ercc4","Ercc4","ERCC4","excision repair cross-complementing rodent repair deficiency, complementation group 4","16","org.Mm.eg.db","Ercc4","O54810;Q8R0I3;Q9QZD4"
"Bat8","Bat8","Ehmt2","EHMT2","euchromatic histone lysine N-methyltransferase 2","17","org.Mm.eg.db","Bat8","A2CG76;Q3U4G9;A2CG75;Q6PE08;Q8K4R6;Q8K4R7;Q9Z148;Q9Z149"
"Ccr4","Ccr4","Noct;Ccr4","NOCT","nocturnin; C-C motif chemokine receptor 4","3;9","org.Mm.eg.db","Ccr4","B2RTJ8;O35710;Q3UEU2;Q9QZG9;P51680;Q14A03"
"Lsm8","Lsm8","Lsm8","LSM8","LSM8 homolog, U6 small nuclear RNA associated","6","org.Mm.eg.db","Lsm8","Q3TIX3;Q6ZWM4"
"C330017I15Rik","C330017I15Rik","Pus7","PUS7","pseudouridylate synthase 7","5","org.Mm.eg.db","C330017I15Rik","Q3ULP8;B7ZNL8;F7AC41;Q3TUC7;Q3UQN6;Q69Z76;Q91VU7"
"Pscd2","Pscd2","Cyth2","CYTH2","cytohesin 2","7","org.Mm.eg.db","Pscd2","Q5HZZ0;Q99KH2;E9QJX3;O89099;P63034;P97695;Q3UP39;A0A1B0GRB2"
"Gucy1b2","Gucy1b2","Gucy1b2","GUCY1B2","guanylate cyclase 1, soluble, beta 2","14","org.Mm.eg.db","Gucy1b2","B2RQD5;E9Q6H0;Q8BXH3;Q6XE41"
"2610318G18Rik","2610318G18Rik","Dram2","DRAM2","DNA-damage regulated autophagy modulator 2","3","org.Mm.eg.db","2610318G18Rik","Q9D835;Q9CR48;Q9D520"
"BC067047","BC067047","Prex1","PREX1","phosphatidylinositol-3,4,5-trisphosphate-dependent Rac exchange factor 1",NA,"org.Mm.eg.db","BC067047","A2A5U1;B2RXQ5;B9EKR4;Q69ZK0;Q6PFD4;Q8BN08"
"1810013C15Rik","1810013C15Rik","Atg2a","ATG2A","autophagy related 2A","19","org.Mm.eg.db","1810013C15Rik","F6V3Y9;Q3U9I1;Q6P4T0;Q6PHN0;Q6ZQC4;Q8R213"
"2610039C10Rik","2610039C10Rik","Mis18a","MIS18A","MIS18 kinetochore protein A","16","org.Mm.eg.db","2610039C10Rik","Q9CXR6;Q9CZJ6"
"Apln","Apln","Apln","APLN","apelin","X","org.Mm.eg.db","Apln","Q544B5;Q9R0R4"
"Ddit3","Ddit3","Ddit3","DDIT3","DNA-damage inducible transcript 3","10","org.Mm.eg.db","Ddit3","P35639;Q3V405;Q91YW9"
"Qk","Qk","Qki","QKI","quaking, KH domain containing RNA binding","17","org.Mm.eg.db","Qk","Q9QYS9;O88972;Q61110;Q78ZE4;Q78ZE5;Q8K4X9;Q8K4Y0;Q9CW34;Q9QUH4;Q9R2A8;Q9Z246"
"AW146242","AW146242","","",NA,NA,"org.Mm.eg.db","AW146242",NA
"Bace2","Bace2","Bace2","BACE2","beta-site APP-cleaving enzyme 2","16","org.Mm.eg.db","Bace2","A0A0R4J0I8;Q3TNS7;Q8C5E9;Q8C793;Q9JL18;Q9R1P7"
"Clybl","Clybl","Clybl","CLYBL","citrate lyase beta like","14","org.Mm.eg.db","Clybl","Q8R4N0;Q9D7D0"
"Arl6ip2","Arl6ip2","Atl2","ATL2","atlastin GTPase 2","17","org.Mm.eg.db","Arl6ip2","Q8BYP9;Q3UX01;Q6PA06;Q7TMM3;E9QND8"
"2810404F18Rik","2810404F18Rik","Cdc42se2","CDC42SE2","CDC42 small effector 2","11","org.Mm.eg.db","2810404F18Rik","Q3UKN9;Q8BGH7"
"Abi2","Abi2","Abi2","ABI2","abl interactor 2","1","org.Mm.eg.db","Abi2","Q6AXD2;Q6AXH6;A0A087WPP8;P62484;A0A087WRS3"
"Kntc1","Kntc1","Kntc1","KNTC1","kinetochore associated 1","5","org.Mm.eg.db","Kntc1","Q6A0B3;Q8C3Y4"
"Arhgap9","Arhgap9","Arhgap9","ARHGAP9","Rho GTPase activating protein 9","10","org.Mm.eg.db","Arhgap9","Q1HDU4;Q3TIR9;Q8C293;Q8QZW8;Q78T58"
"Ppnr","Ppnr","Ppnr","","per-pentamer repeat gene",NA,"org.Mm.eg.db","Ppnr",NA
"D630035O19Rik","D630035O19Rik","Slc51a","SLC51A","solute carrier family 51, alpha subunit","16","org.Mm.eg.db","D630035O19Rik","Q8R000"
"D16Ertd502e","D16Ertd502e","Nit2","NIT2","nitrilase family, member 2","16","org.Mm.eg.db","D16Ertd502e","Q9CTG9;Q9JHW2"
"Smad5","Smad5","Smad5","SMAD5","SMAD family member 5","13","org.Mm.eg.db","Smad5","P70341;P97454;Q810K0"
"Cd68","Cd68","Cd68","CD68","CD68 antigen","11","org.Mm.eg.db","Cd68","A0A0R4J1C8;O54688;O70321;P31996;Q3S4A9;Q5F2A8;Q9DD15"
"4833423E24Rik","4833423E24Rik","Fads2b","FADS2B","fatty acid desaturase 2B","2","org.Mm.eg.db","4833423E24Rik","Q0VAX3"
"Spata13","Spata13","Spata13","SPATA13","spermatogenesis associated 13","14","org.Mm.eg.db","Spata13","B9EHV2;E9Q3I3;B7ZNJ6;E0CYU0;Q3TZ09;Q5DU57"
"Plec1","Plec1","Plec","PLEC","plectin","15","org.Mm.eg.db","Plec1","E9QN87;Q6S384;Q6S388;Q6S389;Q6S394;Q9CS65;Q9QUT2;Q9QXQ8;Q9QXQ9;Q9QXR0;Q9QXR1;Q9QXR2;Q9QXR3;Q9QXR4;Q9QXR5;Q9QXR6;Q9QXR7;Q9QXR8;Q9QXR9;Q9QXS0;Q9QXS1;Q9QXS2;Q9QXS3;Q6S392;Q6S387;E9Q3W4;Q6S390;Q6S393;Q6S385"
"Mint","Mint","Spen;Apba1","SPEN","spen family transcription repressor; amyloid beta precursor protein binding family A member 1","4;19","org.Mm.eg.db","Mint","A2ADB1;Q62504;Q80TN9;Q99PS4;Q9QZW2;A2ADB0;B2RUJ5;Q3UH26;Q3UH49;Q8BMF2"
"Eva","Eva","Mpzl2","MPZL2","myelin protein zero-like 2","9","org.Mm.eg.db","Eva","F6RG10;O70255;Q3TLS6;A0A1L1STN6"
"Pcnp","Pcnp","Pcnp","PCNP","PEST proteolytic signal containing nuclear protein","16","org.Mm.eg.db","Pcnp","Q3UCC5;Q6P8I4;F8WI88"
"Fgfr1op2","Fgfr1op2","Fgfr1op2","FGFR1OP2","FGFR1 oncogene partner 2","6","org.Mm.eg.db","Fgfr1op2","Q9CRA9;Q3TEX1;Q3TW81;Q9D7R0"
"Rassf1","Rassf1","Rassf1","RASSF1","Ras association (RalGDS/AF-6) domain family member 1","9","org.Mm.eg.db","Rassf1","A9YZW8;B0QZV7;Q99MK9;Q9WUF5;Q3UIV8"
"Mpp1","Mpp1","Mpp1","MPP1","membrane protein, palmitoylated","X","org.Mm.eg.db","Mpp1","B7ZCL8;P70290;Q542P4"
"Psma2","Psma2","Psma2","PSMA2","proteasome subunit alpha 2","13","org.Mm.eg.db","Psma2","E9Q3A4;P49722;Q6ZWV8;Q9CZ58"
"4930429M06Rik","4930429M06Rik","Gin1","GIN1","gypsy retrotransposon integrase 1","1","org.Mm.eg.db","4930429M06Rik","Q8K259;Q3TEY8;Q3V2V3;Q8C3X6;Q9CXB6;Q9D5K2"
"Eno1","Eno1","Eno1;Eno1b","ENO1","enolase 1, alpha non-neuron; enolase 1B, retrotransposed","4;18","org.Mm.eg.db","Eno1","Q6PHC1;P17182;Q5FW97;Q5XJG8;Q5XKE1;Q99KT7;Q9DCY7"
"Guca2b","Guca2b","Guca2b","GUCA2B","guanylate cyclase activator 2b","4","org.Mm.eg.db","Guca2b","O09051;Q9QUQ3"
"Mlf2","Mlf2","Mlf2","MLF2","myeloid leukemia factor 2","6","org.Mm.eg.db","Mlf2","Q3UNV7;Q3URS8;Q99KX1"
"Odf2","Odf2","Odf2","ODF2","outer dense fiber of sperm tails 2","2","org.Mm.eg.db","Odf2","A3KGV1;Q3UFG2;V9GXZ0;A3KGV9;A3KGW0;A3KGV5;A3KGV6;O35135;O35496;Q3TH68;Q3UP80;Q6PGI6"
"Nova1","Nova1","Nova1","NOVA1","NOVA alternative splicing regulator 1","12","org.Mm.eg.db","Nova1","A3KMK7;Q8C8B9;Q9JKN6"
"Actn3","Actn3","Actn3","ACTN3","actinin alpha 3","19","org.Mm.eg.db","Actn3","O88990;Q14DS8"
"Hexa","Hexa","Hexa","HEXA","hexosaminidase A","9","org.Mm.eg.db","Hexa","P29416;Q3TW10;Q3U936;Q3UCP6;Q64246;Q8BNS6;Q91XG3"
"Arf1","Arf1","Arf1","ARF1","ARF GTPase 1","11","org.Mm.eg.db","Arf1","P84078;Q3THZ2;Q3U849;Q3UDG1;Q3UF76"
"1500005J14Rik","1500005J14Rik","Fundc1","FUNDC1","FUN14 domain containing 1","X","org.Mm.eg.db","1500005J14Rik","H3BJZ1;H3BJ77;A2BEA3;Q9DB70"
"5430405G24Rik","5430405G24Rik","Gpatch8","GPATCH8","G patch domain containing 8","11","org.Mm.eg.db","5430405G24Rik","A2A6A1;Q80TY1"
"Grin3b","Grin3b","Grin3b","GRIN3B","glutamate receptor, ionotropic, NMDA3B","10","org.Mm.eg.db","Grin3b","Q8VHV0;Q91ZU9"
"Cadps2","Cadps2","Cadps2","CADPS2","Ca2+-dependent activator protein for secretion 2","6","org.Mm.eg.db","Cadps2","E9Q835;A4PI82;A4PI83;A4PI84;A4PI80;A0A0M3HEP6;O08903;Q66JM7;Q6PCL7;Q76I88;Q7TMM6;Q80ZV8;Q8BL25;Q8BY04;Q8BYR5;Q8K3K6;A4PI81"
"Gsh1","Gsh1","Gsx1","GSX1","GS homeobox 1","5","org.Mm.eg.db","Gsh1","B2RQ55;P31315"
"Cyp2b9","Cyp2b9","Cyp2b9","","cytochrome P450, family 2, subfamily b, polypeptide 9","7","org.Mm.eg.db","Cyp2b9","P12790;Q64463"
"D10Jhu81e","D10Jhu81e","Gatd3a","GATD3","glutamine amidotransferase like class 1 domain containing 3A","10","org.Mm.eg.db","D10Jhu81e","A0A1W2P7B6;Q9D172"
"Kng2","Kng2","Kng2","KNG1","kininogen 2","16","org.Mm.eg.db","Kng2","Q6S9I0;Q6S9I2;Q6DMP4;Q6S9I3"
"Trio","Trio","Trio","TRIO","triple functional domain (PTPRF interacting)","15","org.Mm.eg.db","Trio","Q0KL02;Q3U522;Q6P9K6;Q80W23;A0A2I3BRP6"
"Klf15","Klf15","Klf15","KLF15","Kruppel-like transcription factor 15","6","org.Mm.eg.db","Klf15","Q3UQB0;Q9EPW2"
"BC031181","BC031181","BC031181","C18orf32","cDNA sequence BC031181","18","org.Mm.eg.db","BC031181","Q3V3U8;Q91WE4"
"Rplp1","Rplp1","Rplp1","RPLP1","ribosomal protein lateral stalk subunit P1","9","org.Mm.eg.db","Rplp1","P47955;Q58E35"
"Brd4","Brd4","Brd4","BRD4","bromodomain containing 4","17","org.Mm.eg.db","Brd4","Q3UH70;B0V2V7;Q8VHF7;Q8VHF8;Q9ESU6;B2RSE4"
"Tdgf1","Tdgf1","Cripto","","cripto, EGF-CFC family member","9","org.Mm.eg.db","Tdgf1","P51865;Q3UZP8;Q7TQ06"
"1110002B05Rik","1110002B05Rik","Sptssa","SPTSSA","serine palmitoyltransferase, small subunit A","12","org.Mm.eg.db","1110002B05Rik","Q8BHT2;Q8R207"
"2010300G19Rik","2010300G19Rik","Tmem68","TMEM68","transmembrane protein 68","4","org.Mm.eg.db","2010300G19Rik","Q3UGT4;Q8BTV3;Q9D850"
"Bicd2","Bicd2","Bicd2","BICD2","BICD cargo adaptor 2","13","org.Mm.eg.db","Bicd2","Q3TBD4;D3Z390;Q80TU1;Q8BTE3;Q921C5;Q9DCL3"
"Nptxr","Nptxr","Nptxr","NPTXR","neuronal pentraxin receptor","15","org.Mm.eg.db","Nptxr","A0A9R1SP20;B9EIV5;Q99J85"
"Papss1","Papss1","Papss1","PAPSS1","3'-phosphoadenosine 5'-phosphosulfate synthase 1","3","org.Mm.eg.db","Papss1","Q6NZM8;Q3TUA8;Q3U647;Q60967"
"4930511I11Rik","4930511I11Rik","Armc12","ARMC12","armadillo repeat containing 12","17","org.Mm.eg.db","4930511I11Rik","C0IQA5;Q80X86;Q9D564;Q9DAN7"
"BC037112","BC037112","Fam193a","FAM193A","family with sequence homology 193, member A",NA,"org.Mm.eg.db","BC037112","A0A0J9YTZ5;M0QWS6;M0QWZ1;Q8CGI1"
"AW121567","AW121567","Nalf1","NALF1","NALCN channel auxiliary factor 1",NA,"org.Mm.eg.db","AW121567","Q8CCS2;Q149R3"
"Tbc1d10","Tbc1d10","Tbc1d10a","TBC1D10A","TBC1 domain family, member 10a","11","org.Mm.eg.db","Tbc1d10","P58802;Q3US32"
"Dnaja1","Dnaja1","Dnaja1","DNAJA1","DnaJ heat shock protein family (Hsp40) member A1","4","org.Mm.eg.db","Dnaja1","P54102;P63037;Q3TK61;Q5NTY0"
"Gm644","Gm644","Tmem132e","TMEM132E","transmembrane protein 132E","11","org.Mm.eg.db","Gm644","A0A0A0MQ93;A0A494B870;B7ZN59;Q5SUX0;Q6IEE6"
"Melk","Melk","Melk","MELK","maternal embryonic leucine zipper kinase","4","org.Mm.eg.db","Melk","Q3TJF3;Q3TU15;Q3TPU1;Q61804;Q61846;Q6ZQH6"
"Sybl1","Sybl1","Vamp7","VAMP7","vesicle-associated membrane protein 7","X_GL456233v2_random","org.Mm.eg.db","Sybl1","P70280"
"Hprt","Hprt","Hprt1","HPRT1","hypoxanthine phosphoribosyltransferase 1","X","org.Mm.eg.db","Hprt","P00493;Q545Y2"
"4930520C08Rik","4930520C08Rik","Cab39l","CAB39L","calcium binding protein 39-like","14","org.Mm.eg.db","4930520C08Rik","Q8BG52;Q91WB8;Q91YL0;Q9DB16"
"Set","Set","Set","SET","SET nuclear oncogene","2","org.Mm.eg.db","Set","Q9EQU5;A2BE95;Q3T9S3;Q5U445;Q9CY82;Q9D0A9;Q9Z181"
"BC032271","BC032271","Mmgt1","MMGT1","membrane magnesium transporter 1",NA,"org.Mm.eg.db","BC032271","A7UH87;Q8K273"
"Ysg2","Ysg2","Siae","SIAE","sialic acid acetylesterase","9","org.Mm.eg.db","Ysg2","A0A1L1SU77;P70665;Q3TNZ5;Q544V7;Q61044;Q8C902;Q8CBM6;Q8CC41;Q8CEB7;Q922L0"
"Ywhaz","Ywhaz","Ywhaz","YWHAZ","tyrosine 3-monooxygenase/tryptophan 5-monooxygenase activation protein, zeta polypeptide","15","org.Mm.eg.db","Ywhaz","P35215;P63101;P70197;P97286;Q3TSF1;Q5EBQ1"
"2900045N06Rik","2900045N06Rik","Setd5","SETD5","SET domain containing 5","6","org.Mm.eg.db","2900045N06Rik","Q5XJV7;Q80T94;Q8BKD5;Q8BX30"
"Olfr894","Olfr894","Or8c16","","olfactory receptor family 8 subfamily C member 16","9","org.Mm.eg.db","Olfr894","A0A1D5RLT8;E9PYB6;E9PYB7;Q9EQB2"
"F5","F5","F5;Kcnab2","F5","coagulation factor V; potassium voltage-gated channel, shaker-related subfamily, beta member 2","1;4","org.Mm.eg.db","F5","O88783;Q3UTQ2;Q3UV80;Q3U0B0;Q3UPV6;P62482;P97381;Q60942;Q64284;A0A571BEM7;A0A571BF54;E0CXZ9"
"5730403B10Rik","5730403B10Rik","Cdip1","CDIP1","cell death inducing Trp53 target 1","16","org.Mm.eg.db","5730403B10Rik","Q3UD73;Q9CYP1;Q9DB75"
"1110005L13Rik","1110005L13Rik","Sf3b5","SF3B5","splicing factor 3b, subunit 5","10","org.Mm.eg.db","1110005L13Rik","Q8CEW9;Q923D4"
"Arhgap24","Arhgap24","Arhgap24","ARHGAP24","Rho GTPase activating protein 24","5","org.Mm.eg.db","Arhgap24","Q8C4V1;Q8CA50;Q8QZZ0;D3Z5T4;G3X9N1"
"Unc93b","Unc93b","Unc93b1","UNC93B1","unc-93 homolog B1, TLR signaling regulator","19","org.Mm.eg.db","Unc93b","E9Q8P6;Q8VCW4;E9PYK0;O89077;Q3TNR9;Q710D2;Q8CIK1;Q8R3D0"
"Ubqln1","Ubqln1","Ubqln1","UBQLN1","ubiquilin 1","13","org.Mm.eg.db","Ubqln1","Q66K07;Q80V10;Q8C7T4;Q8C835;Q8K141;Q8R317;Q91VI8;Q9D0Z0;Q9QZM1;Q3T992"
"5033406L14Rik","5033406L14Rik","Zdhhc20","ZDHHC20","zinc finger, DHHC domain containing 20","14","org.Mm.eg.db","5033406L14Rik","Q3TDL1;Q5Y5T1;Q8VCL6;Q9D3Q8"
"Nup210","Nup210","Nup210","NUP210","nucleoporin 210","6","org.Mm.eg.db","Nup210","A0A0R4J1I6;Q3U031;Q69ZW2;Q7TQM1;Q9QY81"
"Abcc9","Abcc9","Abcc9","ABCC9","ATP-binding cassette, sub-family C member 9","6","org.Mm.eg.db","Abcc9","E9PUE8;P70170;O08902;O08920;P70171"
"4930405M20Rik","4930405M20Rik","Fam151b","FAM151B","family with sequence similarity 151, member B","13","org.Mm.eg.db","4930405M20Rik","D3YUE4"
"Olfr135","Olfr135","Or2n1c","","olfactory receptor family 2 subfamily N member 1C","17","org.Mm.eg.db","Olfr135","Q8VEY4"
"BC038286","BC038286","Retreg2","RETREG2","reticulophagy regulator family member 2",NA,"org.Mm.eg.db","BC038286","A0A087WPR9;Q6NS82;Q3TA48;Q3TMF7;Q8BSD3;Q8CHY1;Q8R0Q3"
"D15Ertd405e","D15Ertd405e","Tmem106c","TMEM106C","transmembrane protein 106C","15","org.Mm.eg.db","D15Ertd405e","Q80VP8"
"Bzw2","Bzw2","Bzw2","BZW2","basic leucine zipper and W2 domains 2","12","org.Mm.eg.db","Bzw2","Q2L4X1;Q3V199;Q91VK1;Q9D0N4"
"Tns","Tns","Tns1","TNS1","tensin 1","1","org.Mm.eg.db","Tns","A0A087WQS0;A0A1D5RM59;A0A087WQM0;A0A087WQ94;A0A087WRU0;E9Q0S6;A0A6I8MWZ2"
"1200013I08Rik","1200013I08Rik","Rnf6","RNF6","ring finger protein (C3H2C3 type) 6","5","org.Mm.eg.db","1200013I08Rik","B2RRR0;Q8K565;Q9DBU5"
"1300019C06Rik","1300019C06Rik","Naa16","NAA16","N(alpha)-acetyltransferase 16, NatA auxiliary subunit","14","org.Mm.eg.db","1300019C06Rik","Q3U7V2;Q9DBB4"
"2410025L10Rik","2410025L10Rik","Fbrsl1","FBRSL1","fibrosin-like 1","5","org.Mm.eg.db","2410025L10Rik","A0A0G2JDI2;E9Q9T0;A0A571BFB2;A0A0G2JFF2;E9PUB6"
"Nck1","Nck1","Nck1","NCK1","non-catalytic region of tyrosine kinase adaptor protein 1","9","org.Mm.eg.db","Nck1","Q8BH99;O55032;Q99M51;Q9Z279"
"Psmb3","Psmb3","Psmb3","PSMB3","proteasome (prosome, macropain) subunit, beta type 3","11","org.Mm.eg.db","Psmb3","Q545G0;Q9R1P1"
"1810004F21Rik","1810004F21Rik","Spcs1","SPCS1","signal peptidase complex subunit 1 homolog (S. cerevisiae)","14","org.Mm.eg.db","1810004F21Rik","A0A2I3BRW0;Q9D958"
"C030006K11Rik","C030006K11Rik","C030006K11Rik","C8orf82","RIKEN cDNA C030006K11 gene","15","org.Mm.eg.db","C030006K11Rik","Q8BK86;Q8VE95"
"2310014L17Rik","2310014L17Rik","Rnf225","RNF225","ring finger protein 225","7","org.Mm.eg.db","2310014L17Rik","Q9D7D1"
"1700007N18Rik","1700007N18Rik","Ccdc54","CCDC54","coiled-coil domain containing 54","16","org.Mm.eg.db","1700007N18Rik","Q9DAL3"
"C130010K08Rik","C130010K08Rik","Dgki","DGKI","diacylglycerol kinase, iota","6","org.Mm.eg.db","C130010K08Rik","D3Z519;D3YWQ0;D3Z2W1;S4R2G0;S4R215"
"Defb4","Defb4","Defb4","","defensin beta 4","8","org.Mm.eg.db","Defb4","P82019;Q499H9"
"Ifitm2","Ifitm2","Ifitm2","IFITM2","interferon induced transmembrane protein 2","7","org.Mm.eg.db","Ifitm2","Q3TIG4;Q99J93"
"Cdh22","Cdh22","Cdh22","CDH22","cadherin 22","2","org.Mm.eg.db","Cdh22","I7HIP9;Q9WTP5"
"Phb","Phb","Phb1","PHB1","prohibitin 1","11","org.Mm.eg.db","Phb","P24142;P67778;Q3UB75;Q5SQG4"
"Phactr4","Phactr4","Phactr4","PHACTR4","phosphatase and actin regulator 4","4","org.Mm.eg.db","Phactr4","Q501J7;A2ALF7;A2ALG0;F6QNZ3;Q5DTM4;Q6DI97;Q8C7U9"
"Golph4","Golph4","Golim4","GOLIM4","golgi integral membrane protein 4","3","org.Mm.eg.db","Golph4","D3YVW2;Q8BWP9;Q8BXA1"
"End2","End2","Zfp703","ZNF703","zinc finger protein 703","8","org.Mm.eg.db","End2","F6M3K1;P0CL69;E9PXD8"
"1810013B01Rik","1810013B01Rik","Abhd14b","ABHD14B","abhydrolase domain containing 14b","9","org.Mm.eg.db","1810013B01Rik","A0A087WQN8;E9QN99;Q8VCR7"
"Syt9","Syt9","Syt9","SYT9","synaptotagmin IX","7","org.Mm.eg.db","Syt9","Q3U0R7;Q8C280;Q9R0N9"
"Rrm1","Rrm1","Rrm1","RRM1","ribonucleotide reductase M1","7","org.Mm.eg.db","Rrm1","P07742;Q6NZB3;Q91YM8"
"0610011L13Rik","0610011L13Rik","Rhbdd2","RHBDD2","rhomboid domain containing 2","5","org.Mm.eg.db","0610011L13Rik","Q3TT71;Q4G0C4;Q8VEK2"
"Pon2","Pon2","Pon2","PON2","paraoxonase 2","6","org.Mm.eg.db","Pon2","Q3TAD3;Q62086;Q8CFK3"
"Sema6d","Sema6d","Sema6d","SEMA6D","sema domain, transmembrane domain (TM), and cytoplasmic domain, (semaphorin) 6D","2","org.Mm.eg.db","Sema6d","Q76KF0;A2AW73;A2AW72;Q76KF1;Q76KF2;Q76KF3;Q76KF4;Q80TD0;Q8BKG8"
"Pdcd6ip","Pdcd6ip","Pdcd6ip","PDCD6IP","programmed cell death 6 interacting protein","9","org.Mm.eg.db","Pdcd6ip","Q6ZPS9;Q80Y09;O88695;O89014;Q3TED2;Q8BSL8;Q8R0H5;Q99LR3;Q9QZN8;Q9WU78"
"Pcbp4","Pcbp4","Pcbp4","PCBP4","poly(rC) binding protein 4","9","org.Mm.eg.db","Pcbp4","A0A0R4J044;P57724;Q8BP63;Q91VR3"
"Ttrap","Ttrap","Tdp2","TDP2","tyrosyl-DNA phosphodiesterase 2","13","org.Mm.eg.db","Ttrap","A2RTH9;Q3TIU5;Q9JJX7"
"Phf7","Phf7","Phf7","PHF7","PHD finger protein 7","14","org.Mm.eg.db","Phf7","B7ZNN0;A2RTI5;Q6PG81;Q9DAG9;A0A2I3BR08"
"4933434G05Rik","4933434G05Rik","Ccdc57","CCDC57","coiled-coil domain containing 57","11","org.Mm.eg.db","4933434G05Rik","Q6PHN1"
"D7Ertd462e","D7Ertd462e","Ccdc97","CCDC97","coiled-coil domain containing 97","7","org.Mm.eg.db","D7Ertd462e","Q922V3;Q9DBT3"
"9130023D20Rik","9130023D20Rik","Slc38a9","SLC38A9","solute carrier family 38, member 9","13","org.Mm.eg.db","9130023D20Rik","Q80W70;Q8BGD6;Q8C5C3"
"4930504E06Rik","4930504E06Rik","Mindy1","MINDY1","MINDY lysine 48 deubiquitinase 1","3","org.Mm.eg.db","4930504E06Rik","Q76LS9;B7ZMR0;Q3TEF4;Q52KE4;Q566I9;Q6PES4;Q80V14;Q8CB41;Q8CHR2"
"Slc35a4","Slc35a4","Slc35a4","SLC35A4","solute carrier family 35, member A4","18","org.Mm.eg.db","Slc35a4","Q8BMH3;Q99JK8;Q9D0A7;Q9D321"
"Smpdl3a","Smpdl3a","Smpdl3a","SMPDL3A","sphingomyelin phosphodiesterase, acid-like 3A","10","org.Mm.eg.db","Smpdl3a","P70158;Q3U8C2"
"C630007L23Rik","C630007L23Rik","Dmxl1","DMXL1","Dmx-like 1","18","org.Mm.eg.db","C630007L23Rik","F8WGX5;Q3TLG8;Q6PHM6;Q6PNC0;Q8BQF2"
"LOC230872","LOC230872","","",NA,NA,"org.Mm.eg.db","LOC230872",NA
"Kif2a","Kif2a","Kif2a","KIF2A","kinesin family member 2A","13","org.Mm.eg.db","Kif2a","F8VQ42;O54744;P28740;Q91W03;E0CZ72"
"Cnn3","Cnn3","Cnn3","CNN3","calponin 3, acidic","3","org.Mm.eg.db","Cnn3","A0A0G2JDV8;Q3TW23;Q9DAW9"
"Hbxip","Hbxip","Lamtor5","LAMTOR5","late endosomal/lysosomal adaptor, MAPK and MTOR activator 5","3","org.Mm.eg.db","Hbxip","G3UW70"
"Znrd1","Znrd1","Polr1h","POLR1H","RNA polymerase I subunit H","17","org.Mm.eg.db","Znrd1","G3UXD3;Q791N7"
"Lypla2","Lypla2","Lypla2","LYPLA2","lysophospholipase 2","4","org.Mm.eg.db","Lypla2","Q3TJD6;Q9WTL7"
"Wbscr18","Wbscr18","Dnajc30","DNAJC30","DnaJ heat shock protein family (Hsp40) member C30","5","org.Mm.eg.db","Wbscr18","P59041;Q9DBI3"
"Lama4","Lama4","Lama4","LAMA4","laminin, alpha 4","10","org.Mm.eg.db","Lama4","O88785;P70409;P97927;Q14BF2"
"Kcnk7","Kcnk7","Kcnk7","KCNK7","potassium channel, subfamily K, member 7","19","org.Mm.eg.db","Kcnk7","Q3KNZ8;Q9JJ14;A0A494B9E8"
"Ccl22","Ccl22","Ccl22","CCL22","C-C motif chemokine ligand 22","8","org.Mm.eg.db","Ccl22","O88430;Q546S6;Q9QZU2"
"Olfr167","Olfr167","Or2l5","OR2L5","olfactory receptor family 2 subfamily L member 5","16","org.Mm.eg.db","Olfr167","Q8VGJ5"
"Hk1","Hk1","Hk1","HK1","hexokinase 1","10","org.Mm.eg.db","Hk1","Q3TJE3;Q3UPC4;Q6GQU1;G3UVV4;E9PXQ3;P17710;Q61659;Q64476;Q64479"
"2810439K08Rik","2810439K08Rik","Tmem135","TMEM135","transmembrane protein 135","7","org.Mm.eg.db","2810439K08Rik","Q8BSY5;Q8CCZ6;Q8CE78;Q9CYV5"
"AA408451","AA408451","","",NA,NA,"org.Mm.eg.db","AA408451",NA
"4732416F18","4732416F18","Rbbp8nl","RBBP8NL","RBBP8 N-terminal like","2","org.Mm.eg.db","4732416F18","A2ABX0;Q8CEB4"
"Grcc3f","Grcc3f","Lpcat3","LPCAT3","lysophosphatidylcholine acyltransferase 3","6","org.Mm.eg.db","Grcc3f","B1B362;O35131;Q8BNH6;Q91V01"
"Galt","Galt","Galt","GALT","galactose-1-phosphate uridyl transferase","4","org.Mm.eg.db","Galt","Q3TQJ2;A2AMS2;A0A8V5L0N9;Q03249;Q91VQ7;A2AMS3"
"1500004O14Rik","1500004O14Rik","Polr3k","POLR3K","polymerase (RNA) III (DNA directed) polypeptide K","2","org.Mm.eg.db","1500004O14Rik","Q8BU05;Q9CQZ7;Q9D1U1"
"Cul4a","Cul4a","Cul4a","CUL4A","cullin 4A","8","org.Mm.eg.db","Cul4a","Q8R1T2;Q3TCH7;Q3THM3;Q91Z44"
"2610510D13Rik","2610510D13Rik","Hnrnpa3","HNRNPA3","heterogeneous nuclear ribonucleoprotein A3","2","org.Mm.eg.db","2610510D13Rik","B2RXM2;Q0VG47;Q3UZG3;Q5FB19;Q8BG05;Q8BHF8"
"Atp5f1","Atp5f1","Atp5pb","ATP5PB","ATP synthase peripheral stalk-membrane subunit b","3","org.Mm.eg.db","Atp5f1","Q3TJD4;Q3UF04;Q5I0W0;Q9CQQ7"
"V1rc1","V1rc1","Vmn1r10","","vomeronasal 1 receptor 10","6","org.Mm.eg.db","V1rc1","Q8R2C4;W4VSP8"
"Hnrpl","Hnrpl","Hnrnpl","HNRNPL","heterogeneous nuclear ribonucleoprotein L","7","org.Mm.eg.db","Hnrpl","Q3UMT7;G3UY38;O54789;Q499X2;Q8K0S7;Q8R081"
"Btbd1","Btbd1","Btbd1","BTBD1","BTB domain containing 1","7","org.Mm.eg.db","Btbd1","P58544;Q5M8N6;Q6GQU7;Q8BTZ0;Q8K0J0"
"Ppm1f","Ppm1f","Ppm1f","PPM1F","protein phosphatase 1F (PP2C domain containing)","16","org.Mm.eg.db","Ppm1f","Q8CGA0"
"Slc25a1","Slc25a1","Slc25a1","SLC25A1","solute carrier family 25 (mitochondrial carrier, citrate transporter), member 1","16","org.Mm.eg.db","Slc25a1","Q3TDH6;Q8JZU2"
"2310001H12Rik","2310001H12Rik","Zfp932","","zinc finger protein 932","5","org.Mm.eg.db","2310001H12Rik","D3Z1G5;E9QAG8;A0AA74KT52"
"2510042P03Rik","2510042P03Rik","Ift70b","","intraflagellar transport 70B","2","org.Mm.eg.db","2510042P03Rik","B2RXA2;Q3UI02;Q9CY00"
"Osgepl1","Osgepl1","Osgepl1","OSGEPL1","O-sialoglycoprotein endopeptidase-like 1","1","org.Mm.eg.db","Osgepl1","Q3UVG1;Q6PEB4;Q8BLB6;Q9D0N0"
"Tank","Tank","Tank","TANK","TRAF family member-associated Nf-kappa B activator","2","org.Mm.eg.db","Tank","Q3UGW0;Q3TNB4;Q8C2D3;A2AR76;P70347;Q61178;A2AR78"
"Cyp4f13","Cyp4f13","Cyp4f13","CYP4F3","cytochrome P450, family 4, subfamily f, polypeptide 13","17","org.Mm.eg.db","Cyp4f13","B8JK07;Q99KY6;Q99N19"
"Eef1a1","Eef1a1","Eef1a1;Eef1a1-ps1","EEF1A1","eukaryotic translation elongation factor 1 alpha 1; eukaryotic translation elongation factor 1 alpha 1, pseudogene 1","9","org.Mm.eg.db","Eef1a1","P10126;Q3TII3;Q3UA81;Q3UZQ3;Q58E64;Q61511;Q6ZWN2;Q8BMB8;Q8BVS8;Q99KU5"
"Odz3","Odz3","Tenm2;Tenm3","TENM2","teneurin transmembrane protein 2; teneurin transmembrane protein 3","11;8","org.Mm.eg.db","Odz3","B9EJ72;Q5NBW7;Q5NBW8;Q80TJ0;Q9JLC0;Q9QYZ1;Q9WTS5;A0A0A0MQB7;A0A0A0MQ92;A0A2K9QKY6;A0A2K9QKZ0;A0A2K9QL01;A0A2K9QL03;A0A2K9QL04;A0A2K9QL11;A0A2K9QL36;A0A2K9QL87;B7ZNJ5;Q3UVR9;Q3UX72;Q80TD2;Q8BSL5;Q9CSV2;Q9JLC1;Q9WTS6;G3X907"
"Dars","Dars","Dars1","DARS1","aspartyl-tRNA synthetase 1","1","org.Mm.eg.db","Dars","Q8BJY7;Q3TF87;Q3TMC5;Q3U987;Q8BK18;Q922B2"
"ank","ank","Ank","ANKH","progressive ankylosis","15","org.Mm.eg.db","ank","O35138;O35139;Q3UG85;Q8C438;Q9JHZ2"
"Serpinb6a","Serpinb6a","Serpinb6a","SERPINB6","serine (or cysteine) peptidase inhibitor, clade B, member 6a","13","org.Mm.eg.db","Serpinb6a","F8WIV2;Q3U3L3;Q4FJQ6;Q60854"
"D730040F13Rik","D730040F13Rik","Tmem245","TMEM245","transmembrane protein 245","4","org.Mm.eg.db","D730040F13Rik","B1AZA5;D3YWD3;B1AZA8"
"1700007H16Rik","1700007H16Rik","Csl","","citrate synthase like","10","org.Mm.eg.db","1700007H16Rik","Q80X68;Q9DAM4"
"2210404O07Rik","2210404O07Rik","Smim24","SMIM24","small integral membrane protein 24","10","org.Mm.eg.db","2210404O07Rik","Q0VG18"
"2610034E13Rik","2610034E13Rik","Med25","MED25","mediator complex subunit 25","7","org.Mm.eg.db","2610034E13Rik","A0A140LHQ0;A0A140LHG7;Q8VCB2;Q3UDX6;Q3UFQ1;Q6IR27"
"Tpm3","Tpm3","Tpm3","TPM3","tropomyosin 3, gamma","3","org.Mm.eg.db","Tpm3","D3Z2H9;Q58E70;Q8C7C3;P21107;Q09021;Q60606;Q80SW6;Q9EPW3;D3Z6I8;E9Q7Q3;E9Q5J9"
"1700003H21Rik","1700003H21Rik","Necab1","NECAB1","N-terminal EF-hand calcium binding protein 1","4","org.Mm.eg.db","1700003H21Rik","Q80W91;Q8BG18"
"C820005L12Rik","C820005L12Rik","Lrp12","LRP12","low density lipoprotein-related protein 12","15","org.Mm.eg.db","C820005L12Rik","Q8BUJ9;Q8BWM9"
"Atp5c1","Atp5c1","Atp5f1c","ATP5F1C","ATP synthase F1 subunit gamma","2","org.Mm.eg.db","Atp5c1","Q8C2Q8;Q9D9D7;Q9ERA8;A2AKU9;Q3UD06;Q91VR2"
"Glp2r","Glp2r","Glp2r","GLP2R","glucagon-like peptide 2 receptor","11","org.Mm.eg.db","Glp2r","A0A158RFU9;Q5IXF8;Q5SU65"
"Gfra1","Gfra1","Gfra1","GFRA1","glial cell line derived neurotrophic factor family receptor alpha 1","19","org.Mm.eg.db","Gfra1","A0A097BVN3;O35246;O35252;P97785"
"Timeless","Timeless","Timeless","TIMELESS","timeless circadian clock 1","10","org.Mm.eg.db","Timeless","Q9R1X4;Q3U574;Q63ZX9;Q6P204;Q6PDL4;Q7TPV8;Q8R0Q2;Q9R268;Q9Z0E7"
"Brp44l","Brp44l","Mpc1","MPC1","mitochondrial pyruvate carrier 1","17","org.Mm.eg.db","Brp44l","D3YWY6;E9Q0V4;Q9D6B6;P63030;Q3TCV4;Q3UX28;Q9D6C0;Q9JLG5;D3Z5S0"
"Myo1a","Myo1a","Myo1a","MYO1A","myosin IA","10","org.Mm.eg.db","Myo1a","B2RW65;O88329"
"Ntf3","Ntf3","Ntf3;Nutf2","NTF3","neurotrophin 3; nuclear transport factor 2","6;8","org.Mm.eg.db","Ntf3","Q3V1A4;P20181;P61971;Q3TI35;Q3U8H8"
"Mt4","Mt4","Mt4","MT4","metallothionein 4","8","org.Mm.eg.db","Mt4","P47945;Q3V2E2;Q499L1"
"H2afz","H2afz","H2az1","H2AZ1","H2A.Z variant histone 1","3","org.Mm.eg.db","H2afz","Q3UA95;B2RXZ3;P0C0S6;Q3UA55;Q3UK43;Q68FD2"
"5730427N09Rik","5730427N09Rik","Nsa2","NSA2","NSA2 ribosome biogenesis homolog","13","org.Mm.eg.db","5730427N09Rik","A0JNU8;Q5M9P2;Q8BHQ6;Q8BHT0;Q9CR47;Q9CRQ0;Q9CS34;Q9CYK0;Q9JKF9"
"2810408E11Rik","2810408E11Rik","Txndc11","TXNDC11","thioredoxin domain containing 11","16","org.Mm.eg.db","2810408E11Rik","Q3U194;Q8BMR8;Q8K2W3;Q8VCK9"
"Ncbp2","Ncbp2","Ncbp2","NCBP2","nuclear cap binding protein subunit 2","16","org.Mm.eg.db","Ncbp2","A0A1S6GWH9;Q0VF93;Q3UI86;Q9CQ49"
"Cox7b","Cox7b","Cox7b","COX7B","cytochrome c oxidase subunit 7B","X","org.Mm.eg.db","Cox7b","P56393;Q5FW98"
"A930010I20Rik","A930010I20Rik","Dennd2c","DENND2C","DENN domain containing 2C","3","org.Mm.eg.db","A930010I20Rik","E9Q4E4;Q3T9X2;Q3UV30;Q6P9P8;Q80V46"
"1700081L11Rik","1700081L11Rik","Kansl1","KANSL1","KAT8 regulatory NSL complex subunit 1","11","org.Mm.eg.db","1700081L11Rik","A2A5Y5;Q3TT88;Q3U5D8;Q3V3N3;Q7TMU3;Q80TG1;Q80XP7;Q8R3L6;Q9D9G0;A2A5Y4"
"2310007F04Rik","2310007F04Rik","Lce3b","LCE3B","late cornified envelope 3B","3","org.Mm.eg.db","2310007F04Rik","Q9CQM7"
"Clic4","Clic4","Clic4","CLIC4","chloride intracellular channel 4","4","org.Mm.eg.db","Clic4","Q543N5;Q8BMG5;Q9QYB1"
"0","0","","",NA,NA,"org.Mm.eg.db","0",NA
"0610013E23Rik","0610013E23Rik","Rnft1","RNFT1","ring finger protein, transmembrane 1","11","org.Mm.eg.db","0610013E23Rik","Q3U649;Q80X62;Q9DCN7"
"1100001D10Rik","1100001D10Rik","Ankrd13a","ANKRD13A","ankyrin repeat domain 13a","5","org.Mm.eg.db","1100001D10Rik","Q3U0V3;Q2VPQ7;Q6P7F2;Q80UP5"
"1110011F09Rik","1110011F09Rik","Rab1b","RAB1B","RAB1B, member RAS oncogene family","19","org.Mm.eg.db","1110011F09Rik","Q0PD66;Q3U0N1;Q3V3C2;Q9D1G1"
"1110012N22Rik","1110012N22Rik","Myadml2","MYADML2","myeloid-associated differentiation marker-like 2","11","org.Mm.eg.db","1110012N22Rik","Q08AU7;Q5BKP1;Q9D1F1"
"1110014K05Rik","1110014K05Rik","Lce1c","LCE1C","late cornified envelope 1C","3","org.Mm.eg.db","1110014K05Rik","Q9D1C5"
"1110019O13Rik","1110019O13Rik","Letmd1","LETMD1","LETM1 domain containing 1","15","org.Mm.eg.db","1110019O13Rik","Q3TF05;Q3U3M7;Q8BLG9;Q8K1F7;Q8VDS9;Q924L1"
"1110020B03Rik","1110020B03Rik","Pitpnc1","PITPNC1","phosphatidylinositol transfer protein, cytoplasmic 1","11","org.Mm.eg.db","1110020B03Rik","A2A650;A2A651;Q3TBB3;Q3U5F5;Q8BTD8;Q8K4R4;Q8K4R5;A0A0A0MQ88"
"1110028A07Rik","1110028A07Rik","Fitm1","FITM1","fat storage-inducing transmembrane protein 1","14","org.Mm.eg.db","1110028A07Rik","Q80ZL0;Q8CI63;Q91V79;Q9CTD0"
"1110031B11Rik","1110031B11Rik","Lce1e","LCE5A","late cornified envelope 1E","3","org.Mm.eg.db","1110031B11Rik","Q9D139"
"1110032E23Rik","1110032E23Rik","Gask1b","GASK1B","golgi associated kinase 1B","3","org.Mm.eg.db","1110032E23Rik","B3VSA6;Q3UPI1;Q6PGJ9;Q8C781;Q9ET25"
"1110055E19Rik","1110055E19Rik","Flnc","FLNC","filamin C, gamma","6","org.Mm.eg.db","1110055E19Rik","B2RY80;B9EKT2;Q6PAI6;Q8VHX6;Q9JJ38"
"1110055L24Rik","1110055L24Rik","Cd302","CD302","CD302 antigen","2","org.Mm.eg.db","1110055L24Rik","A2AW84;A2AW85;Q78KD8;Q9D0X7;Q9DCG2"
"1110059E24Rik","1110059E24Rik","1110059E24Rik","C9orf85","RIKEN cDNA 1110059E24 gene","19","org.Mm.eg.db","1110059E24Rik","Q9CQ90"
"1190003M12Rik","1190003M12Rik","Gkn3","GKN3P","gastrokine 3","6","org.Mm.eg.db","1190003M12Rik","Q9D0T7"
"1200003C23Rik","1200003C23Rik","Clec14a","CLEC14A","C-type lectin domain family 14, member a","12","org.Mm.eg.db","1200003C23Rik","Q3TP72;Q8VCP9;Q9CXA8;Q9D624;Q9DC55"
"1200009I06Rik","1200009I06Rik","Exoc3l4","EXOC3L4","exocyst complex component 3-like 4","12","org.Mm.eg.db","1200009I06Rik","A0A0R4J0W9;Q6DIA2;Q80UY5;Q9DAX8"
"1200009O22Rik","1200009O22Rik","Tril","TRIL","TLR4 interactor with leucine-rich repeats","6","org.Mm.eg.db","1200009O22Rik","Q80TV0;Q8BKM5;Q9DBY4"
"1200013A08Rik","1200013A08Rik","Mxra8","MXRA8","matrix-remodelling associated 8","4","org.Mm.eg.db","1200013A08Rik","Q76M97;Q920S7;Q9DBV4"
"1200015F23Rik","1200015F23Rik","Rmdn3","RMDN3","regulator of microtubule dynamics 3","2","org.Mm.eg.db","1200015F23Rik","A9UN03;Q3U5Y8;Q3UB61;Q3UJU9;Q6P8M2;Q7TNF2"
"1300007F04Rik","1300007F04Rik","Abhd15","ABHD15","abhydrolase domain containing 15","11","org.Mm.eg.db","1300007F04Rik","B6DQM2;Q3V371;Q5F2F2;Q8C9I5;Q8CF57;Q9CU23"
"1300010M03Rik","1300010M03Rik","Retreg3","RETREG3","reticulophagy regulator family member 3","11","org.Mm.eg.db","1300010M03Rik","Q3TQL8;Q3U9Q7;Q8BQC4;Q922X3;Q9CQV4"
"1300018K11Rik","1300018K11Rik","Cpn2","CPN2","carboxypeptidase N, polypeptide 2","16","org.Mm.eg.db","1300018K11Rik","B2RR89;Q8R113;Q9DBB9"
"1500015O10Rik","1500015O10Rik","Ecrg4","ECRG4","ECRG4 augurin precursor","1","org.Mm.eg.db","1500015O10Rik","Q99LS0;Q9D2U7"
"1500032H18Rik","1500032H18Rik","Mitd1","MITD1","MIT, microtubule interacting and transport, domain containing 1","1","org.Mm.eg.db","1500032H18Rik","Q8VDV8;Q9DB13"
"1500041J02Rik","1500041J02Rik","Coq10b","COQ10B","coenzyme Q10B","1","org.Mm.eg.db","1500041J02Rik","A0A0R4J066;Q3THF9;Q6P6N0;Q9D9R6;G5E8J7"
"1600015H20Rik","1600015H20Rik","Fbln7","FBLN7","fibulin 7","2","org.Mm.eg.db","1600015H20Rik","Q501P1;Q9DAW5"
"1600023A02Rik","1600023A02Rik","Wfdc2","WFDC2","WAP four-disulfide core domain 2","2","org.Mm.eg.db","1600023A02Rik","A2A5G5;Q4FZJ6;Q9DAU7"
"1700001C14Rik","1700001C14Rik","Ing5;Cklf","ING5","inhibitor of growth family, member 5; chemokine-like factor","1;8","org.Mm.eg.db","1700001C14Rik","Q3UL57;Q6P292;Q9CV64;Q9D8Y8;Q9D9V8;A0A1D5RLG8;Q9DAS1;Q3T9V7;Q8BUC3;Q91ZA4;Q923S4;Q923S5"
"1700003E16Rik","1700003E16Rik","1700003E16Rik","C2orf81","RIKEN cDNA 1700003E16 gene","6","org.Mm.eg.db","1700003E16Rik","A0JNU0;Q9DAQ4"
"1700007I06Rik","1700007I06Rik","Efcab9","EFCAB9","EF-hand calcium binding domain 9","11","org.Mm.eg.db","1700007I06Rik","Q9D5P6;Q9DAM2"
"1700019I23Rik","1700019I23Rik","Cdrt4","CDRT4","CMT1A duplicated region transcript 4","11","org.Mm.eg.db","1700019I23Rik","Q9D9Y3;Q9DA64"
"1700021K02Rik","1700021K02Rik","Tbata","TBATA","thymus, brain and testes associated","10","org.Mm.eg.db","1700021K02Rik","Q7TSD4;Q91YF1;B2ZA64;Q6XBG6;Q6XBG7;Q6XBG8;Q7TSD5;Q8BYU0;Q9EQE4;Q9EQE5;G5E8I6"
"1700022L09Rik","1700022L09Rik","Dsn1","DSN1","DSN1 homolog, MIS12 kinetochore complex component","2","org.Mm.eg.db","1700022L09Rik","Q9CYC5;Q9CYF2;Q9DA26"
"1700024P16Rik","1700024P16Rik","Fyb2","FYB2","FYN binding protein 2","4","org.Mm.eg.db","1700024P16Rik","A2A995;B2RQ28;E9PZ08"
"1700025B16Rik","1700025B16Rik","Dnajc17","DNAJC17","DnaJ heat shock protein family (Hsp40) member C17","2","org.Mm.eg.db","1700025B16Rik","A3KGH2;Q8C5R1;Q91WT4"
"1700028N11Rik","1700028N11Rik","Capsl","CAPSL","calcyphosine-like","15","org.Mm.eg.db","1700028N11Rik","A0A2I3BPX5;Q5U5X2;Q6P8Y1;Q9D9U6"
"1700029H14Rik","1700029H14Rik","1700029H14Rik","LOC102723545","RIKEN cDNA 1700029H14 gene","8","org.Mm.eg.db","1700029H14Rik","G3X906;Q9D4A4;Q9D9Y4"
"1700029I01Rik","1700029I01Rik","Znf41-ps","","ZNF41, pseudogene","4","org.Mm.eg.db","1700029I01Rik",NA
"1700063K16Rik","1700063K16Rik","1700063K16Rik","","RIKEN cDNA 1700063K16 gene",NA,"org.Mm.eg.db","1700063K16Rik",NA
"1700096C12Rik","1700096C12Rik","Fbxo4","FBXO4","F-box protein 4","15","org.Mm.eg.db","1700096C12Rik","E9QPM9;Q8CHQ0;Q99JG8"
"1700102P08Rik","1700102P08Rik","1700102P08Rik","C3orf62","RIKEN cDNA 1700102P08 gene","9","org.Mm.eg.db","1700102P08Rik","A0A0R4J0D7;Q6P8V6;Q9D9C7"
"1700129I15Rik","1700129I15Rik","Tmsb15a","TMSB15A","thymosin beta 15a","X","org.Mm.eg.db","1700129I15Rik","Q9D2R9;A2AEH9"
"1810007E14Rik","1810007E14Rik","Phgr1","PHGR1","proline/histidine/glycine-rich 1","2","org.Mm.eg.db","1810007E14Rik","Q8K0G7"
"1810007P19Rik","1810007P19Rik","Oscp1","OSCP1","organic solute carrier partner 1","4","org.Mm.eg.db","1810007P19Rik","A0ZV96;A2A8Y5;Q8BHQ7;Q8BHW2"
"1810045K17Rik","1810045K17Rik","Ufm1","UFM1","ubiquitin-fold modifier 1","3","org.Mm.eg.db","1810045K17Rik","P61961;Q3TLT0;Q542A7"
"1810048P08Rik","1810048P08Rik","Rab43","RAB43","RAB43, member RAS oncogene family","6","org.Mm.eg.db","1810048P08Rik","Q0PD10;Q8CG50;Q91Z34"
"1810054O13Rik","1810054O13Rik","Tmem86a","TMEM86A","transmembrane protein 86A","7","org.Mm.eg.db","1810054O13Rik","Q8C6I3;Q9D8N3"
"2010001C14Rik","2010001C14Rik","Alpi","ALPP","alkaline phosphatase, intestinal","1","org.Mm.eg.db","2010001C14Rik","F8VPQ6;Q0VD75"
"2010003K11Rik","2010003K11Rik","2010003K11Rik","C11orf86","RIKEN cDNA 2010003K11 gene","19","org.Mm.eg.db","2010003K11Rik","A0A678XUL2;Q8VC23;Q9D8F7"
"2010106E10Rik","2010106E10Rik","2010106E10Rik","","RIKEN cDNA 2010106E10 gene","X","org.Mm.eg.db","2010106E10Rik","A2ANY3;Q9D3Q9"
"2010110O04Rik","2010110O04Rik","Ceacam18","CEACAM18","CEA cell adhesion molecule 18","7","org.Mm.eg.db","2010110O04Rik","Q9D871"
"2210401K01Rik","2210401K01Rik","Malat1","MALAT1","metastasis associated lung adenocarcinoma transcript 1 (non-coding RNA)","19","org.Mm.eg.db","2210401K01Rik",NA
"2210404O09Rik","2210404O09Rik","Zfp995","","zinc finger protein 995","17","org.Mm.eg.db","2210404O09Rik","E9Q6M3"
"2210407C18Rik","2210407C18Rik","Lypd8l","","LY6/PLAUR domain containing 8 like","11","org.Mm.eg.db","2210407C18Rik","Q6YI28;Q8VE86"
"2300002A13Rik","2300002A13Rik","Klk10","KLK10","kallikrein related-peptidase 10","7","org.Mm.eg.db","2300002A13Rik","A0A0B6VJJ9;Q99M20"
"2300002O18Rik","2300002O18Rik","Lyg1","LYG1","lysozyme G-like 1","1","org.Mm.eg.db","2300002O18Rik","F8WIW2;Q0VE18;Q9D7Q0"
"2310004N24Rik","2310004N24Rik","Ten1","TEN1","TEN1 telomerase capping complex subunit","11","org.Mm.eg.db","2310004N24Rik","Q9D7K2"
"2310042D19Rik","2310042D19Rik","Perm1","PERM1","PPARGC1 and ESRR induced regulator, muscle 1","4","org.Mm.eg.db","2310042D19Rik","E9QP35;Q149B8;Q8BS19;Q8CB71"
"2310043D08Rik","2310043D08Rik","Knl1","KNL1","kinetochore scaffold 1","2","org.Mm.eg.db","2310043D08Rik","A3KGI3;A3KGI4;Q66JQ7;Q8CCH6;Q9CV38"
"2310057H16Rik","2310057H16Rik","Tubb6","TUBB6","tubulin, beta 6 class V","18","org.Mm.eg.db","2310057H16Rik","Q3U9U3;Q3UMM1;Q922F4"
"2310057J18Rik","2310057J18Rik","2310057J18Rik","C6orf58","RIKEN cDNA 2310057J18 gene","10","org.Mm.eg.db","2310057J18Rik","Q8C6C9;Q8C6D2;Q8C6D6;Q8VDJ0;Q9CPV8;Q9CQ55;Q9D6S4;Q9D745;Q9D775;Q9D7F4;Q9D865"
"2310058J06Rik","2310058J06Rik","Wwtr1","WWTR1","WW domain containing transcription regulator 1","3","org.Mm.eg.db","2310058J06Rik","Q9EPK5;Q3UQ69;Q3UQM0;Q99KI4"
"2310067L16Rik","2310067L16Rik","Col22a1","COL22A1","collagen, type XXII, alpha 1","15","org.Mm.eg.db","2310067L16Rik","E9Q7P1;A0A2R8W6Z9"
"2400010G15Rik","2400010G15Rik","Lmf1","LMF1","lipase maturation factor 1","17","org.Mm.eg.db","2400010G15Rik","Q3TDV1;Q3U3R4;Q8BM33;Q8BY75;Q8VDX3;Q9CWX8;Z4YJR1"
"2410003B16Rik","2410003B16Rik","Palld","PALLD","palladin, cytoskeletal associated protein","8","org.Mm.eg.db","2410003B16Rik","Q9ET54;A0JNZ3;Q69ZT7;Q6DFX7;Q9CWW1;K0BWC3"
"2410004P03Rik","2410004P03Rik","Cimip5","","ciliary microtubule inner protein 5","12","org.Mm.eg.db","2410004P03Rik","D3Z430;A0A087WQY2"
"2410195B05Rik","2410195B05Rik","Kmt5a","KMT5A","lysine methyltransferase 5A","5","org.Mm.eg.db","2410195B05Rik","D3YXI6;Q2YDW7;Q8C0J9;A0A0G2JFK5;E9QNB8"
"2510009E07Rik","2510009E07Rik","2510009E07Rik","C3orf70","RIKEN cDNA 2510009E07 gene","16","org.Mm.eg.db","2510009E07Rik","Q6GQU0;Q8C8Z2"
"2600005O03Rik","2600005O03Rik","Dscc1","DSCC1","DNA replication and sister chromatid cohesion 1","15","org.Mm.eg.db","2600005O03Rik","D3YVY9;Q14AI0;Q4FZL5"
"2610001E17Rik","2610001E17Rik","Ccdc80","CCDC80","coiled-coil domain containing 80","16","org.Mm.eg.db","2610001E17Rik","A1A4B0;Q3V1Y4;Q4VA97;Q6PDE5;Q8C043;Q8R2G6;Q9CRM1;Q9CT39;Q9D6Z4"
"2610002D18Rik","2610002D18Rik","Aunip","AUNIP","aurora kinase A and ninein interacting protein","4","org.Mm.eg.db","2610002D18Rik","B2RR86;E9Q6Z5"
"2610020H15Rik","2610020H15Rik","Gdpd1","GDPD1","glycerophosphodiester phosphodiesterase domain containing 1","11","org.Mm.eg.db","2610020H15Rik","Q9CRY7;Q9CT14;Q9D4X7"
"2610034N03Rik","2610034N03Rik","Isoc1","ISOC1","isochorismatase domain containing 1","18","org.Mm.eg.db","2610034N03Rik","A0A494B952;Q3U677;Q91V64"
"2610036F08Rik","2610036F08Rik","Zfp820","","zinc finger protein 820","17","org.Mm.eg.db","2610036F08Rik","E9Q5G8"
"2610036N15Rik","2610036N15Rik","Nabp2","NABP2","nucleic acid binding protein 2","10","org.Mm.eg.db","2610036N15Rik","E9Q199;Q8R2Y9"
"2610312B22Rik","2610312B22Rik","Zc3h15","ZC3H15","zinc finger CCCH-type containing 15","2","org.Mm.eg.db","2610312B22Rik","Q3TIV5;Q3TWQ0;Q3U855;Q8K2B6;Q8K346;Q9CVM4;Q9DAP2"
"2610511M17Rik","2610511M17Rik","Sipa1l3","SIPA1L3","signal-induced proliferation-associated 1 like 3","7","org.Mm.eg.db","2610511M17Rik","G3X9J0"
"2610529H08Rik","2610529H08Rik","","",NA,NA,"org.Mm.eg.db","2610529H08Rik",NA
"2700017I06Rik","2700017I06Rik","Frmd4a","FRMD4A","FERM domain containing 4A","2","org.Mm.eg.db","2700017I06Rik","B1AXK1;B1AXK2;Q6PDJ4;Q8BIE6;Q8CHA6;Q3TB04;H3BIZ7"
"2700099C18Rik","2700099C18Rik","2700099C18Rik","","NDC80 homolog, kinetochore complex component pseudogene","17","org.Mm.eg.db","2700099C18Rik",NA
"2810006K23Rik","2810006K23Rik","Mtrfr","MTRFR","mitochondrial translation release factor in rescue","5","org.Mm.eg.db","2810006K23Rik","Q3US94;Q80VP5;Q8BYK3;Q9CSJ6"
"2810040O04Rik","2810040O04Rik","Zfp618","ZNF618","zinc finger protein 618","4","org.Mm.eg.db","2810040O04Rik","F8WIU3;Q69Z57;Q80YY7;Q80YY8;Q9CZ99"
"2810051F02Rik","2810051F02Rik","Airn","AIRN","antisense Igf2r RNA","17","org.Mm.eg.db","2810051F02Rik",NA
"2810407C02Rik","2810407C02Rik","Selenot","SELENOT","selenoprotein T","3","org.Mm.eg.db","2810407C02Rik","A2RTC6;P62342;Q8CHV4"
"2810433K01Rik","2810433K01Rik","Ska1","SKA1","spindle and kinetochore associated complex subunit 1","18","org.Mm.eg.db","2810433K01Rik","A0A0R4J0M5;Q005W7;Q8VE34;Q9CPV1;Q9CYW9"
"2810438M17Rik","2810438M17Rik","Zfp28","ZFP28","zinc finger protein 28","7","org.Mm.eg.db","2810438M17Rik","P10078;Q61776;Q8BT11;Q8C836"
"2810446P07Rik","2810446P07Rik","Tmem161b","TMEM161B","transmembrane protein 161B","13","org.Mm.eg.db","2810446P07Rik","A0A286YCA7;Q8BT72;Q8C2L6"
"2810455B10Rik","2810455B10Rik","Pard3b","PARD3B","par-3 family cell polarity regulator beta","1","org.Mm.eg.db","2810455B10Rik","Q5SV53;Q5SV55;Q9CSB4"
"2810455K09Rik","2810455K09Rik","Zfp839","ZNF839","zinc finger protein 839","12","org.Mm.eg.db","2810455K09Rik","A0A1Y7VNF0;B2RWW3;E9PUU5"
"2810457I06Rik","2810457I06Rik","Ubash3b","UBASH3B","ubiquitin associated and SH3 domain containing, B","9","org.Mm.eg.db","2810457I06Rik","Q3U8Z2;Q8BGG7;Q8BMW9"
"2900024O10Rik","2900024O10Rik","Mblac2","MBLAC2","metallo-beta-lactamase domain containing 2","13","org.Mm.eg.db","2900024O10Rik","G3X997;Q8BL86"
"2900054P12Rik","2900054P12Rik","Ccser2","CCSER2","coiled-coil serine rich 2","14","org.Mm.eg.db","2900054P12Rik","Q3UHI0;S4R211;S4R2U3;B2RT11;Q2NKY3;Q3TA20;Q6ZPX3;Q9DAD5;A0A0R4J2A7"
"2900073G15Rik","2900073G15Rik","Myl12a","MYL12B","myosin, light chain 12A, regulatory, non-sarcomeric","17","org.Mm.eg.db","2900073G15Rik","Q9D6E6;Q6ZWQ9"
"3000002C10Rik","3000002C10Rik","3000002C10Rik","","glyceraldehyde-3-phosphate dehydrogenase pseudogene","9","org.Mm.eg.db","3000002C10Rik",NA
"4-Sep","4-Sep","","",NA,NA,"org.Mm.eg.db","4-Sep",NA
"4432412D15Rik","4432412D15Rik","Tmed5","TMED5","transmembrane p24 trafficking protein 5","5","org.Mm.eg.db","4432412D15Rik","D3Z615;Q3V440;Q3U9T7;A2RS96;Q3TDS6;Q8VCE7;Q9CXE7"
"4631422C13Rik","4631422C13Rik","Cep192","CEP192","centrosomal protein 192","18","org.Mm.eg.db","4631422C13Rik","E9Q4Y4"
"4632413K17Rik","4632413K17Rik","Os9","OS9","amplified in osteosarcoma","10","org.Mm.eg.db","4632413K17Rik","Q8K2C7;Q922S5"
"4632417K18Rik","4632417K18Rik","Fam111a","FAM111A","family with sequence similarity 111, member A","19","org.Mm.eg.db","4632417K18Rik","D3YYD2;Q3UQF7;Q3T9N2;Q8BLH2;Q8CI07;Q8VE75;Q9CU11;Q9D2L9"
"4632419K20Rik","4632419K20Rik","Fhip1b","FHIP1B","FHF complex subunit HOOK interacting protein 1B","7","org.Mm.eg.db","4632419K20Rik","F8WHJ1;Q3TWF5;Q3U2I3;Q6P543;Q80T93;Q811J6;Q8BI34;Q8VE55;A0A1C7CYU5"
"4632428N05Rik","4632428N05Rik","Vsir","VSIR","V-set immunoregulatory receptor","10","org.Mm.eg.db","4632428N05Rik","A3RLQ7;E9PUF5;Q6KAT9;Q9D659;A0A171EBK7"
"4732415M23Rik","4732415M23Rik","Spata33","SPATA33","spermatogenesis associated 33","8","org.Mm.eg.db","4732415M23Rik","Q8C624;A0A1D5RLP4;A0A1D5RLV5"
"4732495E13Rik","4732495E13Rik","Tmem184b","TMEM184B","transmembrane protein 184b","15","org.Mm.eg.db","4732495E13Rik","Q3TY97;Q8BG09;Q8BJ02;A0A2I3BQI5;A0A2R8VI00"
"4732496O19Rik","4732496O19Rik","Magi3","MAGI3","membrane associated guanylate kinase, WW and PDZ domain containing 3","3","org.Mm.eg.db","4732496O19Rik","B0V3N7;B0V3N8;G5E8T6;Q69ZE1;Q8C0P8;Q9EQJ9"
"4832426G23Rik","4832426G23Rik","Myh8","MYH8","myosin, heavy polypeptide 8, skeletal muscle, perinatal","11","org.Mm.eg.db","4832426G23Rik","B2RWW8;P13542;Q5SX36"
"4833426H19Rik","4833426H19Rik","Pnpla5","PNPLA5","patatin-like phospholipase domain containing 5","15","org.Mm.eg.db","4833426H19Rik","Q32LZ8;Q9D603"
"4921508O11Rik","4921508O11Rik","Glipr1l2","GLIPR1L2","GLI pathogenesis-related 1 like 2","10","org.Mm.eg.db","4921508O11Rik","Q9CQ35;Q148R1;Q3TTM5"
"4921511D23Rik","4921511D23Rik","Spag16","SPAG16","sperm associated antigen 16","1","org.Mm.eg.db","4921511D23Rik","Q8K450;Q0VBE7;Q8C450;Q9CPU8;Q9D522"
"4921513O04","4921513O04","Gdpd4","GDPD4","glycerophosphodiester phosphodiesterase domain containing 4","7","org.Mm.eg.db","4921513O04","B2RU67;Q3TT99;Q8BI25"
"4921537P18Rik","4921537P18Rik","Ankrd69","","ankyrin repeat domain 69","8","org.Mm.eg.db","4921537P18Rik","A0A1B0GRY3;Q9D5D4;Q9D5M0;A5H0M4;Q9CUQ9;A0A1B0GS20"
"4930401A09Rik","4930401A09Rik","Ttc23l","TTC23L","tetratricopeptide repeat domain 23-like","15","org.Mm.eg.db","4930401A09Rik","A0A338P6B7;A3KMM7;A6H6E9;Q9D5Q3"
"4930412F15Rik","4930412F15Rik","Fam221b","FAM221B","family with sequence similarity 221, member B","4","org.Mm.eg.db","4930412F15Rik","Q0VD71;Q8BGP2;Q8C627"
"4930422J18Rik","4930422J18Rik","Spsb1","SPSB1","splA/ryanodine receptor domain and SOCS box containing 1","4","org.Mm.eg.db","4930422J18Rik","Q5FWI0;Q8BJA4;Q9D5L7"
"4930428J16Rik","4930428J16Rik","Ptar1","PTAR1","protein prenyltransferase alpha subunit repeat containing 1","19","org.Mm.eg.db","4930428J16Rik","A0A494B9V8"
"4930430E16Rik","4930430E16Rik","Fam161a","FAM161A","family with sequence similarity 161, member A","11","org.Mm.eg.db","4930430E16Rik","A0A991D8A3;B1AVK0;Q8QZV6;A0A140LHD1;Q3V043"
"4930469P12Rik","4930469P12Rik","Etfrf1","ETFRF1","electron transfer flavoprotein regulatory factor 1","6","org.Mm.eg.db","4930469P12Rik","B2KFC1;Q675B1;Q8VDL7;Q91V16"
"4930542G03Rik","4930542G03Rik","Tubb4b","TUBB4B","tubulin, beta 4B class IVB","2","org.Mm.eg.db","4930542G03Rik","P68372;Q3TKF0;Q3U9U3;Q3UJ73;Q99JZ6"
"4930550B20Rik","4930550B20Rik","Usp45","USP45","ubiquitin specific petidase 45","4","org.Mm.eg.db","4930550B20Rik","Q8K387;A2AJT1;Q8BU19;Q8BZ19"
"4931406H21Rik","4931406H21Rik","4931406H21Rik","","RIKEN cDNA 4931406H21 gene","14","org.Mm.eg.db","4931406H21Rik",NA
"4931417E11Rik","4931417E11Rik","Jkampl","JKAMP","JNK1/MAPK8 associated membrane protein like","6","org.Mm.eg.db","4931417E11Rik","Q9CR05"
"4932409F11Rik","4932409F11Rik","Phf14","PHF14","PHD finger protein 14","6","org.Mm.eg.db","4932409F11Rik","Q810Z6;Q8C284;Q8CGF8;Q9D1Q8;Q9D4H9;G5E8S0"
"4932441K18","4932441K18","","",NA,NA,"org.Mm.eg.db","4932441K18",NA
"4933414G08","4933414G08","Spata21","SPATA21","spermatogenesis associated 21","4","org.Mm.eg.db","4933414G08","Q8BHW6"
"4933424A10Rik","4933424A10Rik","Map7d3","MAP7D3","MAP7 domain containing 3","X","org.Mm.eg.db","4933424A10Rik","A2AEY4;Q0VF65;Q8C7V9;Q8C857;Q8CDD4"
"4933428G20Rik","4933428G20Rik","4933428G20Rik","","RIKEN cDNA 4933428G20 gene","11","org.Mm.eg.db","4933428G20Rik",NA
"5330421F07Rik","5330421F07Rik","Nav2","NAV2","neuron navigator 2","7","org.Mm.eg.db","5330421F07Rik","V9GXT3;V9GX91"
"5330440M15Rik","5330440M15Rik","Gpbp1l1","GPBP1L1","GC-rich promoter binding protein 1-like 1","4","org.Mm.eg.db","5330440M15Rik","Q6NZP2;Q8BHW7;Q8BI03;Q8K2H8;Q9CTV6"
"5430407P10Rik","5430407P10Rik","Proser2","PROSER2","proline and serine rich 2","2","org.Mm.eg.db","5430407P10Rik","Q3V1L9;Q8C5R2;Q8R017;Q8R2Z9"
"5430416O09Rik","5430416O09Rik","Spaar","SPAAR","small regulatory polypeptide of amino acid response","4","org.Mm.eg.db","5430416O09Rik","A0A1B0GSZ0"
"5430425C04Rik","5430425C04Rik","Ano9","ANO9","anoctamin 9","7","org.Mm.eg.db","5430425C04Rik","P86044"
"5730454B08Rik","5730454B08Rik","Zc3h11a","ZC3H11A","zinc finger CCCH type containing 11A","1","org.Mm.eg.db","5730454B08Rik","Q3TIV2;Q3UL31;Q6NXW9;Q6NZF1;Q6PDR6;Q80TU7;Q8C5L5;Q99JN6"
"5730455A04Rik","5730455A04Rik","Glt1d1","GLT1D1","glycosyltransferase 1 domain containing 1","5","org.Mm.eg.db","5730455A04Rik","A4FUP9;Q8BWP4"
"5730455P16Rik","5730455P16Rik","5730455P16Rik","C17orf75","RIKEN cDNA 5730455P16 gene","11","org.Mm.eg.db","5730455P16Rik","A0PJK9;Q7TMQ9;Q9CYI0;Q3TUY5"
"5730493B19Rik","5730493B19Rik","5730493B19Rik","","RIKEN cDNA 5730493B19 gene",NA,"org.Mm.eg.db","5730493B19Rik",NA
"5730521P14Rik","5730521P14Rik","Ankrd26","ANKRD26","ankyrin repeat domain 26","6","org.Mm.eg.db","5730521P14Rik","D3Z482;Q69ZS2;Q811D2;Q9CS61"
"5730547N13Rik","5730547N13Rik","Oip5","OIP5","Opa interacting protein 5","2","org.Mm.eg.db","5730547N13Rik","A2AQ14;Q14AW4;Q14BH1"
"5830415L20Rik","5830415L20Rik","Fam133b","FAM133B","family with sequence similarity 133, member B","5","org.Mm.eg.db","5830415L20Rik","B2RVR0;Q78HY5;Q9CVI2"
"5830445C04Rik","5830445C04Rik","N6amt1","N6AMT1","N-6 adenine-specific DNA methyltransferase 1 (putative)","16","org.Mm.eg.db","5830445C04Rik","Q6PRU9;Q6SKR2;A0A4W7N3B2;D3Z6J0;E9PXT7;Q4KMV5"
"5830461H18Rik","5830461H18Rik","Rap2a","RAP2A","RAS related protein 2a","14","org.Mm.eg.db","5830461H18Rik","Q3USK1;Q7TSK4;Q80ZJ1;Q810A2;Q9D3D5"
"5830482G23Rik","5830482G23Rik","Las1l","LAS1L","LAS1-like (S. cerevisiae)","X","org.Mm.eg.db","5830482G23Rik","A2BE28;A2BE30;Q6KAR5;Q8C742"
"6230427J02Rik","6230427J02Rik","Inka1","INKA1","inka box actin regulator 1","9","org.Mm.eg.db","6230427J02Rik","Q08EG3;Q80WB2;Q8BPE9;Q9CX62"
"6330416L07Rik","6330416L07Rik","Zfp944","","zinc finger protein 944","17","org.Mm.eg.db","6330416L07Rik","E9PUS4"
"6430401A05Rik","6430401A05Rik","Tceal5","TCEAL5","transcription elongation factor A (SII)-like 5","X","org.Mm.eg.db","6430401A05Rik","Q14C38;Q497R6;Q8CCT4"
"6530403A03Rik","6530403A03Rik","Snrnp48","SNRNP48","small nuclear ribonucleoprotein 48 (U11/U12)","13","org.Mm.eg.db","6530403A03Rik","Q8BIU0;Q8BJ30;Q8CFF6;Q8VDQ5;Q9CSG3;Q9CVM5;Q9D361"
"7-Sep","7-Sep","","",NA,NA,"org.Mm.eg.db","7-Sep",NA
"9.13E+10","9.13E+10","","",NA,NA,"org.Mm.eg.db","9.13E+10",NA
"9030623C06Rik","9030623C06Rik","Krt20","KRT20","keratin 20","11","org.Mm.eg.db","9030623C06Rik","Q6PG82;Q9D312"
"9030625G08Rik","9030625G08Rik","Thap2","THAP2","THAP domain containing, apoptosis associated protein 2","10","org.Mm.eg.db","9030625G08Rik","Q9D305"
"9130009C22Rik","9130009C22Rik","Ifih1","IFIH1","interferon induced with helicase C domain 1","2","org.Mm.eg.db","9130009C22Rik","D2CGM5;A2AUY7;D2CGM4;Q3U6S2;Q68EM4;Q8BYC9;Q8BZ01;Q8K5C7;Q8R144;Q8R5F7;Q8VE79;Q99KS4;Q9D2Z5"
"9130017C17Rik","9130017C17Rik","Snx20","SNX20","sorting nexin 20","8","org.Mm.eg.db","9130017C17Rik","A0A0R4J0D0;Q3U0B6;Q544B6;Q8CHQ3;Q9D2Y5"
"9130209A04Rik","9130209A04Rik","9130209A04Rik","","RIKEN cDNA 9130209A04 gene","18","org.Mm.eg.db","9130209A04Rik",NA
"9130214H05Rik","9130214H05Rik","Slc17a4","SLC17A4","solute carrier family 17 (sodium phosphate), member 4","13","org.Mm.eg.db","9130214H05Rik","B9EJP0;Q5NCM1;A0A2C9F2D4"
"9230106F14Rik","9230106F14Rik","Abcb5","ABCB5","ATP-binding cassette, sub-family B member 5","12","org.Mm.eg.db","9230106F14Rik","B5X0E4;W5QLL5"
"9430093N24Rik","9430093N24Rik","Ccbe1","CCBE1","collagen and calcium binding EGF domains 1","18","org.Mm.eg.db","9430093N24Rik","A7MCU5;Q3MI99;Q5DTT5;Q8BFW1;Q8BMT1"
"9530008L14Rik","9530008L14Rik","Adtrp","ADTRP","androgen dependent TFPI regulating protein","13","org.Mm.eg.db","9530008L14Rik","D3Z6U0;Q3UXS3;Q8C138;Q8K180;A0A0R4J0W3"
"9530019H02Rik","9530019H02Rik","Rab35","RAB35","RAB35, member RAS oncogene family","5","org.Mm.eg.db","9530019H02Rik","Q3U0T9;Q6PHN9"
"9530058O11Rik","9530058O11Rik","Sgms1","SGMS1","sphingomyelin synthase 1","19","org.Mm.eg.db","9530058O11Rik","Q3UIS8;Q5J3R0;Q8C464;Q8C583;Q8C652;Q8VCQ6;A0A494BA77;E3W996"
"9630025I22Rik","9630025I22Rik","Mfsd6","MFSD6","major facilitator superfamily domain containing 6","1","org.Mm.eg.db","9630025I22Rik","D3Z183;Q8C8K4;Q8CBH5;Q8VIG4"
"9630050M13Rik","9630050M13Rik","Fam171a1","FAM171A1","family with sequence similarity 171, member A1","2","org.Mm.eg.db","9630050M13Rik","A2ATK9;A2ATL1;A2ATL0;A2ATK8"
"9930023K05Rik","9930023K05Rik","Plekhs1","PLEKHS1","pleckstrin homology domain containing, family S member 1","19","org.Mm.eg.db","9930023K05Rik","Q8BW88;E9QMW0;Q5EAT4;Q8BZ18;Q8R5A9"
"A130052D22","A130052D22","Taok3","TAOK3","TAO kinase 3","5","org.Mm.eg.db","A130052D22","B2RY27;Q3V3B3;Q8BYC6"
"A130081B01","A130081B01","Zfp781b","","zinc finger protein 781B","10","org.Mm.eg.db","A130081B01","Q0P5U5"
"A230046K03Rik","A230046K03Rik","Washc4","WASHC4","WASH complex subunit 4","10","org.Mm.eg.db","A230046K03Rik","Q3TTQ9;Q3UMB9;Q6ZPZ7;Q8CAK8;Q8CGK0"
"A230072C01Rik","A230072C01Rik","A230072C01Rik","","RIKEN cDNA A230072C01 gene","X","org.Mm.eg.db","A230072C01Rik",NA
"A530017F20","A530017F20","Gm2447","","predicted gene 2447","3","org.Mm.eg.db","A530017F20",NA
"A530024P18Rik","A530024P18Rik","Xirp2","XIRP2","xin actin-binding repeat containing 2","2","org.Mm.eg.db","A530024P18Rik","A0A5F8MPR4;A1ECA5;A2AVA2;B2BBR6;Q4U4S6;Q5S4P6;Q5S4P7;Q5S4P8;Q8BS23"
"A630056B21Rik","A630056B21Rik","Zfp574","ZNF574","zinc finger protein 574","7","org.Mm.eg.db","A630056B21Rik","Q3TDE5;Q3UNU1;Q8BKB5;Q8BY46"
"A730024F05Rik","A730024F05Rik","Tmx3","TMX3","thioredoxin-related transmembrane protein 3","18","org.Mm.eg.db","A730024F05Rik","Q3US84;Q6PGA1;Q6ZPH5;Q8BXZ1;Q8BZB8"
"A930008A22Rik","A930008A22Rik","Gramd1b","GRAMD1B","GRAM domain containing 1B","9","org.Mm.eg.db","A930008A22Rik","A0A1D5RLT6;D3YWR0;Q6NS56;Q80TI0;Q8BZZ1;Q9CTQ2;A0A1L1SQ42"
"A930014I12Rik","A930014I12Rik","Esco1","ESCO1","establishment of sister chromatid cohesion N-acetyltransferase 1","18","org.Mm.eg.db","A930014I12Rik","B9EKQ9;Q3ULS5;Q69Z69;Q8BQI2;Q8BR47;Q922F5;Q3UKT9"
"A930033C01Rik","A930033C01Rik","Rimbp2","RIMBP2","RIMS binding protein 2","5","org.Mm.eg.db","A930033C01Rik","B9EKT4;D3YXR8;E9QPF5;Q80U40;A0A0G2JFB0;A0A571BDA2;A0A0G2JGW5"
"Aard","Aard","Aard","AARD","alanine and arginine rich domain containing protein","15","org.Mm.eg.db","Aard","Q811W1;Q8BL45"
"AB041550","AB041550","Efcc1","EFCC1","EF hand and coiled-coil domain containing 1",NA,"org.Mm.eg.db","AB041550","Q9JJF6;A0A0A0MQ84;B9EIH1"
"Abcd2","Abcd2","Abcd2","ABCD2","ATP-binding cassette, sub-family D member 2","15","org.Mm.eg.db","Abcd2","Q3TU16;A0A0R4J0U5;Q61285;Q8BQ63;Q8C4B6"
"Abcg4","Abcg4","Abcg4","ABCG4","ATP binding cassette subfamily G member 4","9","org.Mm.eg.db","Abcg4","Q8BXW2;Q8K4E1;Q8VBS9;Q91WA9;Q8R1U5"
"Abcg5","Abcg5","Abcg5","ABCG5","ATP binding cassette subfamily G member 5","17","org.Mm.eg.db","Abcg5","Q540E8;Q7TSR8;Q99PE8"
"Abhd3","Abhd3","Abhd3","ABHD3","abhydrolase domain containing 3","18","org.Mm.eg.db","Abhd3","A0A452J888;Q3UNF7;Q91ZH7"
"Ace2","Ace2","Ace2","ACE2","angiotensin converting enzyme 2","X","org.Mm.eg.db","Ace2","C7ECU2;Q3URC9;Q8R0I0;Q99N70;Q99N71"
"Aco2","Aco2","Aco2","ACO2","aconitase 2, mitochondrial","15","org.Mm.eg.db","Aco2","Q3UDK9;Q3ULG9;Q3UNH7;Q505P4;Q99KI0"
"Actr6","Actr6","Actr6","ACTR6","ARP6 actin-related protein 6","10","org.Mm.eg.db","Actr6","A0A0R4J009"
"Acvrinp1","Acvrinp1","Magi2","MAGI2","membrane associated guanylate kinase, WW and PDZ domain containing 2","5","org.Mm.eg.db","Acvrinp1","Q80TU0;Q3UH81;Q6GT88;Q8BYT1;Q8CA85;Q9WVQ1;A0A0G2JE00;A0A0G2JEG6;A0A140LHL1"
"Acyp2","Acyp2","Acyp2","ACYP2","acylphosphatase 2, muscle type","11","org.Mm.eg.db","Acyp2","P56375;Q5SPV7;Q8BQX2"
"Adh6a","Adh6a","Adh6a","","alcohol dehydrogenase 6A (class V)","3","org.Mm.eg.db","Adh6a","A1L3C0;E9Q5Z6"
"Adnp","Adnp","Adnp","ADNP","activity-dependent neuroprotective protein","2","org.Mm.eg.db","Adnp","A2BDX0;Q3UYC8;Q9Z103;Q5RKY4"
"Adrb1","Adrb1","Adrb1","ADRB1","adrenergic receptor, beta 1","19","org.Mm.eg.db","Adrb1","B2RVY4;P34971;Q9CRR2"
"AF119384","AF119384","Vamp5","VAMP5","vesicle-associated membrane protein 5",NA,"org.Mm.eg.db","AF119384","Q5M9K2;Q791P0;Q9Z2P8"
"AF366264","AF366264","","",NA,NA,"org.Mm.eg.db","AF366264",NA
"Afmid","Afmid","Afmid","AFMID","arylformamidase","11","org.Mm.eg.db","Afmid","B1AQL0;B1AQK9;Q80XP3;Q8K4H1;Q8R1K6"
"Agc1","Agc1","Acan","ACAN","aggrecan","7","org.Mm.eg.db","Agc1","E9QLS9;Q61282;Q64021"
"AI317395","AI317395","","",NA,NA,"org.Mm.eg.db","AI317395",NA
"AI450713","AI450713","","",NA,NA,"org.Mm.eg.db","AI450713",NA
"AI606181","AI606181","AI606181","","expressed sequence AI606181",NA,"org.Mm.eg.db","AI606181",NA
"AI648866","AI648866","","",NA,NA,"org.Mm.eg.db","AI648866",NA
"AI788959","AI788959","","",NA,NA,"org.Mm.eg.db","AI788959",NA
"AI987662","AI987662","","",NA,NA,"org.Mm.eg.db","AI987662",NA
"Aif1","Aif1","Aif1","AIF1","allograft inflammatory factor 1","17","org.Mm.eg.db","Aif1","A1E2H8;O70200;Q4FJL9;Q9EQW9"
"Ak1","Ak1","Ak1","AK1","adenylate kinase 1","2","org.Mm.eg.db","Ak1","A2AK80;Q542C5;Q9R0Y4;Q9R0Y5"
"Akr1b8","Akr1b8","Akr1b8","AKR1B10","aldo-keto reductase family 1, member B8","6","org.Mm.eg.db","Akr1b8","P45377;Q99JN4"
"Ampd1","Ampd1","Ampd1","AMPD1","adenosine monophosphate deaminase 1","3","org.Mm.eg.db","Ampd1","A0A0G2JFD4;F8VPY9;Q3V1D3"
"Ang2","Ang2","Angpt2;Ang2","ANGPT2","angiopoietin 2; angiogenin, ribonuclease A family, member 2","14","org.Mm.eg.db","Ang2","B9EHQ4;O35608;Q3U1A1;Q9D2D2;G5E8D0;Q64438;W0UV59"
"Ankrd1","Ankrd1","Ankrd1","ANKRD1","ankyrin repeat domain 1","19","org.Mm.eg.db","Ankrd1","A0A498WFQ0;O55014;Q3UIF7;Q3UJ39;Q792Q9;Q9CR42"
"Ankrd25","Ankrd25","Kank2","KANK2","KN motif and ankyrin repeat domains 2","9","org.Mm.eg.db","Ankrd25","Q8BLD5;Q8BX02;Q91Z35"
"Anpep","Anpep","Anpep","ANPEP","alanyl aminopeptidase, membrane","7","org.Mm.eg.db","Anpep","P97449;Q3UP74;Q91YH8;Q99K63"
"Ap1s2","Ap1s2","Ap1s2","AP1S2","adaptor-related protein complex 1, sigma 2 subunit","X","org.Mm.eg.db","Ap1s2","Q3TIV9;Q8BLQ6;B1B0F4;Q543R7;Q9DB50;Q8BW87"
"Ap2a2","Ap2a2","Ap2a2","AP2A2","adaptor-related protein complex 2, alpha 2 subunit","7","org.Mm.eg.db","Ap2a2","Q6PEE6;P17427;Q8C2J5;Q921V0"
"Ap2b1","Ap2b1","Ap2b1","AP2B1","adaptor-related protein complex 2, beta 1 subunit","11","org.Mm.eg.db","Ap2b1","H3BIY9;Q5SWR1;Q80XJ4;Q9DBG3"
"Apg4c","Apg4c","Atg4c","ATG4C","autophagy related 4C, cysteine peptidase","4","org.Mm.eg.db","Apg4c","B1ASJ9;Q3UYA5;Q6PD25;Q811C2"
"Aqr","Aqr","Aqr","AQR","aquarius","2","org.Mm.eg.db","Aqr","A2AQA7;P97871;Q3U9N1;Q3ULE8;Q80TX8;Q8CFQ3"
"Arsa","Arsa","Arsa","ARSA","arylsulfatase A","15","org.Mm.eg.db","Arsa","P50428;Q9DC66"
"Art3","Art3","Art3","ART3","ADP-ribosyltransferase 3","5","org.Mm.eg.db","Art3","B7ZNM3;E9QNU1;B2RUC2;O54738;Q8R2F9;Q8R2G0;Q8R2G1;Q8R2G2;Q8R2G3;Q8R2G4;A0A0R4J1Q4"
"Art4","Art4","Art4","ART4","ADP-ribosyltransferase 4","6","org.Mm.eg.db","Art4","Q80VB5;Q80W56;Q9CRA0"
"Asgr2","Asgr2","Asgr2","ASGR2","asialoglycoprotein receptor 2","11","org.Mm.eg.db","Asgr2","P24721;J3QMY0"
"Ash1l","Ash1l","Ash1l","ASH1L","ASH1 like histone lysine methyltransferase","3","org.Mm.eg.db","Ash1l","E9QNM2;Q3U598;Q80VY5;Q8BM69;Q8BTX0;Q8BZY6;Q99MY8"
"Atf7ip","Atf7ip","Atf7ip","ATF7IP","activating transcription factor 7 interacting protein","6","org.Mm.eg.db","Atf7ip","Q3TJ86;Q3TZW1;Q3UVK5;Q3UYZ7;Q7TT18;Q80ZK7;Q8C4A1;Q9JK31"
"Atp11c","Atp11c","Atp11c","ATP11C","ATPase, class VI, type 11C","X","org.Mm.eg.db","Atp11c","E9QKK8;F6Q8D3;Q3KQR4;Q9QZW0"
"Atp6v0a2","Atp6v0a2","Atp6v0a2","ATP6V0A2","ATPase, H+ transporting, lysosomal V0 subunit A2","5","org.Mm.eg.db","Atp6v0a2","A4FU82;P15920;Q3U2X3;Q8VHU0;Q9JHJ2"
"Atp6v1e1","Atp6v1e1","Atp6v1e1","ATP6V1E1","ATPase, H+ transporting, lysosomal V1 subunit E1","6","org.Mm.eg.db","Atp6v1e1","P50518;Q3UK59;Q8K5D6;Q99LD0"
"Atp6v1g3","Atp6v1g3","Atp6v1g3","ATP6V1G3","ATPase, H+ transporting, lysosomal V1 subunit G3","1","org.Mm.eg.db","Atp6v1g3","Q8BMC1"
"Avpr1a","Avpr1a","Avpr1a","AVPR1A","arginine vasopressin receptor 1A","10","org.Mm.eg.db","Avpr1a","Q3U1H9;Q3UEE1;Q62463;Q62464;Q9QYH2"
"AW047325","AW047325","","",NA,NA,"org.Mm.eg.db","AW047325",NA
"AW125753","AW125753","","",NA,NA,"org.Mm.eg.db","AW125753",NA
"AW260467","AW260467","","",NA,NA,"org.Mm.eg.db","AW260467",NA
"Azi2","Azi2","Azi2;Azin2","AZI2","5-azacytidine induced gene 2; antizyme inhibitor 2","9;4","org.Mm.eg.db","Azi2","Q9QYP6;Q3TIN1;Q3V3R2;Q9CUI5;A8Y5E7;A2A823;B2RSR5;Q8BVM4"
"B230303A05","B230303A05","B230303A05Rik","","U1 small nuclear ribonucleoprotein 1C pseudogene","13","org.Mm.eg.db","B230303A05",NA
"B230315F11Rik","B230315F11Rik","Slc25a40","SLC25A40","solute carrier family 25, member 40","5","org.Mm.eg.db","B230315F11Rik","Q3UVZ5;Q8BGP6;Q8BXT8"
"B230315M08Rik","B230315M08Rik","Cd300a","CD300A","CD300A molecule","11","org.Mm.eg.db","B230315M08Rik","Q6SJQ0;B9EIB1;Q7TN56;Q7TSN3;Q8CFN3"
"B230380D07Rik","B230380D07Rik","Mindy2","MINDY2","MINDY lysine 48 deubiquitinase 2","9","org.Mm.eg.db","B230380D07Rik","A0A1L1STF0;Q571N1;Q6NSV8;Q6PDI6;Q7TML6;Q8BK25;Q8BL22;Q8BL47;Q8BZC1"
"B4galt1","B4galt1","B4galt1","B4GALT1","UDP-Gal:betaGlcNAc beta 1,4- galactosyltransferase, polypeptide 1","4","org.Mm.eg.db","B4galt1","B1AXY5;Q3TJS1;P15535;Q3U478"
"B4galt6","B4galt6","B4galt6","B4GALT6","UDP-Gal:betaGlcNAc beta 1,4-galactosyltransferase, polypeptide 6","18","org.Mm.eg.db","B4galt6","Q3UUA9;Q3UUN1;Q9WVK5;Q3TPM8"
"B630005N14Rik","B630005N14Rik","Samtor","","S-adenosylmethionine sensor upstream of mTORC1","6","org.Mm.eg.db","B630005N14Rik","A6H608;Q8BXK4"
"Bak1","Bak1","Bak1","BAK1","BCL2-antagonist/killer 1","17","org.Mm.eg.db","Bak1","E9QM21;O08734;Q8C264"
"BB049667","BB049667","","",NA,NA,"org.Mm.eg.db","BB049667",NA
"Bbox1","Bbox1","Bbox1","BBOX1","gamma-butyrobetaine hydroxylase 1","2","org.Mm.eg.db","Bbox1","Q924Y0"
"BC003236","BC003236","Cttnbp2nl","CTTNBP2NL","CTTNBP2 N-terminal like",NA,"org.Mm.eg.db","BC003236","Q6ZPR0;Q8BSV1;Q922L8;Q99LJ0"
"BC004004","BC004004","BC004004","C6orf89","cDNA sequence BC004004","17","org.Mm.eg.db","BC004004","A0A3Q4L309;Q6PDQ4;Q7TSE2;Q7TSE4;Q8BST4;Q99KU6"
"BC004056","BC004056","","",NA,NA,"org.Mm.eg.db","BC004056",NA
"BC010552","BC010552","Slc44a3","SLC44A3","solute carrier family 44, member 3",NA,"org.Mm.eg.db","BC010552","G5E8A3;Q921V7"
"BC014805","BC014805","Slc22a26","","solute carrier family 22 (organic cation transporter), member 26",NA,"org.Mm.eg.db","BC014805","E9Q6M5;Q91WJ2"
"BC016235","BC016235","Hkdc1","HKDC1","hexokinase domain containing 1",NA,"org.Mm.eg.db","BC016235","Q3UKJ9;Q91W97"
"BC017647","BC017647","Fam222b","FAM222B","family with sequence similarity 222, member B",NA,"org.Mm.eg.db","BC017647","E9PXL0;Q3UV50;Q6P539;Q8VD11"
"BC019537","BC019537","Slc17a9","SLC17A9","solute carrier family 17, member 9",NA,"org.Mm.eg.db","BC019537","A2AJ51;Q8VCL5"
"BC019977","BC019977","Map7d1","MAP7D1","MAP7 domain containing 1",NA,"org.Mm.eg.db","BC019977","A2AJI1;A8Y5P4;A2AJI0;Q80TI3;Q8CIL3;Q8VCG2;Q91YQ4"
"BC022133","BC022133","Uroc1","UROC1","urocanase domain containing 1",NA,"org.Mm.eg.db","BC022133","Q3UEL5;E9QNN2;Q8VC12"
"BC022145","BC022145","Tmem106a","TMEM106A","transmembrane protein 106A",NA,"org.Mm.eg.db","BC022145","Q3U4J0;Q3U9D3;Q3UEA5;Q8CIC3;Q8VC04"
"BC022744","BC022744","Rtbdn","RTBDN","retbindin",NA,"org.Mm.eg.db","BC022744","Q6T898;Q8QZY4"
"BC022765","BC022765","Prr15l","PRR15L","proline rich 15-like",NA,"org.Mm.eg.db","BC022765","Q8C307;Q8JZM2"
"BC024988","BC024988","Galnt18","GALNT18","polypeptide N-acetylgalactosaminyltransferase 18",NA,"org.Mm.eg.db","BC024988","Q59J91;Q8K1B9"
"BC027057","BC027057","Tifab","TIFAB","TRAF-interacting protein with forkhead-associated domain, family member B",NA,"org.Mm.eg.db","BC027057","Q05DP7;Q571I3;Q8JZM6"
"BC027174","BC027174","Cep68","CEP68","centrosomal protein 68",NA,"org.Mm.eg.db","BC027174","Q3ULV4;Q3US49;Q5SW85;Q8C0D9;Q8R2V0"
"BC027756","BC027756","Cdc73","CDC73","cell division cycle 73, Paf1/RNA polymerase II complex component",NA,"org.Mm.eg.db","BC027756","Q8JZM7"
"BC029214","BC029214","Paxx","PAXX","non-homologous end joining factor",NA,"org.Mm.eg.db","BC029214","Q8C6V7;Q8K0Y7;A2AJ30"
"BC029716","BC029716","2010315B03Rik","","RIKEN cDNA 2010315B03 gene",NA,"org.Mm.eg.db","BC029716","J3QK55"
"BC033606","BC033606","Plb1","PLB1","phospholipase B1",NA,"org.Mm.eg.db","BC033606","Q0VEX7;Q3TTY0;Q9D4Y6;Q8K255"
"BC034753","BC034753","Neil3","NEIL3","nei like 3 (E. coli)",NA,"org.Mm.eg.db","BC034753","Q4ADY6;Q8CD85;Q8K203;Q8R3P4"
"BC037594","BC037594","Frem1","FREM1","Fras1 related extracellular matrix protein 1",NA,"org.Mm.eg.db","BC037594","A2ADN1;Q5H8C2;Q5M7B3;Q684R7;Q8C732"
"BC054822","BC054822","Wdr81","WDR81","WD repeat domain 81",NA,"org.Mm.eg.db","BC054822","G5E8V0;K4DI77;Q3TA90;Q3TUS9;Q5ND34;Q6KAR1"
"BC055107","BC055107","Fam107a","FAM107A","family with sequence similarity 107, member A",NA,"org.Mm.eg.db","BC055107","Q78TU8;A0A5S8E879"
"Bicc1","Bicc1","Bicc1","BICC1","BicC family RNA binding protein 1","10","org.Mm.eg.db","Bicc1","G3X8S6;Q6P6K3;Q8C286;Q99MQ1"
"Birc5","Birc5","Birc5","BIRC5","baculoviral IAP repeat-containing 5","11","org.Mm.eg.db","Birc5","O70201;Q549P2;Q923F7;Q9WU53;Q9WU54"
"Bmf","Bmf","Bmf","BMF","BCL2 modifying factor","2","org.Mm.eg.db","Bmf","A2AV74;Q8BUK0;Q91ZE9;A2AV75"
"Bmp2k","Bmp2k","Bmp2k","BMP2K","BMP2 inducible kinase","5","org.Mm.eg.db","Bmp2k","Q8C8L7;Q91Z96"
"Bmp5","Bmp5","Bmp5","BMP5","bone morphogenetic protein 5","9","org.Mm.eg.db","Bmp5","Q496P8"
"Bok","Bok","Bok","BOK","BCL2-related ovarian killer","1","org.Mm.eg.db","Bok","O35425;Q3TH93"
"Brd2","Brd2","Brd2","BRD2","bromodomain containing 2","17","org.Mm.eg.db","Brd2","B2RS09;O54795;O88411;Q3UGI0;Q5DTS6;Q794H7;Q794H9;Q7JJ13;Q99PC5"
"Bri3bp","Bri3bp","Bri3bp","BRI3BP","Bri3 binding protein","5","org.Mm.eg.db","Bri3bp","A0A0G2JGE0;Q8BXP1;Q8BXV2;Q9CWE5"
"Bucs1","Bucs1","Acsm1","ACSM1","acyl-CoA synthetase medium-chain family member 1","7","org.Mm.eg.db","Bucs1","D3Z106;Q3UED4;Q91VA0"
"Bves","Bves","Popdc1","","popeye domain cAMP effector 1","10","org.Mm.eg.db","Bves","A2RS91;Q8C8L3;Q9ES83"
"C030032C09Rik","C030032C09Rik","Anks1b","ANKS1B","ankyrin repeat and sterile alpha motif domain containing 1B","10","org.Mm.eg.db","C030032C09Rik","S4R286;S4R2H2;S4R2I2;S4R2Q2;A0A0R4J2A2;S4R2H8;A0A0R4J2A8;A0A140T8U6;S4R2E3;S4R1Q0;A0A0R4J2A6;S4R2H3;E9QPP6;S4R1H2;E9Q644;Q4KMR9;Q8BIZ1;Q8BJ47;Q8BJ49;Q8BZM2"
"C130044A18Rik","C130044A18Rik","Phlpp2","PHLPP2","PH domain and leucine rich repeat protein phosphatase 2","8","org.Mm.eg.db","C130044A18Rik","J3QM82;Q148U6;Q8BX96;Q8BXA7"
"C130073D16Rik","C130073D16Rik","Zfp384","ZNF384","zinc finger protein 384","6","org.Mm.eg.db","C130073D16Rik","A0AA74KTG5;E9Q8N7;E9QAR1;E9QAR4;Q6P3F1;E9Q1A5;E9QAR6;D3YX49"
"C1galt1","C1galt1","C1galt1","C1GALT1","core 1 synthase, glycoprotein-N-acetylgalactosamine 3-beta-galactosyltransferase, 1","6","org.Mm.eg.db","C1galt1","Q6P218;Q8R0Z7;Q9JJ06"
"C1qr1","C1qr1","Cd93","CD93","CD93 antigen","2","org.Mm.eg.db","C1qr1","A2AVY5;O89103;Q3U2X0"
"C230096C10Rik","C230096C10Rik","","",NA,NA,"org.Mm.eg.db","C230096C10Rik",NA
"C330018J07Rik","C330018J07Rik","Lrrc58","LRRC58","leucine rich repeat containing 58","16","org.Mm.eg.db","C330018J07Rik","B2RU81;Q3UGP9;Q8BX06"
"C430010P07Rik","C430010P07Rik","Kansl1l","KANSL1L","KAT8 regulatory NSL complex subunit 1-like","1","org.Mm.eg.db","C430010P07Rik","B2RUA4;B2KGC3;E9QLD1;Q3TC00;Q5DTI6;Q8BNM1;Q8C4R5;F6ULJ7;E9QLE2"
"C530025K05Rik","C530025K05Rik","Creb3l2","CREB3L2","cAMP responsive element binding protein 3-like 2","6","org.Mm.eg.db","C530025K05Rik","B2RRL0;Q8BH52;Q8CB61;Q8CBN2"
"C630028N24Rik","C630028N24Rik","Hykk","HYKK","hydroxylysine kinase 1","9","org.Mm.eg.db","C630028N24Rik","Q3TQ48;Q3TRW8;Q3UU28;Q5U5V2;Q8C3L8"
"C730031G17","C730031G17","Ugt2b35","UGT2B7","UDP glucuronosyltransferase 2 family, polypeptide B35","5","org.Mm.eg.db","C730031G17","Q3UEI8;Q8BJL9"
"C79267","C79267","","",NA,NA,"org.Mm.eg.db","C79267",NA
"C80879","C80879","","",NA,NA,"org.Mm.eg.db","C80879",NA
"C86987","C86987","","",NA,NA,"org.Mm.eg.db","C86987",NA
"Calb3","Calb3","S100g","S100G","S100 calcium binding protein G","X","org.Mm.eg.db","Calb3","P97816;Q5VM59;Q91XG5"
"Calcrl","Calcrl","Calcrl","CALCRL","calcitonin receptor-like","2","org.Mm.eg.db","Calcrl","A2AR99;Q9QXH8;Q9R1W5;Q9WUP2"
"Cald1","Cald1","Cald1","CALD1","caldesmon 1","6","org.Mm.eg.db","Cald1","E9Q0M9;E9QA16;D3Z6I7;Q8VCQ8;E9QA15"
"Camkk2","Camkk2","Camkk2","CAMKK2","calcium/calmodulin-dependent protein kinase kinase 2, beta","5","org.Mm.eg.db","Camkk2","Q80TS0;Q8BXM8;Q8C078;Q8C0G3;Q8CH42;Q8QZT7;A0A0G2JET2"
"Camp","Camp","Camp;Vamp5","CAMP","cathelicidin antimicrobial peptide; vesicle-associated membrane protein 5","9;6","org.Mm.eg.db","Camp","P51437;Q0VB78;Q3TZ97;Q5M9K2;Q791P0;Q9Z2P8"
"Car12","Car12","Car12","CA12","carbonic anhydrase 12","9","org.Mm.eg.db","Car12","Q8BKG6;Q8CI85;Q8K2J1;A0A0R4J0W4;Q3TC80"
"Card10","Card10","Card10","CARD10","caspase recruitment domain family, member 10","15","org.Mm.eg.db","Card10","E9PUV9;P58660"
"Carkl","Carkl","Shpk","SHPK","sedoheptulokinase","11","org.Mm.eg.db","Carkl","Q5SSE0;Q9D5J6"
"Casp4","Casp4","Casp4","CASP4","caspase 4, apoptosis-related cysteine peptidase","9","org.Mm.eg.db","Casp4","C6L648;O08735;P70343;Q3TAF3;Q6P8H1"
"Casq1","Casq1","Casq1","CASQ1","calsequestrin 1","1","org.Mm.eg.db","Casq1","O09165;Q6P3C3"
"Ccdc3","Ccdc3","Ccdc3","CCDC3","coiled-coil domain containing 3","2","org.Mm.eg.db","Ccdc3","Q9D6Y1"
"Ccl6","Ccl6","Ccl6","","C-C motif chemokine ligand 6","11","org.Mm.eg.db","Ccl6","P27784;Q3U3W3;Q5QNW1;Q99M24;Q9D830"
"Ccnb1","Ccnb1","Ccnb1","CCNB1","cyclin B1","13","org.Mm.eg.db","Ccnb1","P24860;Q3TFV6;Q3TQW9;Q3UWL3"
"Ccnd2","Ccnd2","Ccnd2","CCND2","cyclin D2",NA,"org.Mm.eg.db","Ccnd2","P30280;Q4FK45"
"Cd36","Cd36","Cd36","CD36","CD36 molecule","5","org.Mm.eg.db","Cd36","Q08857;Q3TA14;Q3UAI3;Q3UC79;Q8C6Z4"
"Cd3d","Cd3d","Cd3d","CD3D","CD3 antigen, delta polypeptide","9","org.Mm.eg.db","Cd3d","P04235;Q3U4T1;Q3V3B4;Q6P5P1"
"Cd3g","Cd3g","Cd3g","CD3G","CD3 antigen, gamma polypeptide","9","org.Mm.eg.db","Cd3g","Q3UZ65;P11942;Q3U4Y3"
"Cd4","Cd4","Cd4","CD4","CD4 antigen","6","org.Mm.eg.db","Cd4","P06332;Q3TSV7;Q61396"
"Cd59a","Cd59a","Cd59a","CD59","CD59a antigen","2","org.Mm.eg.db","Cd59a","A2BI31;O55186;Q542R7;Q920G6"
"Cd86","Cd86","Cd86","CD86","CD86 antigen","16","org.Mm.eg.db","Cd86","P42082;Q3T9F8;Q3TDR5;Q549Q9;Q61238"
"Cd97","Cd97","Adgre5","ADGRE5","adhesion G protein-coupled receptor E5","8","org.Mm.eg.db","Cd97","A0A0D9SEG8;Q4FJS6;E9QMJ5;Q923A1;Q9CVI5;Q9JLQ8;Q9Z0M6;Q9DC42;E9QJS7"
"Cdc42ep1","Cdc42ep1","Cdc42ep1","CDC42EP1","CDC42 effector protein 1","15","org.Mm.eg.db","Cdc42ep1","A0A0R4J0S1;Q91W92;Q9D8M1"
"Cdca1","Cdca1","Nuf2","NUF2","NUF2, NDC80 kinetochore complex component","1","org.Mm.eg.db","Cdca1","Q8BTK7;Q8VE05;Q99P69;Q9CST5"
"Cds1","Cds1","Chek2;Cds1","CHEK2","checkpoint kinase 2; CDP-diacylglycerol synthase 1","5","org.Mm.eg.db","Cds1","Q543W6;Q9Z265;P98191;Q8CGZ1"
"Ceacam1","Ceacam1","Ceacam1","CEACAM1","CEA cell adhesion molecule 1","7","org.Mm.eg.db","Ceacam1","P31809;Q61350;Q61353;Q925P3;Q61351;Q3LFS6;Q3LFS8;Q3LFS9;Q61354;Q3LFS5"
"Centa2","Centa2","Adap2","ADAP2","ArfGAP with dual PH domains 2","11","org.Mm.eg.db","Centa2","Q3V340;Q5SSK2;Q8R2V5"
"Cer1","Cer1","Cer1;Acer1","CER1","cerberus 1, DAN family BMP antagonist; alkaline ceramidase 1","4;17","org.Mm.eg.db","Cer1","A2ADM9;O35213;O55233;A1L3S2;Q8R4X1"
"Cfhl1","Cfhl1","Cfhr1","CFHR1","complement factor H-related 1","1","org.Mm.eg.db","Cfhl1","Q61406"
"Chga","Chga","Chga","CHGA","chromogranin A","12","org.Mm.eg.db","Chga","P26339"
"Chgb","Chgb","Chgb","CHGB","chromogranin B","2","org.Mm.eg.db","Chgb","P16014;Q3TY66;Q8BP91"
"Chml","Chml","Chml","CHML","choroideremia-like","1","org.Mm.eg.db","Chml","A0A0R4J1A1;Q0VF88;Q8CH16;Q9QZD5"
"Chpt1","Chpt1","Chpt1","CHPT1","choline phosphotransferase 1","10","org.Mm.eg.db","Chpt1","D3YU39;Q6SXV1;Q8C025;Q8K0H2;Q91W91"
"Chst12","Chst12","Chst12","CHST12","carbohydrate sulfotransferase 12","5","org.Mm.eg.db","Chst12","Q3TCX9;Q3TQH4;Q99LL3;Q9JJS3"
"Chsy1","Chsy1","Chsy1","CHSY1","chondroitin sulfate synthase 1","7","org.Mm.eg.db","Chsy1","A8E636;Q6ZQ11;A2VCT7"
"Cks1","Cks1","Cks1b","CKS1B","CDC28 protein kinase 1b","3","org.Mm.eg.db","Cks1","P61025;Q6ZWX7;Q9D0L3"
"Clcn2","Clcn2","Clcn2","CLCN2","chloride channel, voltage-sensitive 2","16","org.Mm.eg.db","Clcn2","A9C437;Q0VBC2;Q9R0A1;Q9WUJ9"
"Clcn5","Clcn5","Clcn5","CLCN5","chloride channel, voltage-sensitive 5","X","org.Mm.eg.db","Clcn5","B1ATV0;B1AXN0;Q3UL16;Q9WVD4"
"Cldn5","Cldn5","Cldn5","CLDN5","claudin 5","16","org.Mm.eg.db","Cldn5","O54942;O88789"
"Clic1","Clic1","Clic1","CLIC1","chloride intracellular channel 1","17","org.Mm.eg.db","Clic1","Q3TIP8;Q542F1;Q9Z1Q5"
"Cml2","Cml2","Nat8f2","","N-acetyltransferase 8 (GCN5-related) family member 2","6","org.Mm.eg.db","Cml2","Q8C7E5;Q8CHQ9;Q9JIY9"
"Cntnap2","Cntnap2","Cntnap2","CNTNAP2","contactin associated protein-like 2","6","org.Mm.eg.db","Cntnap2","E9QNF7;Q6P2K4;Q6ZQ31;Q9CPW0;Q3SYI6"
"Col4a2","Col4a2","Col4a2","COL4A2","collagen, type IV, alpha 2","8","org.Mm.eg.db","Col4a2","B2RQQ8;P08122;Q3B7C2;Q3TPV9;Q61375;Q66JS5;Q6RCT6;Q6RCT7;Q6U9X1;Q8BPI9;Q8BPK3;Q91VI3"
"Copg","Copg","Copg1","COPG1","coatomer protein complex, subunit gamma 1","6","org.Mm.eg.db","Copg","Q3U9F4;Q8BP96;Q8R1A7;Q922C6;Q9QZE5;Q7TNQ1"
"Copg2","Copg2","Copg2","COPG2","coatomer protein complex, subunit gamma 2","6","org.Mm.eg.db","Copg2","A6H6J5;Q3TQD5;Q3UEL6;Q8C2J6;Q9QXK3"
"Cox10","Cox10","Cox10","COX10","heme A:farnesyltransferase cytochrome c oxidase assembly factor 10","11","org.Mm.eg.db","Cox10","Q3TAS4;Q3U3N1;Q8CFY5"
"Cox7a1","Cox7a1","Cox7a1","COX7A1","cytochrome c oxidase subunit 7A1","7","org.Mm.eg.db","Cox7a1","A0A140LIU4;P56392;Q792A4"
"Cox7a2","Cox7a2","Cox7a2","COX7A2","cytochrome c oxidase subunit 7A2","9","org.Mm.eg.db","Cox7a2","O54969;P48771;Q545J7"
"Cox7c","Cox7c","Cox7c","COX7C","cytochrome c oxidase subunit 7C","13","org.Mm.eg.db","Cox7c","P17665;Q3U5S7"
"Cox8b","Cox8b","Cox8b","COX8C","cytochrome c oxidase subunit 8B","7","org.Mm.eg.db","Cox8b","P48772;Q545U6"
"Cpb2","Cpb2","Capzb","CAPZB","capping actin protein of muscle Z-line subunit beta",NA,"org.Mm.eg.db","Cpb2","A2AMV7;P47757;Q3TVK4;Q923G3"
"Cpeb4","Cpeb4","Cpeb4","CPEB4","cytoplasmic polyadenylation element binding protein 4","11","org.Mm.eg.db","Cpeb4","Q3TSF0;Q7TN98;A6H6G0;Q69ZD7;Q5SU48"
"Cps1","Cps1","Cps1","CPS1","carbamoyl-phosphate synthetase 1","1","org.Mm.eg.db","Cps1","A0JNU4;Q6NX75;Q8C196"
"CRAD-L","CRAD-L","Rdh16","RDH16","retinol dehydrogenase 16","10","org.Mm.eg.db","CRAD-L","E9Q9P8;O54909"
"Crebbp","Crebbp","Crebbp","CREBBP","CREB binding protein","16","org.Mm.eg.db","Crebbp","E9QPH4;F8VPR5;P45481;A0A0U1RQB6"
"Crem","Crem","Crem","CREM","cAMP responsive element modulator","18","org.Mm.eg.db","Crem","F6U9F5;Q3TTH6;Q9CQ87;E9PV35;F6XRJ7;F6QWT6;Q78Z98;F6VJ22;F6Q346;P27698;P27699;Q5XTP8;Q5XTP9;Q5XTQ0;Q5XTQ1;Q5XTQ2;Q5XTQ3;Q99JF1;F6RB97;F6W4F5;F6QKL8;D3Z326;D3Z6A5;D3Z2U7;D3Z7M6;E9PWV9;D3YXV5;D3Z011;D3Z0R0;D3YVP3;A0A0R4J1S0;D3Z7P7;A0A0R4J1V7;D3Z773"
"Crtac1","Crtac1","Crtac1","CRTAC1","cartilage acidic protein 1","19","org.Mm.eg.db","Crtac1","A0A571BE99;Q3UF32;Q3UF40;Q8BMF1;Q8R3V8;Q8R555"
"Cs","Cs","Cs","CS","citrate synthase","10","org.Mm.eg.db","Cs","Q3UDP3;Q9CZU6;Q9DAM4"
"Csf1r","Csf1r","Csf1r","CSF1R","colony stimulating factor 1 receptor","18","org.Mm.eg.db","Csf1r","P09581;Q0P635;Q3U1Y3;Q3U3P1;Q3UKC6;Q9DBH9"
"Csf2rb2","Csf2rb2","Csf2rb2","CSF2RB","colony stimulating factor 2 receptor, beta 2, low-affinity (granulocyte-macrophage)","15","org.Mm.eg.db","Csf2rb2","A0A2R8VHE8;Q3U1Z1;P26954;Q3U241"
"Csnk2a1","Csnk2a1","Csnk2a1","CSNK2A1","casein kinase 2, alpha 1 polypeptide","2","org.Mm.eg.db","Csnk2a1","Q60737;Q61177;Q8R0X4"
"Ctps","Ctps","Ctps1","CTPS1","cytidine 5'-triphosphate synthase 1","4","org.Mm.eg.db","Ctps","P70698;Q922Y4"
"Ctrb","Ctrb","Ctrb1","CTRB2","chymotrypsinogen B1","8","org.Mm.eg.db","Ctrb","Q9CR35;Q9D8X8;Q9DC86"
"Cts7","Cts7","Cts7","","cathepsin 7","13","org.Mm.eg.db","Cts7","A0A286YDP3;Q91ZF2;Q9JI84"
"Ctsc","Ctsc","Ctsc","CTSC","cathepsin C","7","org.Mm.eg.db","Ctsc","Q3U7T5;Q3TIF1;Q3UAF5;Q8BQL3;O08853;P97821;Q3UBY5"
"Ctsk","Ctsk","Ctsk","CTSK","cathepsin K","3","org.Mm.eg.db","Ctsk","O88718;P55097;Q545T0"
"Cttnbp2","Cttnbp2","Cttnbp2","CTTNBP2","cortactin binding protein 2","6","org.Mm.eg.db","Cttnbp2","B9EJA2;G3X9L7;Q69ZB2;Q8BVG1;Q8C044"
"Cwf19l2","Cwf19l2","Cwf19l2","CWF19L2","CWF19 like cell cycle control factor 2","9","org.Mm.eg.db","Cwf19l2","Q3TIS8;Q3UX04;Q80XN7;Q8BG79;Q8BZV5;Q8C0F8"
"Cxcl1","Cxcl1","Cxcl1","CXCL2","C-X-C motif chemokine ligand 1","5","org.Mm.eg.db","Cxcl1","A2RTH0;P12850;Q5U5W9"
"Cxcl14","Cxcl14","Cxcl14","CXCL14","C-X-C motif chemokine ligand 14","13","org.Mm.eg.db","Cxcl14","Q548T5;Q91V02;Q9JHH7;Q9WUQ5"
"Cxcl5","Cxcl5","Cxcl5","CXCL6","C-X-C motif chemokine ligand 5","5","org.Mm.eg.db","Cxcl5","P50228;Q790R4;Q8K3I3"
"Cybb","Cybb","Cybb","CYBB","cytochrome b-245, beta polypeptide","X","org.Mm.eg.db","Cybb","Q3U4P0;Q3U6G0;Q61093;Q8C6S5"
"Cyfip2","Cyfip2","Cyfip2","CYFIP2","cytoplasmic FMR1 interacting protein 2","11","org.Mm.eg.db","Cyfip2","Q3UH21;Q3UHS8;Q5SQX6;Q8BSW0;Q8CHA9;Q924D3;Q9R181;Q6PGK0"
"Cyp2d13","Cyp2d13","Cyp2d13","","cytochrome P450, family 2, subfamily d, polypeptide 13","15","org.Mm.eg.db","Cyp2d13",NA
"Cysltr1","Cysltr1","Cysltr1","CYSLTR1","cysteinyl leukotriene receptor 1","X","org.Mm.eg.db","Cysltr1","Q544P1;Q99JA4;Q9JJ71;Q9JK47"
"D030051N19Rik","D030051N19Rik","Ambra1","AMBRA1","autophagy/beclin 1 regulator 1","2","org.Mm.eg.db","D030051N19Rik","A2AH22;A2AH21;A2AH24;Q3TF60;Q3U239;Q3UF70;Q6ZPJ1;Q8BJJ8;Q8BYW8"
"D10Bur2e","D10Bur2e","Ankrd24","ANKRD24","ankyrin repeat domain 24","10","org.Mm.eg.db","D10Bur2e","E9QJV7;Q80VM7;Q8VD21"
"D11Bwg0280e","D11Bwg0280e","","",NA,NA,"org.Mm.eg.db","D11Bwg0280e",NA
"D16H22S680E","D16H22S680E","Tango2","TANGO2","transport and golgi organization 2","16","org.Mm.eg.db","D16H22S680E","P54797;Q8BTN3"
"D19Ertd652e","D19Ertd652e","Cfap43","CFAP43","cilia and flagella associated protein 43","19","org.Mm.eg.db","D19Ertd652e","E9Q7R9"
"D1Bwg0212e","D1Bwg0212e","Cnot11","CNOT11","CCR4-NOT transcription complex, subunit 11","1","org.Mm.eg.db","D1Bwg0212e","Q3TJG9;Q9CWN7"
"D330037A14Rik","D330037A14Rik","Phldb1","PHLDB1","pleckstrin homology like domain, family B, member 1","9","org.Mm.eg.db","D330037A14Rik","D3Z4N0;D3Z0X5;E9PWB1;E9PWW4;E9Q307;Q6PDH0;Q80TV2"
"D430039N05Rik","D430039N05Rik","Fam171b","FAM171B","family with sequence similarity 171, member B","2","org.Mm.eg.db","D430039N05Rik","Q14CH0;Q8C756;Q8CAF3;Q8CBZ4;Q8CFT5"
"D630042P16Rik","D630042P16Rik","Ssu2","SSUH2","ssu-2 homolog","6","org.Mm.eg.db","D630042P16Rik","Q14AZ1;Q8C3L1;A0A571BFB5"
"D6Ertd245e","D6Ertd245e","Aak1","AAK1","AP2 associated kinase 1","6","org.Mm.eg.db","D6Ertd245e","B2RUJ0;Q3TY53;Q3UHJ0;Q6ZPZ6;Q80XP6"
"D6Ertd32e","D6Ertd32e","Rab11fip5","RAB11FIP5","RAB11 family interacting protein 5 (class I)","6","org.Mm.eg.db","D6Ertd32e","A0A0N4SW73;Q6ZQ33;C4IXU4;Q8R361"
"D7Bwg0611e","D7Bwg0611e","Gramd1a","GRAMD1A","GRAM domain containing 1A","7","org.Mm.eg.db","D7Bwg0611e","F8WJ74;Q3U914;Q3UD89;Q69ZH2;Q8BNF1;Q8VEF1"
"D8Wsu49e","D8Wsu49e","Itfg1","ITFG1","integrin alpha FG-GAP repeat containing 1","8","org.Mm.eg.db","D8Wsu49e","E9QQ11;Q99KW9;Q9D6X1"
"Daam1","Daam1","Daam1","DAAM1","dishevelled associated activator of morphogenesis 1","12","org.Mm.eg.db","Daam1","Q6ZQ74;Q3UHB4;Q6DFY0;Q6TAB8;Q80Y68;Q8BPM0;Q9CQQ2"
"Daam2","Daam2","Daam2","DAAM2","dishevelled associated activator of morphogenesis 2","17","org.Mm.eg.db","Daam2","E9QNU9;Q6TAB7;Q80U19;Q810J5"
"Daf1","Daf1","Cd55","CD55","CD55 molecule, decay accelerating factor for complement","1","org.Mm.eg.db","Daf1","P97732;Q3TU32;Q4FJS4;Q61397;Q61475;Q76N72;Q921P0;Q9R1C1"
"Dbi","Dbi","Dbi","DBI","diazepam binding inhibitor","1","org.Mm.eg.db","Dbi","F6ZM12;Q4VWZ5;P31786;Q3ULV8;Q548W7"
"Dclre1c","Dclre1c","Dclre1c","DCLRE1C","DNA cross-link repair 1C","2","org.Mm.eg.db","Dclre1c","Q32MX8;Q8K4J0;Q3TLT6;A2AJG6;A2AJG7;A2AJG8;Q8BG72;Q8BTT1"
"Ddit4l","Ddit4l","Ddit4l","DDIT4L","DNA-damage-inducible transcript 4-like","3","org.Mm.eg.db","Ddit4l","B2RVG4;Q8C0Z7;Q8VD49;Q8VHZ5;Q9CQV2"
"Ddx27","Ddx27","Ddx27","DDX27","DEAD box helicase 27","2","org.Mm.eg.db","Ddx27","Q3UUG2;Q8R0W3;Q8R1E2;Q921N6"
"Dedd2","Dedd2","Dedd2","DEDD2","death effector domain-containing DNA binding protein 2","7","org.Mm.eg.db","Dedd2","Q569Y9;Q8JZV1;Q8QZV0"
"Defb5","Defb5","Defb5","","defensin beta 5","8","org.Mm.eg.db","Defb5","F8VQA5;Q9EPV9"
"Dfy","Dfy","Ackr1","ACKR1","atypical chemokine receptor 1 (Duffy blood group)","1","org.Mm.eg.db","Dfy","A0A0R4J0J4;Q7TSL2"
"Dia1","Dia1","Diaph1;Cyb5r3","DIAPH1","diaphanous related formin 1; cytochrome b5 reductase 3","18;15","org.Mm.eg.db","Dia1","E9PV41;Q5DTQ4;F6XC54;O08808;Q9DCN2"
"Diras1","Diras1","Diras1","DIRAS1","DIRAS family, GTP-binding RAS-like 1","10","org.Mm.eg.db","Diras1","Q91Z61"
"Dixdc1","Dixdc1","Dixdc1","DIXDC1","DIX domain containing 1","9","org.Mm.eg.db","Dixdc1","Q80Y83;Q3TPF4;Q3UQ90;Q5DPZ2;Q5DPZ3;Q5DPZ4;Q5DPZ6;Q6ZPJ2;Q8C467;Q8R1C1"
"Dlgap2","Dlgap2","Dlgap2","DLGAP2","DLG associated protein 2","8","org.Mm.eg.db","Dlgap2","Q0VF59;Q3V2X4;Q6XBF3;Q8BJ42"
"Dmp1","Dmp1","Dmp1;Dmtf1","DMP1","dentin matrix protein 1; cyclin D binding myb like transcription factor 1","5","org.Mm.eg.db","Dmp1","O55188;Q3TZB6;V9GXX1;P70413;Q3TUR9;Q80VR8;Q8BQX6;Q8CA56;Q8CCZ0;Q8CE22"
"Dmrta1","Dmrta1","Dmrta1","DMRTA1","doublesex and mab-3 related transcription factor like family A1","4","org.Mm.eg.db","Dmrta1","A2AL09;B2RPV0;Q8CFG4"
"Dnajc5","Dnajc5","Dnajc5","DNAJC5","DnaJ heat shock protein family (Hsp40) member C5","2","org.Mm.eg.db","Dnajc5","P54101;P60904;Q921J3"
"Dnmt3a","Dnmt3a","Dnmt3a","DNMT3A","DNA methyltransferase 3A","12","org.Mm.eg.db","Dnmt3a","O88508;Q3TZK8;Q3UH24;Q8CJ60;Q922J0;Q9CSE1"
"Dok1","Dok1","Dok1","DOK1","docking protein 1","6","org.Mm.eg.db","Dok1","P97465;Q3UWF9;Q9R213"
"Dok2","Dok2","Dok2","DOK2","docking protein 2","14","org.Mm.eg.db","Dok2","O70272;O70469;Q3TX09;Q3U208;Q99KL1"
"Dscr1l2","Dscr1l2","Rcan3","RCAN3","regulator of calcineurin 3","4","org.Mm.eg.db","Dscr1l2","Q3U2I5;Q9CX87;Q9JKK0;A2A994"
"Dspp","Dspp","Dspp","DSPP","dentin sialophosphoprotein","5","org.Mm.eg.db","Dspp","E9Q9Z9"
"Dusp3","Dusp3","Dusp3","DUSP3","dual specificity phosphatase 3 (vaccinia virus phosphatase VH1-related)","11","org.Mm.eg.db","Dusp3","B1AQF4;Q9D7X3"
"E030025D05Rik","E030025D05Rik","","",NA,NA,"org.Mm.eg.db","E030025D05Rik",NA
"E030030I06Rik","E030030I06Rik","E030030I06Rik","","RIKEN cDNA E030030I06 gene","10","org.Mm.eg.db","E030030I06Rik","J3QML9;Q8BLG7;F6UW72;Q8BW91"
"E030041M21Rik","E030041M21Rik","Bltp3b","BLTP3B","bridge-like lipid transfer protein family member 3B","10","org.Mm.eg.db","E030041M21Rik","A2RSJ4;B2RQV0;E9QMH4;Q8CHD4"
"E230026N22Rik","E230026N22Rik","Gimap5","GIMAP1-GIMAP5","GTPase, IMAP family member 5","6","org.Mm.eg.db","E230026N22Rik","Q501L7;Q549X3;Q8BWF2"
"E2f7","E2f7","E2f7","E2F7","E2F transcription factor 7","10","org.Mm.eg.db","E2f7","B2RWZ8;Q6S7F2;Q8BRE2;Q8BSQ3;Q8C9R3"
"E330008O22Rik","E330008O22Rik","Gtdc1","GTDC1","glycosyltransferase-like domain containing 1","2","org.Mm.eg.db","E330008O22Rik","A2AQR9;A2AQS2;A2AVU2;G8JL42;Q3TQ41;Q80US3;Q8BW56;Q8C1B8"
"E330023O18","E330023O18","Fbxw19","FBXW12","F-box and WD-40 domain protein 19","9","org.Mm.eg.db","E330023O18","Q8C2W8"
"Ear6","Ear6","Ear6","","eosinophil-associated, ribonuclease A family, member 6","14","org.Mm.eg.db","Ear6","Q923L7"
"Ebi3","Ebi3","Ebi3","EBI3","Epstein-Barr virus induced gene 3","17","org.Mm.eg.db","Ebi3","O35228;Q3U1K3"
"Efemp2","Efemp2","Efemp2","EFEMP2","epidermal growth factor-containing fibulin-like extracellular matrix protein 2","19","org.Mm.eg.db","Efemp2","G5E8D6;Q9JM06;A0A494BBF0;Q542X5;Q9WVJ9"
"Eif1a","Eif1a","Eif1a","EIF1AX","eukaryotic translation initiation factor 1A","18","org.Mm.eg.db","Eif1a","A0A494BB95;O88847;Q3UC76;Q4FJR7;Q60872;Q8R2M4;Q9CX76;Q9DB61"
"Eif3s10","Eif3s10","Eif3a","EIF3A","eukaryotic translation initiation factor 3, subunit A","19","org.Mm.eg.db","Eif3s10","E9QQ50;P23116;Q60697;Q62162"
"Ela1","Ela1","Cela1","CELA1","chymotrypsin-like elastase family, member 1","15","org.Mm.eg.db","Ela1","Q91X79;Q9D936;Q9Z1H1"
"Ela2","Ela2","Cela2a;Elane","CELA2A","chymotrypsin-like elastase family, member 2A; elastase, neutrophil expressed","4;10","org.Mm.eg.db","Ela2","P05208;A6H698;Q3UP87;Q61515"
"Eln","Eln","Eln;Erln","ELN","elastin; endoregulin","5;11","org.Mm.eg.db","Eln","P54320;Q8C9L8;Q9ESZ9;Q3U0I6"
"Elovl5","Elovl5","Elovl5","ELOVL5","ELOVL fatty acid elongase 5","9","org.Mm.eg.db","Elovl5","Q8BHI7;Q8BLG6;Q8BUE3;Q8R5D3;X2EXE4"
"Elovl6","Elovl6","Elovl6","ELOVL6","ELOVL fatty acid elongase 6","3","org.Mm.eg.db","Elovl6","Q8CE45;Q920L5"
"Elovl7","Elovl7","Elovl7","ELOVL7","ELOVL fatty acid elongase 7","13","org.Mm.eg.db","Elovl7","Q8BX38;Q8BYY8;Q9D2Y9"
"Eltd1","Eltd1","Adgrl4","ADGRL4","adhesion G protein-coupled receptor L4","3","org.Mm.eg.db","Eltd1","E9QLT4;Q91W44;Q923X1"
"Entpd5","Entpd5","Entpd5","ENTPD5","ectonucleoside triphosphate diphosphohydrolase 5","12","org.Mm.eg.db","Entpd5","O70214;Q544J4;Q8BR23;Q8CD29;Q9WUZ9;Q3TQC7"
"Epb4.1l3","Epb4.1l3","","",NA,NA,"org.Mm.eg.db","Epb4.1l3",NA
"Epha1","Epha1","Epha1","EPHA1","Eph receptor A1","6","org.Mm.eg.db","Epha1","Q60750;Q6IR19;Q8CED9;Q9ESJ2"
"Eps8l2","Eps8l2","Eps8l2","EPS8L2","EPS8-like 2","7","org.Mm.eg.db","Eps8l2","Q91VT7;Q99K30"
"Esam1","Esam1","Esam","ESAM","endothelial cell-specific adhesion molecule","9","org.Mm.eg.db","Esam1","Q3U102;Q925F2"
"Evi2b","Evi2b","Evi2b","EVI2B","ecotropic viral integration site 2b","11","org.Mm.eg.db","Evi2b","Q3U1A3;Q8VD58"
"Evi5","Evi5","Evi5","EVI5","ecotropic viral integration site 5","5","org.Mm.eg.db","Evi5","P97366;Q3TPQ1;F8VPT6;E9PWR7;Q3TMK4"
"F11","F11","F11;Zfp160","F11","coagulation factor XI; zinc finger protein 160","8","org.Mm.eg.db","F11","Q91Y47;Q9DAT3;E9Q459"
"F630045L20Rik","F630045L20Rik","Slc24a5","SLC24A5","solute carrier family 24, member 5","2","org.Mm.eg.db","F630045L20Rik","A2ATP8;Q6XE39;Q8C261;Q8CJF1"
"Fa2h","Fa2h","Fa2h","FA2H","fatty acid 2-hydroxylase","8","org.Mm.eg.db","Fa2h","Q2M2M0;Q5MPP0;Q5RL53;Q8BTH1;Q8R0M0;Q8R0V1"
"Fbln2","Fbln2","Fbln2","FBLN2","fibulin 2","6","org.Mm.eg.db","Fbln2","Q3TGL4;Q99K58;G5E8B3;P37889;Q9WUI2"
"Fbln5","Fbln5","Fbln5","FBLN5","fibulin 5","12","org.Mm.eg.db","Fbln5","A0A1Y7VJW9;Q541Z7;Q9WVH9"
"Fbxw2","Fbxw2","Fbxw2","FBXW2","F-box and WD-40 domain protein 2","2","org.Mm.eg.db","Fbxw2","E9PXP3;Q60584;Q8BS25;A2AUF9;Q99L53;Q9CPQ6;Q8CCH8;Q9QUH1;A2AUG1;Q9D5X2"
"Fcer1g","Fcer1g","Fcer1g","FCER1G","Fc receptor, IgE, high affinity I, gamma polypeptide","1","org.Mm.eg.db","Fcer1g","P20491"
"Fcgr1","Fcgr1","Fcgr1","FCGR1A","Fc receptor, IgG, high affinity I","3","org.Mm.eg.db","Fcgr1","P26151"
"Fntb","Fntb","Fntb","FNTB","farnesyltransferase, CAAX box, beta","12","org.Mm.eg.db","Fntb","D3YWJ4;Q8K2I1"
"Foxa3","Foxa3","Foxa3","FOXA3","forkhead box A3","7","org.Mm.eg.db","Foxa3","P35584;Q8JZU4"
"Foxp1","Foxp1","Foxp1","FOXP1","forkhead box P1","6","org.Mm.eg.db","Foxp1","A0A0R4J1H9;H3BJM1;A0A0R4J282;H3BL33;D3Z6Q4;E2S038;P58462;Q6P221;Q8C5V2;Q8CCD9;D3Z6Q3;H3BLF2;H3BJ24"
"Frag1","Frag1","Pgap2","PGAP2","post-GPI attachment to proteins 2","7","org.Mm.eg.db","Frag1","A0A088AWL9;A0A0E3D6L5;A0A0U1RVK1;D3YYE3;D3YZS6;Q3TQR0;Q3TVW2;Q3U814;Q3UJI0;Q99KA1;A0A0R4J1P4;Q3U6W8"
"Frap1","Frap1","Mtor","MTOR","mechanistic target of rapamycin kinase","4","org.Mm.eg.db","Frap1","Q2KHT0;Q811J5;Q9CST1;Q9JLN9"
"Fras1","Fras1","Fras1","FRAS1","Fraser extracellular matrix complex subunit 1","5","org.Mm.eg.db","Fras1","E9QPG9;Q80T14;Q80TC7;Q811H8;Q8BPZ4"
"Frk","Frk","Frk","FRK","fyn-related kinase","10","org.Mm.eg.db","Frk","Q61364;Q61745;Q922K9"
"Frzb","Frzb","Frzb","FRZB","frizzled-related protein","2","org.Mm.eg.db","Frzb","O09075;O09093;P97401;Q91W58"
"Fscn1","Fscn1","Fscn1","FSCN1","fascin actin-bundling protein 1","5","org.Mm.eg.db","Fscn1","O09099;O09156;Q05DK3;Q61553;Q7TN32;Q80V75"
"Ftsj3","Ftsj3","Ftsj3","FTSJ3","FtsJ RNA 2'-O-methyltransferase 3","11","org.Mm.eg.db","Ftsj3","Q3ULI1;Q921I7;Q9DBE9"
"Furin","Furin","Furin","FURIN","furin, paired basic amino acid cleaving enzyme","7","org.Mm.eg.db","Furin","P23188;Q6GTN6"
"Fut7","Fut7","Fut7","FUT7","fucosyltransferase 7","2","org.Mm.eg.db","Fut7","E2D0W5;Q0VGH5;Q11131;Q3SWS0"
"Fvt1","Fvt1","Kdsr","KDSR","3-ketodihydrosphingosine reductase","1","org.Mm.eg.db","Fvt1","Q3TDR0;Q6GV12;Q8CII3"
"Fxyd1","Fxyd1","Fxyd1","FXYD1","FXYD domain-containing ion transport regulator 1","7","org.Mm.eg.db","Fxyd1","Q9Z239"
"Fyn","Fyn","Fyn","FYN","Fyn proto-oncogene","10","org.Mm.eg.db","Fyn","P39688;Q3TAT3;Q3U0T5;Q8K2A3;D3YZ57"
"Fzd3","Fzd3","Fzd3","FZD3","frizzled class receptor 3","14","org.Mm.eg.db","Fzd3","Q61086"
"G6pc2","G6pc2","G6pc2","G6PC2","glucose-6-phosphatase, catalytic, 2","2","org.Mm.eg.db","G6pc2","Q9Z186;A2AUN2;Q2M2M7"
"Gaa","Gaa","Gaa","GAA","glucosidase, alpha, acid","11","org.Mm.eg.db","Gaa","P70699;Q3UJB2;Q8BGI6;Q91Z45"
"Gabarapl1","Gabarapl1","Gabarapl1","GABARAPL1","GABA type A receptor associated protein like 1","6","org.Mm.eg.db","Gabarapl1","Q3TG14;Q3TJB9;Q3TXZ5;Q8R3R8"
"Gabbr1","Gabbr1","Gabbr1","GABBR1","gamma-aminobutyric acid type B receptor subunit 1","17","org.Mm.eg.db","Gabbr1","Q8CAF8;Q6PGJ2;Q9WU48;Q9WV15;Q9WV16;Q9WV17;Q9WV18"
"Gas2","Gas2","Gas2","GAS2","growth arrest specific 2","7","org.Mm.eg.db","Gas2","P11862;Q9D699"
"Gasz","Gasz","Asz1","ASZ1","ankyrin repeat, SAM and basic leucine zipper domain containing 1","6","org.Mm.eg.db","Gasz","G3X8S0;Q6PD92;Q8VD46;Q9JKQ7"
"Gatm","Gatm","Gatm","GATM","glycine amidinotransferase (L-arginine:glycine amidinotransferase)","2","org.Mm.eg.db","Gatm","A2AK36;Q3U8U4;Q3UAM0;Q3UKD9;Q6IU01;Q9D964"
"Gclm","Gclm","Gclm","GCLM","glutamate-cysteine ligase, modifier subunit","3","org.Mm.eg.db","Gclm","O09172;Q3T9P2;Q4FJZ6"
"Ghitm","Ghitm","Ghitm","GHITM","growth hormone inducible transmembrane protein","14","org.Mm.eg.db","Ghitm","Q3TGB7;Q3UA74;Q8N9T5;Q91VC9"
"Gjb2","Gjb2","Gjb2","GJB2","gap junction protein, beta 2","14","org.Mm.eg.db","Gjb2","Q00977;Q3TZE5;Q3UJE9;Q3UY12"
"Gjb3","Gjb3","Gjb3","GJB3","gap junction protein, beta 3","4","org.Mm.eg.db","Gjb3","A0A654ICX2;P28231"
"Gltp","Gltp","Gltp","GLTP","glycolipid transfer protein","5","org.Mm.eg.db","Gltp","Q3U011;Q91YJ7;Q9CTK9;Q9JL62"
"Gm316","Gm316","Btnl1","","butyrophilin-like 1","17","org.Mm.eg.db","Gm316","A6X8K2;G3UZN0;O70356;Q7TST0"
"Gm944","Gm944","Garem1","GAREM1","GRB2 associated regulator of MAPK1 subtype 1","18","org.Mm.eg.db","Gm944","G5E8B7;Q3TSA2;Q3UFT3;Q5DTF6;Q80V96"
"Gmfg","Gmfg","Gmfg","GMFG","glia maturation factor, gamma","7","org.Mm.eg.db","Gmfg","A7VJA4;Q9ERL7;D3YY16"
"Gna13","Gna13","Gna13","GNA13","guanine nucleotide binding protein, alpha 13","11","org.Mm.eg.db","Gna13","Q9D034;P27601;Q3UE40;Q6PF99"
"Gnai2","Gnai2","Gnai2","GNAI2","G protein subunit alpha i2","9","org.Mm.eg.db","Gnai2","P08752;Q3TXK7;Q6P1C0"
"Gngt2","Gngt2","Gngt2","GNGT2","guanine nucleotide binding protein (G protein), gamma transducing activity polypeptide 2","11","org.Mm.eg.db","Gngt2","A2A614;Q61017;Q6P8Y9;Q9CWL5"
"Golga7","Golga7","Golga7","GOLGA7","golgin A7","8","org.Mm.eg.db","Golga7","Q8BN18;Q91W53;Q9JJE0"
"Gopc","Gopc","Gopc","GOPC","golgi associated PDZ and coiled-coil motif containing","10","org.Mm.eg.db","Gopc","K3W4Q9;Q8BH60;Q8BSV4;Q920R1;Q9ET11"
"Gp49a","Gp49a","Lilrb4b","","leukocyte immunoglobulin-like receptor, subfamily B, member 4B","10","org.Mm.eg.db","Gp49a","A0A1W2P6F1;A0A1W2P7F3;A0A1W2P7X1;Q549E3;Q61450"
"Gpam","Gpam","Gpam","GPAM","glycerol-3-phosphate acyltransferase, mitochondrial","19","org.Mm.eg.db","Gpam","Q61586;Q69ZG4;Q8VCT2"
"Gpnmb","Gpnmb","Gpnmb","GPNMB","glycoprotein (transmembrane) nmb","6","org.Mm.eg.db","Gpnmb","Q3TAV1;Q3TWC7;Q3U3R9;Q8BVV9;Q8BXL4;Q99P91;Q9QXA0;Q8BVA0"
"Gpr105","Gpr105","P2ry14","P2RY14","purinergic receptor P2Y, G-protein coupled, 14","3","org.Mm.eg.db","Gpr105","Q544F4;Q9ESG6;A0A0G2JEW9"
"Gpr124","Gpr124","Adgra2","ADGRA2","adhesion G protein-coupled receptor A2","8","org.Mm.eg.db","Gpr124","B2RRK0;J3QMG7;Q91ZV8;A0A172Q382"
"Gpr48","Gpr48","Lgr4","LGR4","leucine-rich repeat-containing G protein-coupled receptor 4","2","org.Mm.eg.db","Gpr48","A2ARI3;A2ARI4;Q6PHA3;Q80T31;Q8BXS9"
"Gpr65","Gpr65","Gpr65","GPR65","G-protein coupled receptor 65","12","org.Mm.eg.db","Gpr65","A0A0R4J0Y2;Q3UZ41;Q61038;Q921N3"
"Gprc2a-rs1","Gprc2a-rs1","Casr","CASR","calcium-sensing receptor","16","org.Mm.eg.db","Gprc2a-rs1","G3UX06;O08968;O88519;Q9QY95;Q9QY96;Q9QZU8;Q9R1D6;Q9R1Y2"
"Gpsm3","Gpsm3","Gpsm3","GPSM3","G-protein signalling modulator 3 (AGS3-like, C. elegans)","17","org.Mm.eg.db","Gpsm3","Q0VGT5;Q3U1M8;Q3U1Z5;Q3UJZ5;Q8VDF9"
"Gpx7","Gpx7","Gpx7","GPX7","glutathione peroxidase 7","4","org.Mm.eg.db","Gpx7","Q3TNK3;Q99LJ6"
"Grm6","Grm6","Grm6","GRM6","glutamate receptor, metabotropic 6","11","org.Mm.eg.db","Grm6","Q5NCH9;Q8CFQ7"
"Gsk3b","Gsk3b","Gsk3b","GSK3B","glycogen synthase kinase 3 beta","16","org.Mm.eg.db","Gsk3b","E9QAQ5;Q5KU03;Q9WV60"
"Gtf2a2","Gtf2a2","Gtf2a2","GTF2A2","general transcription factor II A, 2","9","org.Mm.eg.db","Gtf2a2","D3Z793;Q3TE88;Q80ZM7;D3Z7C2"
"Gtf2h1","Gtf2h1","Gtf2h1","GTF2H1","general transcription factor II H, polypeptide 1","7","org.Mm.eg.db","Gtf2h1","E9QKD9;O35637;Q9DBA9;G3X8R4"
"Gtpbp4","Gtpbp4","Gtpbp4","GTPBP4","GTP binding protein 4","13","org.Mm.eg.db","Gtpbp4","Q99K16;Q99ME9;Q99P78;Q9CT02"
"Guca1b","Guca1b","Guca1b","GUCA1B","guanylate cyclase activator 1B","17","org.Mm.eg.db","Guca1b","Q8VBV8;E9PWU1"
"Gucy1b3","Gucy1b3","Gucy1b1","GUCY1B1","guanylate cyclase 1, soluble, beta 1","3","org.Mm.eg.db","Gucy1b3","Q3UTI4;Q80YP4;O54865"
"H2-Q8","H2-Q8","H2","","histocompatibility-2, MHC",NA,"org.Mm.eg.db","H2-Q8",NA
"H3f3a","H3f3a","H3f3a","H3-3A","H3.3 histone A","1","org.Mm.eg.db","H3f3a","A1L0V4;P84244;Q3TW79;Q3U6D6;Q569U8;Q5HZY8;Q6TXQ5;Q8VDJ2;Q9D0H3"
"Hap1","Hap1","Apex1","APEX1","apurinic/apyrimidinic endonuclease 1","14","org.Mm.eg.db","Hap1","F6QA74;P28352;Q544Z7"
"Hc","Hc","Hc","C5","hemolytic complement","2","org.Mm.eg.db","Hc","A2AS36;P06684"
"Hcls1","Hcls1","Hcls1","HCLS1","hematopoietic cell specific Lyn substrate 1","16","org.Mm.eg.db","Hcls1","P49710;Q542G0;Q922I8"
"Hcn4","Hcn4","Hcn3;Hcn4","HCN3","hyperpolarization-activated, cyclic nucleotide-gated K+ 3; hyperpolarization-activated, cyclic nucleotide-gated K+ 4","3;9","org.Mm.eg.db","Hcn4","B2RRB5;O88705;B2RY58;O70507"
"Hdac1","Hdac1","Hdac1-ps;Hdac1","","histone deacetylase 1, pseudogene; histone deacetylase 1","4","org.Mm.eg.db","Hdac1","O09106;P97476;Q58E49"
"Hey1","Hey1","Hey1","HEY1","hairy/enhancer-of-split related with YRPW motif 1","3","org.Mm.eg.db","Hey1","Q9D0R0;Q9QUM5;Q9WV93"
"Hey2","Hey2","Hey2","HEY2","hairy/enhancer-of-split related with YRPW motif 2","10","org.Mm.eg.db","Hey2","Q0VGJ1;Q3TZ99;Q8CD44;Q9QUS4"
"Hgf","Hgf","Hgf","HGF","hepatocyte growth factor","5","org.Mm.eg.db","Hgf","O55027;Q08048;Q53WS5;Q61662;Q64007;Q6LBE6;Q8C9G5"
"Hoxa10","Hoxa10","Hoxa10","HOXA10","homeobox A10","6","org.Mm.eg.db","Hoxa10","P31310;Q80Y22"
"Hoxc5","Hoxc5","Hoxc5","HOXC5","homeobox C5","15","org.Mm.eg.db","Hoxc5","P32043;Q8BJW4"
"Hrh4","Hrh4","Hrh4","HRH4","histamine receptor H4","18","org.Mm.eg.db","Hrh4","Q91ZY2;Q2M2N7;B2ZGH2"
"Hs6st1","Hs6st1","Hs6st1","HS6ST1","heparan sulfate 6-O-sulfotransferase 1","1","org.Mm.eg.db","Hs6st1","Q3TK52;Q3TKK0;Q3TND4;Q3TZT5;Q9QYK5"
"Hs6st3","Hs6st3","Hs6st3","HS6ST3","heparan sulfate 6-O-sulfotransferase 3","14","org.Mm.eg.db","Hs6st3","Q148Q1;Q9QYK4;Q3UTM4"
"Hsd11b1","Hsd11b1","Hsd11b1","HSD11B1","hydroxysteroid 11-beta dehydrogenase 1","1","org.Mm.eg.db","Hsd11b1","P50172;Q4JHD9;Q3TJI8"
"Hspd1","Hspd1","Hspd1","HSPD1","heat shock protein 1 (chaperonin)","1","org.Mm.eg.db","Hspd1","P19226;P19227;P63038;P97602;Q3KQP2;Q3UIP0;Q8C2C7;Q8VEF4"
"Htr6","Htr6","Htr6","HTR6","5-hydroxytryptamine (serotonin) receptor 6","4","org.Mm.eg.db","Htr6","Q14AW8;Q9R1C8"
"Ian6","Ian6","Gimap6","GIMAP6","GTPase, IMAP family member 6","6","org.Mm.eg.db","Ian6","Q5DU66;Q8K349;Q8K434"
"Iapp","Iapp","Iapp","IAPP","islet amyloid polypeptide","6","org.Mm.eg.db","Iapp","P12968"
"Ier2","Ier2","Ier2","IER2","immediate early response 2","8","org.Mm.eg.db","Ier2","P17950;Q3T9S0;Q3TD12;Q64251;Q8BME8;Q99M25"
"Ifi47","Ifi47","Ifi47","","interferon gamma inducible protein 47","11","org.Mm.eg.db","Ifi47","A0A1G5SK64;Q3U0K0;Q61635"
"Ifit2","Ifit2","Ifit2","IFIT2","interferon-induced protein with tetratricopeptide repeats 2","19","org.Mm.eg.db","Ifit2","Q62385;Q64112;Q6GTM0"
"Ifng","Ifng","Ifng","IFNG","interferon gamma","10","org.Mm.eg.db","Ifng","A0A7R8C347;A3RL32;C4NUL9;P01580;Q542B8"
"Ifngr2","Ifngr2","Ifngr2","IFNGR2","interferon gamma receptor 2","16","org.Mm.eg.db","Ifngr2","Q3UVK9;Q63953"
"Ift172","Ift172","Ift172","IFT172","intraflagellar transport 172","5","org.Mm.eg.db","Ift172","Q6NZK1;Q6VH22;Q80TI4;Q80W19;Q9DAB0"
"Igfbp4","Igfbp4","Igfbp4","IGFBP4","insulin-like growth factor binding protein 4","11","org.Mm.eg.db","Igfbp4","O35666;P47879;Q3TMV0;Q8BSM9"
"Il18bp","Il18bp","Il18bp","IL18BP","interleukin 18 binding protein","7","org.Mm.eg.db","Il18bp","Q4FJR8;Q4FK87;Q9CV30;Q9QUH2;Q9Z0M9;Q9Z0N0;A0A1B0GT50"
"Il5ra","Il5ra","Il5ra","IL5RA","interleukin 5 receptor, alpha","6","org.Mm.eg.db","Il5ra","P21183;Q05A81"
"Inhbb","Inhbb","Inhbb","INHBB","inhibin beta-B","1","org.Mm.eg.db","Inhbb","Q04999;Q3V1N0;Q61277;Q80VC4"
"Iqgap1","Iqgap1","Iqgap1","IQGAP1","IQ motif containing GTPase activating protein 1","7","org.Mm.eg.db","Iqgap1","G3UW45;Q80UW7;Q9JKF1"
"Itgax","Itgax","Itgax","ITGAX","integrin alpha X","7","org.Mm.eg.db","Itgax","Q6PG66;A0A0U1RNJ3;Q8C270;Q3TD13;Q3U1P9;Q9QXH4"
"Itgb1bp3","Itgb1bp3","Nmrk2","NMRK2","nicotinamide riboside kinase 2","10","org.Mm.eg.db","Itgb1bp3","Q0VEG2;Q3UV96;Q9D7C9"
"Itgbl1","Itgbl1","Itgbl1","ITGBL1","integrin, beta-like 1","14","org.Mm.eg.db","Itgbl1","Q8BKJ4;Q8BMS0;Q8VDV0;B1B1E3"
"Itih3","Itih3","Itih3","ITIH3","inter-alpha trypsin inhibitor, heavy chain 3","14","org.Mm.eg.db","Itih3","E9QME9;Q61704;Q91WG9"
"Jak2","Jak2","Jak2","JAK2","Janus kinase 2","19","org.Mm.eg.db","Jak2","G5E852;Q62120;Q62124;Q7TQD0;A0A494BBB9"
"Jam2","Jam2","Jam2","JAM2","junction adhesion molecule 2","16","org.Mm.eg.db","Jam2","A0A338P721;A6X955;Q8C5K9;Q8CE95;Q9JI59"
"Kcna5","Kcna5","Kcna5","KCNA5","potassium voltage-gated channel, shaker-related subfamily, member 5","6","org.Mm.eg.db","Kcna5","Q61762;Q9Z1R6"
"Kirrel2","Kirrel2","Kirrel2","KIRREL2","kirre like nephrin family adhesion molecule 2","7","org.Mm.eg.db","Kirrel2","A0A4X8;B2RXY2;Q7TQ98;Q7TSU7"
"Klf3","Klf3","Klf3","KLF3","Kruppel-like transcription factor 3 (basic)","5","org.Mm.eg.db","Klf3","Q545J5;Q60980"
"Klhl15","Klhl15","Klhl15","KLHL15","kelch-like 15","X","org.Mm.eg.db","Klhl15","A2AAX3;Q3TEP6;Q8K1Y4"
"Klk6","Klk6","Klk1;Klk6","KLK1","kallikrein 1; kallikrein related-peptidase 6","7","org.Mm.eg.db","Klk6","P15947;A0A0U1RPN5;A0A0B6VSQ6;A0A1R3UCI2;Q61855;O88301;Q91Y82"
"Klrd1","Klrd1","Klrd1","KLRD1","killer cell lectin-like receptor, subfamily D, member 1","6","org.Mm.eg.db","Klrd1","A0A346A5N7;O54707;O54708"
"Krt1-2","Krt1-2","Krt31c;Krt1","","keratin 31 complex; keratin 1","15","org.Mm.eg.db","Krt1-2","P04104;Q149E0;Q9D2K8"
"Ktn1","Ktn1","Ktn1","KTN1","kinectin 1","14","org.Mm.eg.db","Ktn1","A0A087WQ25;Q61595;Q8BG49;Q8BHF4;Q8BHM8;Q8C9Y5;Q8CG51;Q8CG52;Q8CG53;Q8CG54;Q8CG55;Q8CG56;Q8CG57;Q8CG58;Q8CG59;Q8CG60;Q8CG61;Q8CG62;Q8CG63;A0A087WQI3;A0A087WQQ5;A0A087WNW3;A0A087WPX0;A0A087WS23;A0A087WQG4;A0A087WQD0;A0A087WS04;A0A087WP48;A0A087WQF8;F8VQC7;A0A087WP14;A0A087WRS1;A0A087WP85;A0A087WPW5;A0A087WS29"
"Kynu","Kynu","Kynu","KYNU","kynureninase","2","org.Mm.eg.db","Kynu","F7BY26;Q6NSV5;A2ARD7;Q8R0F7;A2ARD6;Q9CXF0"
"L259","L259","BC028528","C1orf54","cDNA sequence BC028528","3","org.Mm.eg.db","L259","Q8R2K8;Q8K3T8"
"Lamb3","Lamb3","Lamb3","LAMB3","laminin, beta 3","1","org.Mm.eg.db","Lamb3","Q61087;Q91V90"
"Lcp2","Lcp2","Lcp2","LCP2","lymphocyte cytosolic protein 2","11","org.Mm.eg.db","Lcp2","Q3U5Y3;Q60787;Q922M0"
"Ldb2","Ldb2","Ldb2","LDB2","LIM domain binding 2",NA,"org.Mm.eg.db","Ldb2","O55203;A0A0G2JFS7;O55205;Q3UHY1;Q6AXE6"
"Leng8","Leng8","Leng8","LENG8","leukocyte receptor cluster (LRC) member 8","7","org.Mm.eg.db","Leng8","D3YWS8;Q3TCN4;Q8C3P0;Q8CBY3;Q8CGB8"
"Lgtn","Lgtn","Eif2d","EIF2D","eukaryotic translation initiation factor 2D","1","org.Mm.eg.db","Lgtn","Q3TDE0;Q3THV5;Q3TTP4;Q61211;Q8C491;Q8CBF1;Q8CC17;Q8R1I9;Q8R3M5;Q8C8I3;E9PUG7;A0A0R4J298"
"Lims2","Lims2","Lims2","LIMS2","LIM and senescent cell antigen like domains 2","18","org.Mm.eg.db","Lims2","Q91XD2;A0A286YCS7"
"Lin7a","Lin7a","Lin7a","LIN7A","lin-7 homolog A, crumbs cell polarity complex component","10","org.Mm.eg.db","Lin7a","Q3TUM0;Q8JZS0"
"LOC224833","LOC224833","","",NA,NA,"org.Mm.eg.db","LOC224833",NA
"Loxl1","Loxl1","Loxl1","LOXL1","lysyl oxidase-like 1","9","org.Mm.eg.db","Loxl1","A0A0R4J0Q4;P97873;Q91ZY4;Q99KX3"
"Lphn1","Lphn1","Adgrl1","ADGRL1","adhesion G protein-coupled receptor L1","8","org.Mm.eg.db","Lphn1","E9Q9Q9;Q3UH90;Q7TNE5;Q80T49;Q80TR1;E9Q3V9;H7BX15"
"Lpl","Lpl","Lpl","LPL","lipoprotein lipase","8","org.Mm.eg.db","Lpl","P11152;Q05956;Q3U5U0;Q3U784;Q3U841;Q3UB54;Q3UB98;Q3UBE9;Q3UC81;Q3UCZ2;Q542L4;Q8C562;Q9D3M9;Q9DCM8"
"Lrg1","Lrg1","Lrg1","LRG1","leucine-rich alpha-2-glycoprotein 1","17","org.Mm.eg.db","Lrg1","Q91XL1"
"Ltbp1","Ltbp1","Ltbp1","LTBP1","latent transforming growth factor beta binding protein 1","17","org.Mm.eg.db","Ltbp1","A0A3Q4EGK3;Q8CG19;B1B1D9;B1B1E1;O88349;Q505C9;Q8BNW7;Q8C7F5;Q8CG18;Q8CIR0"
"Ltbr","Ltbr","Ltbr","LTBR","lymphotoxin B receptor","6","org.Mm.eg.db","Ltbr","B2RRV3;P50284;Q3UK82"
"Ltf","Ltf","Ltf","LTF","lactotransferrin","9","org.Mm.eg.db","Ltf","P08071;P70690;Q3TP24;Q3UBV2;Q4FJR3;Q61799;Q8CBA0;Q922P2"
"Lzts2","Lzts2","Lzts2","LZTS2","leucine zipper, putative tumor suppressor 2","19","org.Mm.eg.db","Lzts2","E9QKK6;Q569X6;Q91YU6"
"Madd","Madd","Madd","MADD","MAP-kinase activating death domain","2","org.Mm.eg.db","Madd","A2AGR0;Q3TQK3;Q6P4I6;Q80U28;Q80W52;Q80WL3;Q80WL4;Q80WL5;Q80WL6;Q80WL7;Q80WL8;Q80WL9;Q80WM0;Q80WM1;Q80WM2;Q8CBC1;A2AGQ6;E9QKN1;E9QN47;A0A0R4J1F4;A2AGQ4;A2AGQ5;A2AGQ7;A2AGQ8;A2AGQ3;A2AGR1"
"Magea7","Magea7","Magea7-ps","","MAGE family member A7, pseudogene",NA,"org.Mm.eg.db","Magea7",NA
"Map3k5","Map3k5","Map3k5","MAP3K5","mitogen-activated protein kinase kinase kinase 5","10","org.Mm.eg.db","Map3k5","E9PWG9;O35099;Q14AY5"
"Map4k6","Map4k6","Mink1","MINK1","misshapen-like kinase 1 (zebrafish)","11","org.Mm.eg.db","Map4k6","Q5SXG1;Q5SXG3;G3X9G2;Q5SXG2;Q921M6;Q9JM52;Q9JM92;F7AMS7"
"Mark2","Mark2","Mark2","MARK2","MAP/microtubule affinity regulating kinase 2","19","org.Mm.eg.db","Mark2","A0A0R4J227;E9Q9N6;A0A0R4J0B1;Q3T9A3;Q3U3A1;Q05512;Q3T9L3;Q6PDR4;Q8BR95;E9PWB5;E9QMP6;F6ZS70;E9PYX3"
"Mbd3l1","Mbd3l1","Mbd3l1","MBD3L1","methyl-CpG binding domain protein 3-like 1","9","org.Mm.eg.db","Mbd3l1","Q0P5Y0;Q6P8W5;Q9D2S3;Q9D9H3"
"Mcm3","Mcm3","Mcm3","MCM3","minichromosome maintenance complex component 3","1","org.Mm.eg.db","Mcm3","P25206;Q3UI57;Q3ULD6;Q3UZH2;Q61492"
"Mdn1","Mdn1","Mdn1","MDN1","midasin AAA ATPase 1","4","org.Mm.eg.db","Mdn1","J3QMC5;A2ANY6"
"Me2","Me2","Tcf4;Tcf3","TCF4","transcription factor 4; transcription factor 3","18;10","org.Mm.eg.db","Me2","Q8CE98;Q60721;Q60722;Q62211;Q64072;Q80UE8;A0A0J9YUK1;A0A0J9YUZ0;A0A0J9YTU7;A0A0J9YTW1;A0A0J9YTR9;Q91XK1;Q91YV0;A0A0J9YUG4;A0A0J9YUP9;A0A0J9YVG2;E9PWE2;E9PWE5;A0A0R4J014;P15806;Q3U153;Q8CAH9;Q8VCY4;Q922S2;Q99MB8;Q9CYJ4;E9PVV1;E9PWE3;A0A0R4J011;E9PVV2;E9PWE4"
"Mep1b","Mep1b","Mep1b","MEP1B","meprin 1 beta","18","org.Mm.eg.db","Mep1b","Q059K0;Q61847"
"Mest","Mest","Mest","MEST","mesoderm specific transcript","6","org.Mm.eg.db","Mest","D3Z383;Q07646;Q792T8;Q8BS88;Q8K463;Q99KT5"
"Mfng","Mfng","Mfng","MFNG","MFNG O-fucosylpeptide 3-beta-N-acetylglucosaminyltransferase","15","org.Mm.eg.db","Mfng","O09008;Q3UPI0"
"Mg29","Mg29","Sypl2","SYPL2","synaptophysin like 2","3","org.Mm.eg.db","Mg29","O89104"
"Mgea6","Mgea6","Mia2","MIA2","MIA SH3 domain ER export factor 2",NA,"org.Mm.eg.db","Mgea6","E9PY90;Q3TZZ3;H3BK44;A0A1W2P711;Q8CIE3;Q8R311;Q91ZV0;H3BJS0;E9Q3S2;H3BK48;H3BKH2;H3BL19;H3BKL6;H3BJI6"
"Mgst2","Mgst2","Mgst2","MGST2","microsomal glutathione S-transferase 2","3","org.Mm.eg.db","Mgst2","A0A0A6YWX7;A2RST1"
"Mitf","Mitf","Mitf;Naip3","MITF","melanogenesis associated transcription factor; NLR family, apoptosis inhibitory protein 3","6","org.Mm.eg.db","Mitf","A0A0N4SVJ5;E9PZ28;O08885;O88203;Q08843;Q08874;Q3U2D2;Q60781;Q60782;Q9JIJ0;Q9JIJ1;Q9JIJ2;Q9JIJ3;Q9JIJ4;Q9JIJ5;Q9JIJ6;Q9JKX9;A0A5H1ZRM6;A0A0N4SV79;I6L9I6;Q32MU7"
"mKIAA1236","mKIAA1236","Kif26a","KIF26A","kinesin family member 26A","12","org.Mm.eg.db","mKIAA1236","C9EF47;Q52KG5;Q6PCY3;Q6ZPV4;Q99PT4"
"Mkks","Mkks","Mkks","MKKS","McKusick-Kaufman syndrome","2","org.Mm.eg.db","Mkks","Q8BGQ3;Q9JI70;Q9DBF3"
"Mkrn2","Mkrn2","Mkrn2","MKRN2","makorin, ring finger protein, 2","6","org.Mm.eg.db","Mkrn2","Q6GTY9;Q9D0L9;Q9D776;Q9ERV1"
"Mlf1","Mlf1","Mlf1","MLF1","myeloid leukemia factor 1","3","org.Mm.eg.db","Mlf1","Q8JZS2;O70217;Q3V042;Q9QWV4"
"Mll","Mll","Kmt2a","KMT2A","lysine (K)-specific methyltransferase 2A","9","org.Mm.eg.db","Mll","E9QNE7;P55200;Q3UEU1;Q3USE7"
"Mlr1","Mlr1","Lcorl","LCORL","ligand dependent nuclear receptor corepressor-like","5","org.Mm.eg.db","Mlr1","B2RRS7;Q3U285;Q6NZG1;Q8BNH5;Q8BRN7;Q8BRT8;Q8C9J6;Q8CJG4;A0A0H2UH31;E9PXY2;Q8C9B1;A0A087WST0;A0A571BEC4"
"Mlze","Mlze","Gsdmc","GSDMC","gasdermin C","15","org.Mm.eg.db","Mlze","G3UXG6;Q99NB5"
"Mogat1","Mogat1","Mogat1","MOGAT1","monoacylglycerol O-acyltransferase 1","1","org.Mm.eg.db","Mogat1","E9QLA2;Q91ZV4;Q9DCL0;D3YW64"
"Mox2r","Mox2r","Cd200r1","CD200R1","CD200 receptor 1","16","org.Mm.eg.db","Mox2r","Q9ES57"
"Mrvi1","Mrvi1","Irag1","IRAG1","inositol 1,4,5-triphosphate receptor associated 1","7","org.Mm.eg.db","Mrvi1","Q3U069;Q9R2C5;Q9WUX5;Q3UR44"
"Ms4a10","Ms4a10","Ms4a10","MS4A10","membrane-spanning 4-domains, subfamily A, member 10","19","org.Mm.eg.db","Ms4a10","B7ZN09;B2RWS0;Q99N03;Q9D8H8;Q9EQY8"
"Msh4","Msh4","Msh4","MSH4","mutS homolog 4","3","org.Mm.eg.db","Msh4","A0A087WQG8;A0A087WQN0;A6H6D5;Q920J1;Q99MT2;Q7TNA7"
"Mt2","Mt2","Mt2;Mtnr1b","","metallothionein 2; melatonin receptor 1B","8;9","org.Mm.eg.db","Mt2","P02798;Q6VEU6;Q3SXF8;Q80T38;Q8CIQ6;Q8K3K0"
"Mtac2d1","Mtac2d1","Tc2n","TC2N","tandem C2 domains, nuclear","12","org.Mm.eg.db","Mtac2d1","E0CXQ6;Q3UW74;Q91XT6;Q9D4A0"
"Mtmr4","Mtmr4","Mtmr4","MTMR4","myotubularin related protein 4","11","org.Mm.eg.db","Mtmr4","Q5ND06;Q5ND08;Q91XS1"
"Mtss1","Mtss1","Mtss1","MTSS1","MTSS I-BAR domain containing 1","15","org.Mm.eg.db","Mtss1","Q6ZQB7;Q8BMM3;Q8R1S4;Q99LB3;G3X9H7"
"Mug2","Mug2","Mug2","","murinoglobulin 2","6","org.Mm.eg.db","Mug2","P28666"
"Mup3","Mup3","Mup3;Mup7","","major urinary protein 3; major urinary protein 7","4","org.Mm.eg.db","Mup3","P04939;P97897;Q3KQQ2;Q8VCG6;B0V388;Q58EV3;E9QA79"
"Mx1","Mx1","Mx1","MX1","MX dynamin-like GTPase 1","16","org.Mm.eg.db","Mx1","A0A1D8DGT1;P09922;Q4FJJ9"
"Myef2","Myef2","Myef2;Myef2l","MYEF2","myelin basic protein expression factor 2, repressor; myelin expression factor 2 like","2;3","org.Mm.eg.db","Myef2","A2ATP6;Q60690;Q6P930;Q6ZPT3;Q8C854;Q8QZZ1;A2ATP5;A7UQY4"
"Myf6","Myf6","Myf6","MYF6","myogenic factor 6","10","org.Mm.eg.db","Myf6","P15375;Q0VEJ7"
"Mylpf","Mylpf","Mylpf","MYLPF","myosin light chain, phosphorylatable, fast skeletal muscle","7","org.Mm.eg.db","Mylpf","A0A0U1RP93;P97457;Q545G1"
"Myo10","Myo10","Myo10","MYO10","myosin X","15","org.Mm.eg.db","Myo10","Q80TR9;E9Q5G1;F8VQB6;Q8R3S0;Q9JJY5"
"Myo7b","Myo7b","Myo7b","MYO7B","myosin VIIB","18","org.Mm.eg.db","Myo7b","B9EHR5;Q571N7;Q8R0U3;Q99MZ6"
"Myo9b","Myo9b","Myo9b","MYO9B","myosin IXb","8","org.Mm.eg.db","Myo9b","E9PZW8;Q9QY06;Q9QY07;Q9QY08;Q9QY09;B9EHV1;E9PWZ6;A0A1D5RLW4"
"Myoz1","Myoz1","Myoz1","MYOZ1","myozenin 1","14","org.Mm.eg.db","Myoz1","Q8C9L3;Q9D7N4;Q9JK37"
"Naalad2","Naalad2","Naalad2","NAALAD2","N-acetylated alpha-linked acidic dipeptidase 2","9","org.Mm.eg.db","Naalad2","G3UWC2;Q3TTB7;Q32MS9;Q3UZV6;Q80YF8;Q9CZR2"
"Nalp6","Nalp6","Nlrp6","NLRP6","NLR family, pyrin domain containing 6","7","org.Mm.eg.db","Nalp6","C9W978;E9QNS0;F8UKQ6;Q67EY0;Q8K0L4;Q91WS2"
"Nap1l3","Nap1l3","Nap1l3","NAP1L3","nucleosome assembly protein 1-like 3","X","org.Mm.eg.db","Nap1l3","B1AZU8;O54802;Q794H2"
"Ncoa4","Ncoa4","Ncoa4","NCOA4","nuclear receptor coactivator 4","14","org.Mm.eg.db","Ncoa4","Q3UI10;Q3UJ26;Q3UJ63;Q3UKL9;Q3UM78;Q5U4H9;Q9WV42;Q8BSH1"
"Ncoa6ip","Ncoa6ip","Tgs1","TGS1","trimethylguanosine synthase 1","4","org.Mm.eg.db","Ncoa6ip","A2AJF7;Q6DI60;Q6PEA7;Q8R0W9;Q923W1"
"Ndp52l1","Ndp52l1","Calcoco2","CALCOCO2","calcium binding and coiled-coil domain 2","11","org.Mm.eg.db","Ndp52l1","A2A6M5;Q3TK36;Q3TKZ6;Q3TL30;Q9CWE3"
"Ndufa6","Ndufa6","Ndufa6","NDUFA6","NADH:ubiquinone oxidoreductase subunit A6","15","org.Mm.eg.db","Ndufa6","Q9CQZ5"
"Neb","Neb","Neb","NEB","nebulin","2","org.Mm.eg.db","Neb","A2AQA9;E9Q1W3;A0A571BF58;A0A571BF46"
"Nedd9","Nedd9","Nedd9","NEDD9","neural precursor cell expressed, developmentally down-regulated gene 9","13","org.Mm.eg.db","Nedd9","O35177;Q8BJL8;Q8BK90;Q8BL52;Q8BM94;Q8BMI9;Q99KE7;A0A0R4J212"
"Nek11","Nek11","Nek11","NEK11","NIMA (never in mitosis gene a)-related expressed kinase 11","9","org.Mm.eg.db","Nek11","E9QNC3;Q0VDN9;Q8BLS6;Q8BW62;Q8C0Q4;D3Z1E7"
"Nek4","Nek4","Nek4","NEK4","NIMA (never in mitosis gene a)-related expressed kinase 4","14","org.Mm.eg.db","Nek4","O35673;Q3UED6;Q9R1J1;Q9Z1J2;Q6GTE9;F8WGA9"
"Ngep","Ngep","Ano7","ANO7","anoctamin 7","1","org.Mm.eg.db","Ngep","Q14AT5;Q6IFT5"
"Nmnat","Nmnat","Nmnat1","NMNAT1","nicotinamide nucleotide adenylyltransferase 1","4","org.Mm.eg.db","Nmnat","Q3V449;Q3V455;Q6B504;Q9EPA7"
"Nol6","Nol6","Nol6","NOL6","nucleolar protein family 6 (RNA-associated)","4","org.Mm.eg.db","Nol6","Q3TL75;Q3U1P8;Q6PAN8;Q8C6V4;Q8R5K3;Q8R5K4;Q8VCG0;Q8WTY7"
"Nolc1","Nolc1","Nolc1","NOLC1","nucleolar and coiled-body phosphoprotein 1","19","org.Mm.eg.db","Nolc1","A0A286YDA2;A0A286YDV7;E9Q5C9;Q3TKZ9;Q3U6W2;Q3UBB6;Q3UI16;Q6ZQK6;Q8CE21;A0A286YDT3"
"Notch4","Notch4","Notch4","NOTCH4","notch 4","17","org.Mm.eg.db","Notch4","A2CG28;B2RQR1;O35442;O88314;O88316;P31695;Q62389;Q62390;Q9R1W9;Q9R1X0"
"Npm3","Npm3","Npm3","NPM3","nucleoplasmin 3","19","org.Mm.eg.db","Npm3","Q3TAH3;Q3UJ58;Q9CPP0"
"Nr1d2","Nr1d2","Nr1d2","NR1D2","nuclear receptor subfamily 1, group D, member 2","14","org.Mm.eg.db","Nr1d2","Q8C598;Q4VAB7;Q60646;Q60674"
"Nr1i2","Nr1i2","Nr1i2","NR1I2","nuclear receptor subfamily 1, group I, member 2","16","org.Mm.eg.db","Nr1i2","O54915;Q0P525"
"Nr5a2","Nr5a2","Nr5a2","NR5A2","nuclear receptor subfamily 5, group A, member 2","1","org.Mm.eg.db","Nr5a2","Q1WLP7;B9EHF9;P45448;A0A0A6YY04"
"Nrarp","Nrarp","Nrarp","NRARP","Notch-regulated ankyrin repeat protein","2","org.Mm.eg.db","Nrarp","Q80UV7;Q91ZA8;Q9CZM1"
"Nrip1","Nrip1","Nrip1","NRIP1","nuclear receptor interacting protein 1","16","org.Mm.eg.db","Nrip1","Q3U166;Q8C3Y8;Q8CBD1;Q9Z2K2"
"Ntf5","Ntf5","Ntf5","NTF4","neurotrophin 5","7","org.Mm.eg.db","Ntf5","Q80VU4"
"Nudt14","Nudt14","Nudt14","NUDT14","nudix hydrolase 14","12","org.Mm.eg.db","Nudt14","A0A217FL49;Q9CSD2;Q9D142"
"Numbl","Numbl","Numbl","NUMBL","numb-like","7","org.Mm.eg.db","Numbl","Q3UH86;O08919;Q4QQQ2;Q6NVG8"
"Oasl1","Oasl1","Oasl1","OASL","2'-5' oligoadenylate synthetase-like 1","5","org.Mm.eg.db","Oasl1","Q3UBP8;Q8K2A2;Q8QZV5;Q8VI94"
"Oasl2","Oasl2","Oasl2;Oas1c","","2'-5' oligoadenylate synthetase-like 2; 2'-5' oligoadenylate synthetase 1C","5","org.Mm.eg.db","Oasl2","F6VMV6;Q8K234;Q9D6S2;Q9Z2F2;Q8K4B5;Q924S2"
"Odz1","Odz1","Tenm1;Tenm3","TENM1","teneurin transmembrane protein 1; teneurin transmembrane protein 3","X","org.Mm.eg.db","Odz1","A2ANM0;Q8CAT1;Q9WTS4;A2ANL9;A0A2K9QKY6;A0A2K9QKZ0;A0A2K9QL01;A0A2K9QL03;A0A2K9QL04;A0A2K9QL11;A0A2K9QL36;A0A2K9QL87;B7ZNJ5;Q3UVR9;Q3UX72;Q80TD2;Q8BSL5;Q9CSV2;Q9JLC1;Q9WTS6;G3X907"
"Olfm3","Olfm3","Olfm3","OLFM3","olfactomedin 3","3","org.Mm.eg.db","Olfm3","Q3UVC5;P63056;Q8BKV2;Q8BLL6;Q8QZW0;Q8R4K3;Q8R4K4"
"Olfml3","Olfml3","Olfml3","OLFML3","olfactomedin-like 3","3","org.Mm.eg.db","Olfml3","A0A0R4J086;A9R9W9;Q3V2F2;Q8BK62;Q8C1T0;Q99K37"
"Olfr1018","Olfr1018","Or2ah1","","olfactory receptor family 2 subfamily AH member 1","2","org.Mm.eg.db","Olfr1018","A2ASV3;Q8VFL3"
"Olfr1226","Olfr1226","Or4c121","OR4C15","olfactory receptor family 4 subfamily C member 121","2","org.Mm.eg.db","Olfr1226","Q8VGM5"
"Olfr136","Olfr136","Or2n1d","","olfactory receptor family 2 subfamily N member 1D","17","org.Mm.eg.db","Olfr136","A0A140LJD0;Q3SXI5;Q8VG72"
"Olfr206","Olfr206","Or5ac24","","olfactory receptor family 5 subfamily AC member 24","16","org.Mm.eg.db","Olfr206","Q8VGP9;Q8VGQ0"
"Olfr307","Olfr307","Or14a260","OR14A2","olfactory receptor family 14 subfamily A member 260","7","org.Mm.eg.db","Olfr307","Q8VFN8"
"Olfr571","Olfr571","Or51s1","OR51S1","olfactory receptor family 51 subfamily S member 1","7","org.Mm.eg.db","Olfr571","E9Q407;Q0VDZ5"
"Olfr599","Olfr599","Or52ab4","","olfactory receptor family 52 subfamily AB member 4","7","org.Mm.eg.db","Olfr599","B2RU78;Q8VG01"
"Olfr829","Olfr829","Or7g17","OR7G1","olfactory receptor family 7 subfamily G member 17","9","org.Mm.eg.db","Olfr829","Q7TRH1;Q8VGX1"
"Olfr957","Olfr957","Or8g36","","olfactory receptor family 8 subfamily G member 36","9","org.Mm.eg.db","Olfr957","Q8VG15;Q9EQB7"
"Onecut1","Onecut1","Onecut1","ONECUT1","one cut domain, family member 1","9","org.Mm.eg.db","Onecut1","O08755;Q2M4H1"
"Opa1","Opa1","Opa1","OPA1","OPA1, mitochondrial dynamin like GTPase","16","org.Mm.eg.db","Opa1","Q80TX7;A6H6Q3;H7BX01;P58281;Q3ULA5;Q8BKU7;Q8BLL3;Q8BM08;Q8R3J7"
"ORF28","ORF28","Dnajc28","DNAJC28","DnaJ heat shock protein family (Hsp40) member C28","16","org.Mm.eg.db","ORF28","E9Q1L7;Q8C4S9;Q8VCE1;Q99JX0"
"Otop1","Otop1","Otop1","OTOP1","otopetrin 1","5","org.Mm.eg.db","Otop1","A0A0R4J1J4;A0A5H1ZRK5;E9QMU2;Q7M735;Q80VM9;Q8BRZ4;Q8BS22"
"Oxr1","Oxr1","Oxr1","OXR1","oxidation resistance 1","15","org.Mm.eg.db","Oxr1","Q4KMM3;B1H3M0;E9Q0A7;Q5FWW1;Q99L06;Q99MK1;Q99MP4;A0A2R8VHT3;A0A2R8W6N3"
"P2ry12","P2ry12","P2ry12","P2RY12","purinergic receptor P2Y, G-protein coupled 12","3","org.Mm.eg.db","P2ry12","Q546L4;Q8BZV8;Q9CPV9"
"Pa2g4","Pa2g4","Pa2g4","PA2G4","proliferation-associated 2G4","10","org.Mm.eg.db","Pa2g4","D3YVH7;P50580;Q3TGU7;Q3UMW2"
"Pabpc1","Pabpc1","Pabpc1","PABPC1","poly(A) binding protein, cytoplasmic 1","15","org.Mm.eg.db","Pabpc1","P29341;Q3U8U8;Q8BN32;Q99L36"
"Pabpc4","Pabpc4","Pabpc4","PABPC4","poly(A) binding protein, cytoplasmic 4","4","org.Mm.eg.db","Pabpc4","Q99LF8;Q6PHQ9;Q91YZ8;A3KFU8;A3KFU5"
"Pak2","Pak2","Pak2","PAK2","p21 (RAC1) activated kinase 2","16","org.Mm.eg.db","Pak2","Q8CIN4"
"Panx1","Panx1","Panx1","PANX1","pannexin 1","9","org.Mm.eg.db","Panx1","Q3U181;Q5RL18;Q9CXS7;Q9JIP4"
"Parva","Parva","Parva","PARVA","parvin, alpha","7","org.Mm.eg.db","Parva","Q8C5R4;Q9EPC1;Q9JJ65;Q3UF75"
"Pcdha4","Pcdha4","Pcdha4;Pcdha4b","PCDHA4","protocadherin alpha 4; protocadherin alpha 4B","18","org.Mm.eg.db","Pcdha4","O88689;Q3UEX3;Q6PAM9;Q8K487;Q8K489;Q8K492"
"Pcdhb17","Pcdhb17","Pcdhb17","PCDHB16","protocadherin beta 17","18","org.Mm.eg.db","Pcdhb17","Q91VD8;Q925L4"
"Pcyt2","Pcyt2","Pcyt2","PCYT2","phosphate cytidylyltransferase 2, ethanolamine","11","org.Mm.eg.db","Pcyt2","A2ABY3;Q3TLU0;Q540F5;Q3USD5;Q922E4;Q99J50"
"Pdk2","Pdk2","Pdk2","PDK2","pyruvate dehydrogenase kinase, isoenzyme 2","11","org.Mm.eg.db","Pdk2","Q8VC63;Q9JK42"
"Pdzk3","Pdzk3","Pdzd2","PDZD2","PDZ domain containing 2","15","org.Mm.eg.db","Pdzk3","E9Q1M1;Q80U45"
"Peg12","Peg12","Peg12","FRAT1","paternally expressed 12","7","org.Mm.eg.db","Peg12","Q9WVA7"
"Pepp3","Pepp3","Plekha6","PLEKHA6","pleckstrin homology domain containing, family A member 6","1","org.Mm.eg.db","Pepp3","A0A087WRB7;E9PX43;Q7TQG1;Q8K0J5;Q69ZU4"
"Pgk1","Pgk1","Pgk1","PGK1","phosphoglycerate kinase 1","X","org.Mm.eg.db","Pgk1","P09411;Q3TPE6;Q3UKV8;Q5XJE7"
"Phf11","Phf11","Phf11a;Phf11d;Phf11;Phf11c","","PHD finger protein 11A; PHD finger protein 11D; PHD finger protein 11; PHD finger protein 11C","14","org.Mm.eg.db","Phf11","Q8BVM9;A6H5X4;Q3U0T6;Q8K2R8;B4XVQ0;B4XVP9"
"Phf17","Phf17","Jade1","JADE1","jade family PHD finger 1","3","org.Mm.eg.db","Phf17","Q6IE84;Q6ZPI0;Q8C7S6;Q8CFM2;Q8R362"
"Phka1","Phka1","Phka1","PHKA1","phosphorylase kinase alpha 1","X","org.Mm.eg.db","Phka1","A2AI87;A2AI90;P18826;A2AI91;Q8CBA7"
"Phkb","Phkb","Phkb","PHKB","phosphorylase kinase beta","8","org.Mm.eg.db","Phkb","Q7TSH2;A0AAQ4VMQ4;A0AAQ4VMP1"
"Phxr3","Phxr3","Usp53","USP53","ubiquitin specific peptidase 53","3","org.Mm.eg.db","Phxr3","A2RT25;P15975;Q8BR11;Q8CB37;Q8R251"
"Pigt","Pigt","Pigt","PIGT","phosphatidylinositol glycan anchor biosynthesis, class T","2","org.Mm.eg.db","Pigt","B7ZC19;A2A5G2;Q3U2X2;Q3U5R2;Q8BXQ2;Q99JA3"
"Pilrb","Pilrb","Pilrb1","PILRB","paired immunoglobin-like type 2 receptor beta 1","5","org.Mm.eg.db","Pilrb","B7ZWH4;Q2YFS2"
"Pip5k1b","Pip5k1b","Pip5k1b","PIP5K1B","phosphatidylinositol-4-phosphate 5-kinase, type 1 beta","19","org.Mm.eg.db","Pip5k1b","O70335;P70181;Q8JZY6"
"Pitpnm","Pitpnm","Pitpnm1","PITPNM1","phosphatidylinositol transfer protein, membrane-associated 1","19","org.Mm.eg.db","Pitpnm","O35954"
"Pitpnm2","Pitpnm2","Pitpnm2","PITPNM2","phosphatidylinositol transfer protein, membrane-associated 2","5","org.Mm.eg.db","Pitpnm2","Q6NS55;Q6ZPQ6;Q9R1P5;E9PYJ7;A0A0G2JFQ8"
"Pkdrej","Pkdrej","Pkdrej","PKDREJ","polycystin (PKD) family receptor for egg jelly","15","org.Mm.eg.db","Pkdrej","F8VQF3;Q9Z0T6"
"Plagl1","Plagl1","Plagl1","PLAGL1","pleiomorphic adenoma gene-like 1","10","org.Mm.eg.db","Plagl1","Q3UQW2;Q9JLQ4"
"Pld2","Pld2","Pld2","PLD2","phospholipase D2","11","org.Mm.eg.db","Pld2","Q3UNY4;Q6NV49;Q80ZW1;P97813;Q5SXG5"
"Plek","Plek","Plek","PLEK","pleckstrin","11","org.Mm.eg.db","Plek","Q5F271;Q8C6F4;Q9ERI9;Q9JHK5"
"Plxnb1","Plxnb1","Plxnb1","PLXNB1","plexin B1","9","org.Mm.eg.db","Plxnb1","B2RWT9;E9QKS4;Q6ZQC3;Q80ZZ1;Q8CJH3"
"Pnliprp1","Pnliprp1","Pnliprp1","PNLIPRP1","pancreatic lipase related protein 1","19","org.Mm.eg.db","Pnliprp1","O70478;Q5BKQ4;Q6NV82"
"Por","Por","Por","POR","cytochrome p450 oxidoreductase","5","org.Mm.eg.db","Por","P37040;Q05DV1"
"Porcn","Porcn","Porcn","PORCN","porcupine O-acyltransferase","X","org.Mm.eg.db","Porcn","Q9JJJ7;A2AC30;A2AC32;A2AC33;Q9CWT0;Q9JJJ8;Q9JJJ9;Q9JJK0"
"Ppap2b","Ppap2b","Plpp3","PLPP3","phospholipid phosphatase 3","4","org.Mm.eg.db","Ppap2b","Q3TVM4;Q3TXR7;Q8BTB7;Q99JY8"
"Pparg","Pparg","Pparg","PPARG","peroxisome proliferator activated receptor gamma","6","org.Mm.eg.db","Pparg","A0N0C8;M1VPI1;P37238;Q4FJR2;Q6GU14"
"Ppy","Ppy","Ppy","PPY","pancreatic polypeptide","11","org.Mm.eg.db","Ppy","P10601;Q3UW05;Q496X5"
"Prdc","Prdc","Grem2","GREM2","gremlin 2, DAN family BMP antagonist","1","org.Mm.eg.db","Prdc","O88273;Q3TST1"
"Prg4","Prg4","Prg4","PRG4","proteoglycan 4 (megakaryocyte stimulating factor, articular superficial zone protein)","1","org.Mm.eg.db","Prg4","A0A0R4J207;A1L3C5;E0CZ58;Q3UEL1;Q3V198;Q9JM99"
"Prkcb","Prkcb","Prkcb","PRKCB","protein kinase C, beta","7","org.Mm.eg.db","Prkcb","A0JNZ5;F2Z441;P04410;P04411;P68404"
"Prosc","Prosc","Plpbp","PLPBP","pyridoxal phosphate binding protein","8","org.Mm.eg.db","Prosc","A0A1B0GRR5;Q6P8V7;Q80ZV3;A0A1B0GRP7;Q544R1;Q9Z2Y8"
"Prss21","Prss21","Prss21","PRSS21","serine protease 21","17","org.Mm.eg.db","Prss21","Q54AE4;Q80YD8;Q9DA14;Q9JHJ7"
"Psma4","Psma4","Psma4","PSMA4","proteasome subunit alpha 4","9","org.Mm.eg.db","Psma4","Q3THT1;Q3TL95;Q9R1P0"
"Psmd14","Psmd14","Psmd14","PSMD14","proteasome (prosome, macropain) 26S subunit, non-ATPase, 14","2","org.Mm.eg.db","Psmd14","O35593;Q3UB50;Q3UD26;Q9CZY6"
"Pten","Pten","Pten","PTEN","phosphatase and tensin homolog","19","org.Mm.eg.db","Pten","A0A6G7SEK5;A0A6G7SF19;O08586;Q3UFB0;Q542G1;Q8BSR7"
"Ptma","Ptma","Ptma","PTMA","prothymosin alpha","1","org.Mm.eg.db","Ptma","P26350;Q0VGU2;Q3U6E4;Q3UQV6"
"Ptpn18","Ptpn18","Ptpn18","PTPN18","protein tyrosine phosphatase, non-receptor type 18","1","org.Mm.eg.db","Ptpn18","Q4JFH4;Q61152;Q62404;Q922E3"
"Ptpn8","Ptpn8","Ptpn22","PTPN22","protein tyrosine phosphatase, non-receptor type 22 (lymphoid)","3","org.Mm.eg.db","Ptpn8","E9QAS3;P29352;Q7TMP9"
"Ptprcap","Ptprcap","Ptprcap","PTPRCAP","protein tyrosine phosphatase receptor type C polypeptide-associated protein","19","org.Mm.eg.db","Ptprcap","Q542J3;Q64697"
"Pura","Pura","Pura","PURA","purine rich element binding protein A","18","org.Mm.eg.db","Pura","P42669;Q8C6E9"
"Pxmp3","Pxmp3","Pex2","PEX2","peroxisomal biogenesis factor 2","3","org.Mm.eg.db","Pxmp3","Q3UJB7;Q91YZ5"
"Rab15","Rab15","Rab15","RAB15","RAB15, member RAS oncogene family","12","org.Mm.eg.db","Rab15","D3YTZ8;D3YWS1;Q0PD40;Q3TYH2;Q8K386"
"Rab5a","Rab5a","Rab5a","RAB5A","RAB5A, member RAS oncogene family","17","org.Mm.eg.db","Rab5a","Q3UCX7;Q4VAA1;Q9CQD1;Q9DCN5"
"Rac2","Rac2","Rac2","RAC2","Rac family small GTPase 2","15","org.Mm.eg.db","Rac2","Q05144;Q3TBC4;Q8BPG5;Q9D859;Q9D8X9"
"Ralb","Ralb","Ralb","RALB","v-ral simian leukemia viral oncogene B","1","org.Mm.eg.db","Ralb","Q3TVS5;Q8CCG5;Q9JIW9"
"Ramp2","Ramp2","Ramp2","RAMP2","receptor (calcitonin) activity modifying protein 2","11","org.Mm.eg.db","Ramp2","Q6IS25;Q9WUP0"
"Ran","Ran","Ran;Rasl2-9","RAN","RAN, member RAS oncogene family; RAS-like, family 2, locus 9","5;7","org.Mm.eg.db","Ran","P62827;Q3U954;Q3ULW0;Q811M2;A6H622;Q4FZF4;Q61820;Q6P8M7;Q80YD4;Q9D9Y0"
"Ranbp1","Ranbp1","Ranbp1","RANBP1","RAN binding protein 1","16","org.Mm.eg.db","Ranbp1","P34022;P34023;Q3TL81;Q3U6M5;Q9D894;Q9DCA3"
"Rap2b","Rap2b","Rap2b","RAP2B","RAP2B, member of RAS oncogene family","3","org.Mm.eg.db","Rap2b","P61226;Q6ZWR0"
"Rasa1","Rasa1","Rasa1","RASA1","RAS p21 protein activator 1","13","org.Mm.eg.db","Rasa1","E9PYG6"
"Rchy1","Rchy1","Rchy1","RCHY1","ring finger and CHY zinc finger domain containing 1","5","org.Mm.eg.db","Rchy1","G3UWD8;Q8R593;Q920H0;Q9CR50"
"Reg3g","Reg3g","Reg3g","REG3G","regenerating islet-derived 3 gamma","6","org.Mm.eg.db","Reg3g","O09049;Q545I1"
"Reg4","Reg4","Reg4","REG4","regenerating islet-derived family, member 4","3","org.Mm.eg.db","Reg4","Q3TS25;Q9D858;Q9D8G5"
"Reln","Reln","Reln","RELN","reelin","5","org.Mm.eg.db","Reln","Q60841;E9PZ78;Q9CUA6"
"Retnla","Retnla","Retnla","","resistin like alpha","16","org.Mm.eg.db","Retnla","Q78ZN4;Q8JZM3;Q9D8Y4;Q9EP95;G3X8W2"
"Rgl1","Rgl1","Rgl1","RGL1","ral guanine nucleotide dissociation stimulator,-like 1","1","org.Mm.eg.db","Rgl1","E9Q8M9;E9Q8N0;Q60695;Q8VD09"
"Rgn","Rgn","Rgn","RGN","regucalcin","X","org.Mm.eg.db","Rgn","A2AFC8;Q3UJG3;Q60944;Q64374"
"Rgs10","Rgs10","Rgs10","RGS10","regulator of G-protein signalling 10","7","org.Mm.eg.db","Rgs10","A0A0U1RPU5;Q32MD7;Q9CQE5;Q9D3L2"
"Rhbdl","Rhbdl","Rhbdl1","RHBDL1","rhomboid like 1","17","org.Mm.eg.db","Rhbdl","Q3USF1;Q8VC82;V9GX92"
"Rin2","Rin2","Rabgef1;Rin2","RABGEF1","RAB guanine nucleotide exchange factor (GEF) 1; Ras and Rab interactor 2","5;2","org.Mm.eg.db","Rin2","Q3UIW0;Q9JM13;A8Y5L0;Q3U6Z8;Q3UAK3;Q3UC54;Q99K06;Q9D684;F8WGD2"
"Rnf111","Rnf111","Rnf111","RNF111","ring finger 111","9","org.Mm.eg.db","Rnf111","A0A1L1SRK3;Q3UVL7;Q6NSW2;Q7TMR3;Q8C881;Q8CBC0;Q99ML9"
"Rnps1","Rnps1","Rnps1","RNPS1","RNA binding protein with serine rich domain 1","17","org.Mm.eg.db","Rnps1","Q3TMJ1;Q922H8;Q99M28"
"Rnu22","Rnu22","Snord22","SNORD22","small nucleolar RNA, C/D box 22","19","org.Mm.eg.db","Rnu22",NA
"Ropn1","Ropn1","Ropn1","ROPN1","ropporin, rhophilin associated protein 1","16","org.Mm.eg.db","Ropn1","Q3TVG5;Q9ESG2"
"Rora","Rora","Rora","RORA","RAR-related orphan receptor alpha","9","org.Mm.eg.db","Rora","Q3U1P4;Q8C3F5;P51448;P70283;P97741;P97773;Q923G1;Q8BRL5"
"Rpl35","Rpl35","Rpl35a;Rpl35","RPL35A","ribosomal protein L35A; ribosomal protein L35","16;2","org.Mm.eg.db","Rpl35","O55142;Q6ZWX1;Q8BQV7;Q9DC85;Q6ZWV7"
"Rpl6","Rpl6","Rpl6","RPL6","ribosomal protein L6","5","org.Mm.eg.db","Rpl6","P47911;Q3UCH0;Q3UFI4;Q6P5I2;Q925C3"
"Rpo1-3","Rpo1-3","","",NA,NA,"org.Mm.eg.db","Rpo1-3",NA
"Rpo1-4","Rpo1-4","","",NA,NA,"org.Mm.eg.db","Rpo1-4",NA
"Rps29","Rps29","Rps29","RPS29","ribosomal protein S29","12","org.Mm.eg.db","Rps29","P62274"
"Rps3","Rps3","Rps3","RPS3","ribosomal protein S3","7","org.Mm.eg.db","Rps3","P17073;P47933;P62908;Q3UCL7;Q5YLW3;Q9CZP6;Q9D0A2"
"Rraga","Rraga","Rraga","RRAGA","Ras-related GTP binding A","4","org.Mm.eg.db","Rraga","B1AXR0;Q80X95;Q8C1S2;Q8CFU3"
"Rtn2","Rtn2","Rtn2","RTN2","reticulon 2 (Z-band associated protein)","7","org.Mm.eg.db","Rtn2","Q3TUZ6;Q6IM74;O70620;O70622;Q6IM75"
"S100a9","S100a9","S100a9","S100A9","S100 calcium binding protein A9 (calgranulin B)","3","org.Mm.eg.db","S100a9","P31725;Q3UP42"
"Saa2","Saa2","Saa1;Saa2","SAA1","serum amyloid A 1; serum amyloid A 2",NA,"org.Mm.eg.db","Saa2","P05366;Q5I0U6;Q64454;Q8R3T4;P05367;P97375"
"Samhd1","Samhd1","Samhd1","SAMHD1","SAM domain and HD domain, 1","2","org.Mm.eg.db","Samhd1","Q3TCJ7;E9Q0K6;Q60710;Q3U754;F8WJE0;Q3U5X2;Q543A4;Q91VK8"
"Sbp","Sbp","Sbp","","spermine binding protein","17","org.Mm.eg.db","Sbp","P15501;Q544L5;S4R244"
"Scamp2","Scamp2","Scamp2","SCAMP2","secretory carrier membrane protein 2","9","org.Mm.eg.db","Scamp2","Q3TU28;Q3TAL2;Q9ERN0"
"Scara3","Scara3","Scara3","SCARA3","scavenger receptor class A, member 3","14","org.Mm.eg.db","Scara3","Q8C6N1;Q8C850"
"Scd1","Scd1","Scd1","SCD","stearoyl-Coenzyme A desaturase 1","19","org.Mm.eg.db","Scd1","P13516;Q547C4;Q922I6"
"Scly","Scly","Scly","SCLY","selenocysteine lyase","1","org.Mm.eg.db","Scly","A0A0R4J069;Q8CB57;Q8CB94;Q9JLI6"
"Scpep1","Scpep1","Scpep1","SCPEP1","serine carboxypeptidase 1","11","org.Mm.eg.db","Scpep1","Q920A5;Q99J29;Q9D625"
"Sct","Sct","Sct","SCT","secretin","7","org.Mm.eg.db","Sct","Q3TJJ8;Q80ZS9;A0A1B0GS37;Q08535;Q3UKU8"
"Sctr","Sctr","Sctr","SCTR","secretin receptor","1","org.Mm.eg.db","Sctr","H7BX37;Q5FWI2;Q80T66"
"Sdad1","Sdad1","Sdad1","SDAD1","SDA1 domain containing 1","5","org.Mm.eg.db","Sdad1","A0A0J9YV20;A0A0R4J0B7"
"Sdpr","Sdpr","Cavin2","CAVIN2","caveolae associated 2","1","org.Mm.eg.db","Sdpr","Q3V1P6;Q63918;Q78EC3;Q8CBT4"
"Serpina1a","Serpina1a","Serpina1a;Serpina1d","","serine (or cysteine) peptidase inhibitor, clade A, member 1A; serine (or cysteine) peptidase inhibitor, clade A, member 1D","12","org.Mm.eg.db","Serpina1a","A0A0A0MQA3;P81105;Q00896;Q91V74;Q91WH5;Q91XC1;P07758;Q3UJ47;Q80YB8;Q8JZV6;Q91XB8;A0A2P9DUN6;Q00897"
"Serpina1d","Serpina1d","Serpina1d","","serine (or cysteine) peptidase inhibitor, clade A, member 1D",NA,"org.Mm.eg.db","Serpina1d","A0A2P9DUN6;Q00897"
"Serpinb11","Serpinb11","Serpinb11","SERPINB11","serine (or cysteine) peptidase inhibitor, clade B (ovalbumin), member 11","1","org.Mm.eg.db","Serpinb11","Q91Z12;Q9CQV3"
"Serpinb12","Serpinb12","Serpinb12","SERPINB12","serine (or cysteine) peptidase inhibitor, clade B (ovalbumin), member 12","1","org.Mm.eg.db","Serpinb12","Q6UKZ3;Q9D7P9"
"serpinb3c","serpinb3c","Serpinb3c","","serine (or cysteine) peptidase inhibitor, clade B, member 3C","1","org.Mm.eg.db","serpinb3c","A2RSF9;Q9D1E7"
"Sfrs14","Sfrs14","Sugp2","SUGP2","SURP and G patch domain containing 2","8","org.Mm.eg.db","Sfrs14","Q6PG19;Q80UY8;Q8BY32;Q8CFM0;Q8CH09"
"Sftpc","Sftpc","Sftpc","SFTPC","surfactant associated protein C","14","org.Mm.eg.db","Sftpc","P21841;Q6P8P8"
"Sftpd","Sftpd","Sftpd","SFTPD","surfactant associated protein D","14","org.Mm.eg.db","Sftpd","P50404"
"Sgcd","Sgcd","Sgcd","SGCD","sarcoglycan, delta (dystrophin-associated glycoprotein)","11","org.Mm.eg.db","Sgcd","P82347;Q544D4"
"Sh3d4","Sh3d4","Sorbs3","SORBS3","sorbin and SH3 domain containing 3","14","org.Mm.eg.db","Sh3d4","A0A2I3BS41;Q8K0M3;Q62423;Q9R1Z8"
"Shprh","Shprh","Shprh","SHPRH","SNF2 histone linker PHD RING helicase","10","org.Mm.eg.db","Shprh","Q7TPQ3;Q7TQ27;Q7TQ28;Q7TQ29;Q8BKE2;Q8BUW0;Q922Q3"
"Skiip","Skiip","Snw1","SNW1","SNW domain containing 1","12","org.Mm.eg.db","Skiip","A0A0B4J1E2;Q9CSN1"
"Slamf9","Slamf9","Slamf9","SLAMF9","SLAM family member 9","1","org.Mm.eg.db","Slamf9","A0A0R4J072;Q18PH6;Q8BTK0;Q8VE93;Q9D780"
"Slc11a1","Slc11a1","Slc11a1","SLC11A1","solute carrier family 11 (proton-coupled divalent metal ion transporters), member 1","1","org.Mm.eg.db","Slc11a1","A0A087WNR0;P41251;Q3TB84"
"Slc12a8","Slc12a8","Slc12a8","SLC12A8","solute carrier family 12 (potassium/chloride transporters), member 8","16","org.Mm.eg.db","Slc12a8","D3Z6X1;Q3TNQ9;Q8K0M9;Q8VI23;D3Z3V1"
"Slc13a1","Slc13a1","Slc13a1","SLC13A1","solute carrier family 13 (sodium/sulfate symporters), member 1","6","org.Mm.eg.db","Slc13a1","Q80YB5;Q8R208;Q9D2C3;Q9JHI4"
"Slc13a3","Slc13a3","Slc13a3","SLC13A3","solute carrier family 13 (sodium-dependent dicarboxylate transporter), member 3","2","org.Mm.eg.db","Slc13a3","A2A4U9;Q3UUJ6;Q91Y63"
"Slc16a2","Slc16a2","Slc16a2","SLC16A2","solute carrier family 16 (monocarboxylic acid transporters), member 2","X","org.Mm.eg.db","Slc16a2","O70324;Q05BA2;Q8K3S9;Q8K3S7"
"Slc2a9","Slc2a9","Slc2a9","SLC2A9","solute carrier family 2 (facilitated glucose transporter), member 9","5","org.Mm.eg.db","Slc2a9","B9EHN5;Q5ERC7;Q8BZR3;A0A0J9YUW8;B7ZNE4;D3Z1X2;D6REU9;Q3T9X0;Q7TSK9;Q7TSP0;Q99JJ2"
"Slc30a2","Slc30a2","Slc30a2","SLC30A2","solute carrier family 30 (zinc transporter), member 2","4","org.Mm.eg.db","Slc30a2","B2RWB6;D3Z5N0;Q2HJ10;D3Z5N1"
"Slc33a1","Slc33a1","Slc33a1","SLC33A1","solute carrier family 33 (acetyl-CoA transporter), member 1","3","org.Mm.eg.db","Slc33a1","Q99J27;Q9WTN1"
"Slc37a2","Slc37a2","Slc37a2","SLC37A2","solute carrier family 37 (glycerol-3-phosphate transporter), member 2",NA,"org.Mm.eg.db","Slc37a2","Q9WU81;Q571N8;Q6P4P0;Q8BV90;Q8C144;Q8R1Y0"
"Slc38a3","Slc38a3","Slc38a3","SLC38A3","solute carrier family 38, member 3","9","org.Mm.eg.db","Slc38a3","Q8BS53;Q9DCP2;Q9JLL8"
"Slc39a10","Slc39a10","Slc39a10","SLC39A10","solute carrier family 39 (zinc transporter), member 10","1","org.Mm.eg.db","Slc39a10","Q6P5F6;Q80TG2;Q8BX42;Q8C0L2"
"Slc39a14","Slc39a14","Slc39a14","SLC39A14","solute carrier family 39 (zinc transporter), member 14","14","org.Mm.eg.db","Slc39a14","A0A0R4J1V1;Q75N73;Q80U85;Q8VDL0"
"Slc41a3","Slc41a3","Slc41a3","SLC41A3","solute carrier family 41, member 3","6","org.Mm.eg.db","Slc41a3","Q921R8;Q9DC67;G3X937"
"Slc43a1","Slc43a1","Slc43a1","SLC43A1","solute carrier family 43, member 1","2","org.Mm.eg.db","Slc43a1","G3X8X3;A2ATS4;A2ATS3;Q8BSM7;Q9D0H7"
"Slc6a6","Slc6a6","Slc6a6","SLC6A6","solute carrier family 6 (neurotransmitter transporter, taurine), member 6","6","org.Mm.eg.db","Slc6a6","O35316;P31642;Q3UPI8;Q91WI2;Q8BRX2"
"Slc8a1","Slc8a1","Slc8a1","SLC8A1","solute carrier family 8 (sodium/calcium exchanger), member 1","17","org.Mm.eg.db","Slc8a1","G5E8Y0;Q68FL0;A0A3Q4EBU5;O35157;G3X9J1;P70414;Q27PY9;Q91ZJ7"
"Slc9a2","Slc9a2","Slc9a2","SLC9A2","solute carrier family 9 (sodium/hydrogen exchanger), member 2","1","org.Mm.eg.db","Slc9a2","Q3ZAS0"
"Smarca4","Smarca4","Smarca4","SMARCA4","SWI/SNF related, matrix associated, actin dependent regulator of chromatin, subfamily a, member 4","9","org.Mm.eg.db","Smarca4","A0A0R4J170;Q3TKT4;Q3TUD7;Q6AXG8;Q3UI73"
"Smc4l1","Smc4l1","Smc4","SMC4","structural maintenance of chromosomes 4","3","org.Mm.eg.db","Smc4l1","E9Q2X6;Q6P7V9;Q8BTS7;Q8BTY9;Q8CG47;Q99K21"
"Snrpa","Snrpa","Snrpa","SNRPA","small nuclear ribonucleoprotein polypeptide A","7","org.Mm.eg.db","Snrpa","Q52LA2;Q62189;Q9CXX7"
"Snrpg","Snrpg","Snrpg","SNRPG","small nuclear ribonucleoprotein polypeptide G","6","org.Mm.eg.db","Snrpg","P62309;Q52KC7"
"Snx10","Snx10","Snx10","SNX10","sorting nexin 10","6","org.Mm.eg.db","Snx10","Q3U6V6;Q3U746;Q3UBN7;Q4FJX6;Q8C1E0;Q9CWT3"
"Snx7","Snx7","Snx7","SNX7","sorting nexin 7","3","org.Mm.eg.db","Snx7","F6RSR4;F8WI30;Q5M8N3;Q9CY18"
"Solt","Solt","Cenpk","CENPK","centromere protein K","13","org.Mm.eg.db","Solt","Q3UXA9;Q569Q3;Q8C469;Q9ESN5;A0A0R4J037"
"Sorbs1","Sorbs1","Sorbs1","SORBS1","sorbin and SH3 domain containing 1","19","org.Mm.eg.db","Sorbs1","E9Q6A3;E9PYX6;E9QNA7;A0A286YCI8;Q62417;Q80TF8;Q8BZI3;Q8K3Y2;Q921F8;Q9Z0Z8;Q9Z0Z9;A0A286YCQ0;D3Z5J3;A0A286YDN0;A0A5F8MPJ2;A0A1L7NR63"
"Sorcs3","Sorcs3","Sorcs3","SORCS3","sortilin-related VPS10 domain containing receptor 3","19","org.Mm.eg.db","Sorcs3","Q1HL22;Q8VI51;Q9CTR4"
"Sox11","Sox11","Sox11","SOX11","SRY (sex determining region Y)-box 11","12","org.Mm.eg.db","Sox11","O35178;O89036;Q04889;Q6AZA6;Q7M6Y2;Q80XF0"
"Sp4","Sp4","Sp4","SP4","trans-acting transcription factor 4",NA,"org.Mm.eg.db","Sp4","K4DI62;Q6DFV2;A0A1Y7VJR5;E9QNI3;Q62445"
"Sparc","Sparc","Sparc","SPARC","secreted acidic cysteine rich glycoprotein","11","org.Mm.eg.db","Sparc","Q3TXI6;Q5NCU4;P07214;Q5NCU5"
"Spic","Spic","Spic","SPIC","Spi-C transcription factor (Spi-1/PU.1 related)","10","org.Mm.eg.db","Spic","Q3U064;Q3U0G6;Q3U1E9;Q6P3D7;Q9Z0Y0"
"Spint1","Spint1","Spint1","SPINT1","serine protease inhibitor, Kunitz type 1","2","org.Mm.eg.db","Spint1","Q99J04;Q9D3K4;Q9R097"
"Spred2","Spred2","Spred2","SPRED2","sprouty-related EVH1 domain containing 2","11","org.Mm.eg.db","Spred2","Q5SRF8;Q924S7;A0AAQ4VMS6"
"Sprrl3","Sprrl3","Lce1a1","","late cornified envelope 1A1","3","org.Mm.eg.db","Sprrl3","Q9CQH5"
"Spry1","Spry1","Spry1","SPRY1","sprouty RTK signaling antagonist 1","3","org.Mm.eg.db","Spry1","Q53ZU1;Q9QXV9"
"Spry2","Spry2","Spry2","SPRY2","sprouty RTK signaling antagonist 2","14","org.Mm.eg.db","Spry2","B2RS85;Q9QXV8;Q9WUQ9"
"Srrm2","Srrm2","Srrm2","SRRM2","serine/arginine repetitive matrix 2","17","org.Mm.eg.db","Srrm2","E9QNB0;Q3TBY5;Q569P9;Q80U37;Q8BTI8;Q8K383"
"SST3","SST3","Sstr3","SSTR3","somatostatin receptor 3","15","org.Mm.eg.db","SST3","P30935;Q0VB04;Q3UVV5"
"Ssxb2","Ssxb2","Ssxb2","","SSX member B2","X","org.Mm.eg.db","Ssxb2","Q8C5Z3;Q80ZT4"
"Stab2","Stab2","Stab2","STAB2","stabilin 2","10","org.Mm.eg.db","Stab2","E5RKF9;Q0PNF1;Q8BM87;Q8R4U0;E5RKG4;E5RKG3"
"Stard4","Stard4","Stard4","STARD4","StAR related lipid transfer domain containing 4","18","org.Mm.eg.db","Stard4","D3YW30;Q80SX0;Q99JV5;D3YW24"
"Stat4","Stat4","Stat4","STAT4","signal transducer and activator of transcription 4","1","org.Mm.eg.db","Stat4","P42228;Q3V157"
"Stk10","Stk10","Stk10","STK10","serine/threonine kinase 10","11","org.Mm.eg.db","Stk10","A1A553;B1ATW8;O55098"
"Sulf1","Sulf1","Sulf1","SULF1","sulfatase 1","1","org.Mm.eg.db","Sulf1","A0A0R4J2D2;Q6ZPZ0;Q8BLJ0;Q8C1D3;Q8K007"
"Synpo2","Synpo2","Synpo2","SYNPO2","synaptopodin 2","3","org.Mm.eg.db","Synpo2","B2RY03;Q8C592;Q91YE8;A0A498WGE8;E9Q1U2"
"Tagln","Tagln","Tagln","TAGLN","transgelin","9","org.Mm.eg.db","Tagln","P37804;Q545W0"
"Tapbp","Tapbp","Tapbp","TAPBP","TAP binding protein","17","org.Mm.eg.db","Tapbp","A0A068BIS1;Q3TCU5;Q9D679;O70317;Q3U9A3;Q91YE0;Q91YE1;Q9QWT7;Q9R233;Q9Z1W3"
"Tbx15","Tbx15","Tbx15","TBX15","T-box 15","3","org.Mm.eg.db","Tbx15","O54840;O70306;Q5GBG1"
"Tbx21","Tbx21","Tbx21","TBX21","T-box 21","11","org.Mm.eg.db","Tbx21","Q3U150;Q9JKD8;Q9R0A6"
"Tbx6","Tbx6","Tbx6","TBX6","T-box 6","7","org.Mm.eg.db","Tbx6","B2RU37;P70327;Q5SDA2"
"Tceb1","Tceb1","Eloc","ELOC","elongin C","1","org.Mm.eg.db","Tceb1","A0A087WNT1;A0A087WQE6;P83940;Q63182"
"Tcf1","Tcf1","Hnf1a;Tcf7","HNF1A","HNF1 homeobox A; transcription factor 7, T cell specific","5;11","org.Mm.eg.db","Tcf1","E9QP86;P22361;Q66JY7;A0A5K1VVQ7;Q00417;B7ZNN3;Q80UF1"
"Tcf7l2","Tcf7l2","Tcf7l2","TCF7L2","transcription factor 7 like 2, T cell specific, HMG box","19","org.Mm.eg.db","Tcf7l2","E9QQ91;O70574;Q8C834;Q91XP2;Q91XP3;Q91XP4;Q924A0;Q924A1;Q9Z0V3;Q9Z0V4;F6WPX2;E9Q990;Q8BS68;A0A0R4J1G0;E9QQ90;D3YWT3;Q8CAI6;F6XQR1;F6WBK9"
"Tcfec","Tcfec","Tfec","TFEC","transcription factor EC","6","org.Mm.eg.db","Tcfec","Q3TWR7;Q9WTW4"
"Tcof1","Tcof1","Tcof1","TCOF1","treacle ribosome biogenesis factor 1","18","org.Mm.eg.db","Tcof1","H3BL37;Q7TPZ2;O08784;O08857;Q05BH6"
"Tek","Tek","Tek","TEK","TEK receptor tyrosine kinase","4","org.Mm.eg.db","Tek","Q02858;Q80YS4;B1AWS8"
"Tenc1","Tenc1","Tns2","TNS2","tensin 2","15","org.Mm.eg.db","Tenc1","A0A2R8VHQ0;Q3TZ93;Q3UGR8;Q8CGB6;Q8CJ95;Q8R122"
"Tfap4","Tfap4","Tfap4","TFAP4","transcription factor AP4","16","org.Mm.eg.db","Tfap4","Q8BWA4;Q9JIZ5"
"Tff2","Tff2","Tff2","TFF2","trefoil factor 2 (spasmolytic protein 1)","17","org.Mm.eg.db","Tff2","O08913;Q03404;Q9QX97"
"Tfpi","Tfpi","Tfpi","TFPI","tissue factor pathway inhibitor","2","org.Mm.eg.db","Tfpi","Q8BSB7;Q8CI80;A2ARA0;O54819;Q9Z2U8;A2ARA3"
"Tgfb1i1","Tgfb1i1","Tgfb1i1","TGFB1I1","transforming growth factor beta 1 induced transcript 1","7","org.Mm.eg.db","Tgfb1i1","E9Q1D5;Q3YBY7;Q3YBY8;Q3YBZ0;Q3YBZ1;Q3YBZ3;Q3YBZ4;Q3YBZ5;Q3YBZ6;Q62219"
"Tgfb3","Tgfb3","Tgfb3","TGFB3","transforming growth factor, beta 3","12","org.Mm.eg.db","Tgfb3","Q3UFN7;Q91YU7"
"Tgm5","Tgm5","Tgm5","TGM5","transglutaminase 5","2","org.Mm.eg.db","Tgm5","A2AQ62;Q14B90;Q14B91;Q3V1F9;Q9D7I9"
"Th","Th","Th","TH","tyrosine hydroxylase","7","org.Mm.eg.db","Th","P24529"
"Thbd","Thbd","Thbd","THBD","thrombomodulin","2","org.Mm.eg.db","Thbd","P15306;Q543W3;Q8BJB5"
"Thrap3","Thrap3","Thrap3","THRAP3","thyroid hormone receptor associated protein 3","4","org.Mm.eg.db","Thrap3","Q569Z6"
"Thrsp","Thrsp","Thrsp","THRSP","thyroid hormone responsive","7","org.Mm.eg.db","Thrsp","Q543J4;Q62264"
"Tlr2","Tlr2","Tlr2","TLR2","toll-like receptor 2","3","org.Mm.eg.db","Tlr2","G3X8Y8;Q3U400;Q9DBC4;Q9QUN7"
"Tlr4","Tlr4","Tlr4","TLR4","toll-like receptor 4","4","org.Mm.eg.db","Tlr4","L0CL36;Q3U4D4;Q9D691;Q9QUK6;Q9QZF5;Q9Z203;V9PC11"
"Tm4sf10","Tm4sf10","Tmem47","TMEM47","transmembrane protein 47","X","org.Mm.eg.db","Tm4sf10","B1AUN5;Q3TS34;Q3UZL4;Q8C0H5;Q9JJG6"
"Tmc1","Tmc1","Tmc1","TMC1","transmembrane channel-like gene family 1","19","org.Mm.eg.db","Tmc1","A0A6S6MPY2;Q7TQB2;Q8R4P5;Q9D435"
"Tmem16b","Tmem16b","Ano2","ANO2","anoctamin 2","6","org.Mm.eg.db","Tmem16b","M1GTU4;M1H0B0;M1GNA0;M1GRW0;C4N788;Q8C8N6;Q8CFW1"
"Tmem5","Tmem5","Rxylt1","RXYLT1","ribitol xylosyltransferase 1","10","org.Mm.eg.db","Tmem5","Q8BVJ1;Q8R566;Q8VDX6"
"Tmod3","Tmod3","Tmod3","TMOD3","tropomodulin 3","9","org.Mm.eg.db","Tmod3","Q8C3Z3;Q3TFA9;Q3TIT1;Q9JHJ0"
"Tnfaip2","Tnfaip2","Tnfaip2","TNFAIP2","tumor necrosis factor, alpha-induced protein 2","12","org.Mm.eg.db","Tnfaip2","D3Z4L9;Q3T9B0;Q3TCH9;Q61333;Q922G1"
"Tnfrsf21","Tnfrsf21","Tnfrsf21","TNFRSF21","tumor necrosis factor receptor superfamily, member 21","17","org.Mm.eg.db","Tnfrsf21","Q3UYG3;Q543Y9;Q8BZU6;Q91W77;Q91XH9;Q9EPU5"
"Tnip1","Tnip1","Tnip1","TNIP1","TNFAIP3 interacting protein 1","11","org.Mm.eg.db","Tnip1","E9QM75;Q922A9;Q922F7;Q9EPP8;Q9R0X3;Q9WUU8;D3Z2W0"
"Tnnc2","Tnnc2","Tnnc2","TNNC2","troponin C2, fast","2","org.Mm.eg.db","Tnnc2","P20801;Q3UZY7"
"Tnni1","Tnni1","Tnni1","TNNI1","troponin I, skeletal, slow 1","1","org.Mm.eg.db","Tnni1","F6QC77;Q9WUZ5"
"Tnnt3","Tnnt3","Tnnt3","TNNT3","troponin T3, skeletal, fast","7","org.Mm.eg.db","Tnnt3","A2A6H7;A2A6H8;A2A6H9;A2A6I1;A2A6I2;A2A6I4;A2A6I6;A2A6I7;A2A6I9;O35575;O35576;O35577;O35578;O35579;O35580;O35581;O35582;O35583;O35584;O35585;P97456;Q99L89;Q9QZ46;Q9QZ47;Z4YNB2;A0A0R4J1B0;Z4YKG8;Z4YKH8;Z4YJU0;A2A6H6;Z4YKF8;A2A6J0;Z4YKG3;A0A0R4J1A8;A2A6J1;A2A6I0;A2A6I3;A2A6I8;A2A6I5;A0A0R4J1B1;Z4YKD9"
"Topbp1","Topbp1","Topbp1","TOPBP1","topoisomerase (DNA) II binding protein 1","9","org.Mm.eg.db","Topbp1","Q6P6P0;Q6ZQF0;Q80Y33;Q8BUI0;Q8BUK1;Q8R348;Q91VX3;Q922X8"
"Tor1b","Tor1b","Tor1b","TOR1B","torsin family 1, member B","2","org.Mm.eg.db","Tor1b","Q8VEI4;Q9ER41"
"Tpcn2","Tpcn2","Tpcn2","TPCN2","two pore segment channel 2","7","org.Mm.eg.db","Tpcn2","B2RUK7;Q6NSV0;Q8BTJ7;Q8BWC0;Q8R396;Q80UQ1;Q8BLY6"
"Tpd52","Tpd52","Tpd52","TPD52","tumor protein D52","3","org.Mm.eg.db","Tpd52","F8WHQ1;Q545M5;Q62393;Q8CCU1;Q8K564;Q99KP8;D3Z125;E9PUA7;D3Z7X7;D3Z637"
"Trdn","Trdn","Trdn","TRDN","triadin","10","org.Mm.eg.db","Trdn","A0A1W2P8G7;E9Q9K5;Q8VIN7;Q8VIN8;Q8VIN9;Q9CV36"
"Trim12","Trim12","Trim12a","","tripartite motif-containing 12A","7","org.Mm.eg.db","Trim12","Q504P5;Q99PQ1;Q9D704;A0A0R4J1B5;D3YVI1"
"Trim16","Trim16","Trim16","TRIM16","tripartite motif-containing 16","11","org.Mm.eg.db","Trim16","Q5SVT2;Q7TPY6;Q8C332;Q8C6V0;Q99PP9"
"Trim30","Trim30","Trim30a","","tripartite motif-containing 30A","7","org.Mm.eg.db","Trim30","P15533;Q3UV85;Q3UZ29;Q99K55;Q99PQ7;Q99PQ8;Q99PQ9;Q3UUN0"
"Trim34","Trim34","Trim34a","TRIM6-TRIM34","tripartite motif-containing 34A","7","org.Mm.eg.db","Trim34","E9PYZ4;F8VPK2;Q3TAH7;Q99PP4;Q99PP5;Q99PP6"
"Tsc2","Tsc2","Tsc2","TSC2","TSC complex subunit 2","17","org.Mm.eg.db","Tsc2","Q3TCQ7;Q7TT21;Q3UG88;Q3UHB2;A0A2I3BPP1;A0A2I3BRT5;P97723;P97724;P97725;P97727;Q61007;Q61008;Q61037;Q9WUF6"
"Tshr","Tshr","Tshr","TSHR","thyroid stimulating hormone receptor","12","org.Mm.eg.db","Tshr","Q78U67;P47750;Q562E4;Q9D697"
"Ttid","Ttid","Myot","MYOT","myotilin","18","org.Mm.eg.db","Ttid","A0A509;Q9JIF9"
"Ttk","Ttk","Ttk","TTK","Ttk protein kinase","9","org.Mm.eg.db","Ttk","Q8BY97;Q3TPW2;Q6PD96"
"Ttl","Ttl","Ttl","TTL","tubulin tyrosine ligase","2","org.Mm.eg.db","Ttl","P38585;Q8R1L7;Q8VEG2"
"Ube2d3","Ube2d3","Ube2d3","UBE2D3","ubiquitin-conjugating enzyme E2D 3","3","org.Mm.eg.db","Ube2d3","P61079;Q3U5V6;Q4QQL2;Q9D1S1;A0A494BA56;A0A0G2JGL0"
"Ube2g1","Ube2g1","Ube2g1","UBE2G1","ubiquitin-conjugating enzyme E2G 1","11","org.Mm.eg.db","Ube2g1","P62254;Q4VAA6;Q5F239"
"Ucp3","Ucp3","Ucp3","UCP3","uncoupling protein 3 (mitochondrial, proton carrier)","7","org.Mm.eg.db","Ucp3","B2RTM2;O88293;P56501"
"Unc13c","Unc13c","Unc13c","UNC13C","unc-13 homolog C","9","org.Mm.eg.db","Unc13c","Q8K0T7"
"Uox","Uox","Uox","UOX","urate oxidase","3","org.Mm.eg.db","Uox","P25688;Q543J0;Q8C7K4"
"Upa","Upa","Plau","PLAU","plasminogen activator, urokinase","14","org.Mm.eg.db","Upa","P06869;Q0VBA8"
"Upp1","Upp1","Upp1","UPP1","uridine phosphorylase 1","11","org.Mm.eg.db","Upp1","P52624;Q5SUC8;Q8JZX0"
"Ush1c","Ush1c","Ush1c","USH1C","USH1 protein network component harmonin","7","org.Mm.eg.db","Ush1c","E9PYX1;Q6XA19;D6RIM8;A0A0R4J0Z8;H3BLC4;E9QMN1;Q91XD1;Q9CVG7;Q9ES64;Q9ES65;H3BIZ2"
"V1re5","V1re5","Vmn1r225;Vmn1r231","","vomeronasal 1 receptor 225; vomeronasal 1 receptor 231","17","org.Mm.eg.db","V1re5","Q8R2A5;F6MBK3;F6MBK8;F6MBL1;Q8R2A3"
"V2r2","V2r2","Vmn2r122","","vomeronasal 2, receptor, 122","4","org.Mm.eg.db","V2r2","A0A3Q4EIC8;O35190"
"Vegfb","Vegfb","Vegfb","VEGFB","vascular endothelial growth factor B","19","org.Mm.eg.db","Vegfb","P49766;Q3UG04;Q5D0B1;Q64290"
"Vil","Vil","Vil1","VIL1","villin 1","1","org.Mm.eg.db","Vil","Q149B6;Q62468;Q8CEJ4;Q91WH4"
"Vwf","Vwf","Vwf","VWF","Von Willebrand factor","6","org.Mm.eg.db","Vwf","E9QPU1;Q2I0J8"
"Waspip","Waspip","Wipf1","WIPF1","WAS/WASL interacting protein family, member 1","2","org.Mm.eg.db","Waspip","Q3U0U8;Q8K1I7"
"Wbp2","Wbp2","Wbp2","WBP2","WW domain binding protein 2","11","org.Mm.eg.db","Wbp2","P97765;Q544A1;A2A860;Q3TRG5"
"Wdr6","Wdr6","Wdr6","WDR6","WD repeat domain 6","9","org.Mm.eg.db","Wdr6","Q3TEZ2;Q99ME2"
"Wnt6","Wnt6","Wnt6","WNT6","wingless-type MMTV integration site family, member 6","1","org.Mm.eg.db","Wnt6","P22727;Q80ZM9"
"Ybx2","Ybx2","Ybx2","YBX2","Y box protein 2","11","org.Mm.eg.db","Ybx2","A0A0A0MQD2;B2RUF0;Q5NCW8;Q5NCW9;Q9Z2C7;Q9Z2C8"
"Yes","Yes","Yes1","YES1","YES proto-oncogene 1, Src family tyrosine kinase","5","org.Mm.eg.db","Yes","Q04736;Q3TJI7;Q8C762;Q8CBP1"
"Zan","Zan","Zan","ZAN","zonadhesin","5","org.Mm.eg.db","Zan","E9PWQ7;Q99ND0"
"Zbtb7","Zbtb7","Zbtb7a","ZBTB7A","zinc finger and BTB domain containing 7a","10","org.Mm.eg.db","Zbtb7","B2RRP7;B7ZNL6;B7ZWA9;O88939;Q3U372;Q9CRJ0"
"Zdhhc6","Zdhhc6","Zdhhc6","ZDHHC6","zinc finger, DHHC domain containing 6","19","org.Mm.eg.db","Zdhhc6","Q3U3I8;Q3UT70;Q544H1;Q9CPV7"
"Zf","Zf","Crebzf","CREBZF","CREB/ATF bZIP transcription factor","7","org.Mm.eg.db","Zf","Q91Y72;Q91ZR3"
"Zfp216","Zfp216","Zfand5","ZFAND5","zinc finger, AN1-type domain 5","19","org.Mm.eg.db","Zfp216","O88878;Q3B7K8"
"Zfp261","Zfp261","Zmym3","ZMYM3","zinc finger, MYM-type 3","X","org.Mm.eg.db","Zfp261","B1AXS6;B1AXS8;B0R077;Q8CG95;Q32P02;B1AXS5;Q80U17;Q9JLM4;B1AXS7"
"Zfp294","Zfp294","Ltn1","LTN1","listerin E3 ubiquitin protein ligase 1","16","org.Mm.eg.db","Zfp294","E9QN94;Q6A009;Q6PIW6;Q8BZ44"
"Zfp369","Zfp369","Zfp369","ZNF274","zinc finger protein 369","13","org.Mm.eg.db","Zfp369","F8VQL6;Q8BJF0;Q8K1Y8;Q921B4"
"Zfp40","Zfp40","Zfp40","","zinc finger protein 40","17","org.Mm.eg.db","Zfp40","B1B1D3;G3UVW7"
"Zfp51","Zfp51","Zfp51","ZNF761","zinc finger protein 51","17","org.Mm.eg.db","Zfp51","Q3U4L8"
"Zfp606","Zfp606","Zfp606","ZNF606","zinc finger protein 606","7","org.Mm.eg.db","Zfp606","Q2TAX9;Q69Z88;Q7TSV0"
"Zfp609","Zfp609","Zfp609","ZNF609","zinc finger protein 609","9","org.Mm.eg.db","Zfp609","B2RWS7;Q05DD7;Q6PD47;Q6ZQE3;Q8BZ47"
"Zfp617","Zfp617","Zfp617","ZNF878","zinc finger protein 617","8","org.Mm.eg.db","Zfp617","Q91WM0"
"Zfpm1","Zfpm1","Zfpm1","ZFPM1","zinc finger protein, multitype 1","8","org.Mm.eg.db","Zfpm1","O35615"
"Zfpm2","Zfpm2","Zfpm2","ZFPM2","zinc finger protein, multitype 2","15","org.Mm.eg.db","Zfpm2","A5HE91;Q8CCH7;Q9Z0F2"
